candidate_id	final_rank	top10_rank	pdb_path	vhh_chain	chain_identity_proxy	mapped_sequence_fraction	free_vhh_sasa_a2	bound_vhh_sasa_a2	binding_buried_sasa_a2	largest_hydrophobic_patch_residues	largest_hydrophobic_patch_free_sasa_a2	largest_positive_patch_residues	largest_positive_patch_free_sasa_a2	largest_negative_patch_residues	largest_negative_patch_free_sasa_a2	c_terminal_target_min_distance_a	c_terminal_target_contact_4p5a
P1MCPUFP__CPUFP500K_0288__00659	1	1	/data/qlyu/projects/pvrig_top7500_dualpanel_screen_v1_20260724/run/qc397_top20_plus_top10_fusion_developability_v2_20260726/fusion_panel_common4_bundle/representative_complexes/R01__P1MCPUFP__CPUFP500K_0288__00659__8x6b__s1931.pdb	A	1.000000	1.000000	6452.687174	5794.838804	657.848371	14	894.830370	3	331.942565	3	249.443022	36.672740	False
P1MCPUFP__CPUFP500K_0288__00659	1	1	/data/qlyu/projects/pvrig_top7500_dualpanel_screen_v1_20260724/run/qc397_top20_plus_top10_fusion_developability_v2_20260726/fusion_panel_common4_bundle/representative_complexes/R01__P1MCPUFP__CPUFP500K_0288__00659__8x6b__s3047.pdb	A	1.000000	1.000000	6407.193813	5652.819359	754.374454	21	1239.868664	6	489.467571	3	257.647061	35.106576	False
P1MCPUFP__CPUFP500K_0288__00659	1	1	/data/qlyu/projects/pvrig_top7500_dualpanel_screen_v1_20260724/run/qc397_top20_plus_top10_fusion_developability_v2_20260726/fusion_panel_common4_bundle/representative_complexes/R01__P1MCPUFP__CPUFP500K_0288__00659__8x6b__s42.pdb	A	1.000000	1.000000	6486.167106	5655.604318	830.562788	14	896.676663	4	249.505456	3	253.394685	35.019465	False
P1MCPUFP__CPUFP500K_0288__00659	1	1	/data/qlyu/projects/pvrig_top7500_dualpanel_screen_v1_20260724/run/qc397_top20_plus_top10_fusion_developability_v2_20260726/fusion_panel_common4_bundle/representative_complexes/R01__P1MCPUFP__CPUFP500K_0288__00659__8x6b__s917.pdb	A	1.000000	1.000000	6468.500506	5680.990669	787.509837	15	919.878205	3	303.616751	3	258.064076	35.077989	False
P1MCPUFP__CPUFP500K_0288__00659	1	1	/data/qlyu/projects/pvrig_top7500_dualpanel_screen_v1_20260724/run/qc397_top20_plus_top10_fusion_developability_v2_20260726/fusion_panel_common4_bundle/representative_complexes/R01__P1MCPUFP__CPUFP500K_0288__00659__9e6y__s1931.pdb	A	1.000000	1.000000	6524.481070	5784.633926	739.847143	12	640.259473	6	486.488000	3	279.947154	36.277898	False
P1MCPUFP__CPUFP500K_0288__00659	1	1	/data/qlyu/projects/pvrig_top7500_dualpanel_screen_v1_20260724/run/qc397_top20_plus_top10_fusion_developability_v2_20260726/fusion_panel_common4_bundle/representative_complexes/R01__P1MCPUFP__CPUFP500K_0288__00659__9e6y__s3047.pdb	A	1.000000	1.000000	6520.567902	5816.181821	704.386081	6	320.871906	3	308.456144	3	246.197506	38.851761	False
P1MCPUFP__CPUFP500K_0288__00659	1	1	/data/qlyu/projects/pvrig_top7500_dualpanel_screen_v1_20260724/run/qc397_top20_plus_top10_fusion_developability_v2_20260726/fusion_panel_common4_bundle/representative_complexes/R01__P1MCPUFP__CPUFP500K_0288__00659__9e6y__s42.pdb	A	1.000000	1.000000	6460.879799	5811.268286	649.611513	8	531.845896	3	317.347375	3	269.829466	35.247747	False
P1MCPUFP__CPUFP500K_0288__00659	1	1	/data/qlyu/projects/pvrig_top7500_dualpanel_screen_v1_20260724/run/qc397_top20_plus_top10_fusion_developability_v2_20260726/fusion_panel_common4_bundle/representative_complexes/R01__P1MCPUFP__CPUFP500K_0288__00659__9e6y__s917.pdb	A	1.000000	1.000000	6480.688734	5755.080818	725.607917	15	907.626852	3	291.587530	3	232.752473	35.078105	False
NODE1GEN_112448_source_rfantibody_source_id_PVRIG_RFAb_v2_P5_qkg_L_bb355_mpn01_arm_P5_qkg_L_backbone_P5_qkg_L_bb355_status_NEEDS_RF2_AND_DOCKING	2	2	/data/qlyu/projects/pvrig_top7500_dualpanel_screen_v1_20260724/run/qc397_top20_plus_top10_fusion_developability_v2_20260726/fusion_panel_common4_bundle/representative_complexes/R02__NODE1GEN_112448__8x6b__s1931.pdb	A	1.000000	1.000000	6012.923390	5277.471251	735.452139	19	1045.579107	5	365.870865	1	142.299654	31.490279	False
NODE1GEN_112448_source_rfantibody_source_id_PVRIG_RFAb_v2_P5_qkg_L_bb355_mpn01_arm_P5_qkg_L_backbone_P5_qkg_L_bb355_status_NEEDS_RF2_AND_DOCKING	2	2	/data/qlyu/projects/pvrig_top7500_dualpanel_screen_v1_20260724/run/qc397_top20_plus_top10_fusion_developability_v2_20260726/fusion_panel_common4_bundle/representative_complexes/R02__NODE1GEN_112448__8x6b__s3047.pdb	A	1.000000	1.000000	6169.980801	5425.311774	744.669027	12	623.603796	5	367.123313	2	159.269448	34.663013	False
NODE1GEN_112448_source_rfantibody_source_id_PVRIG_RFAb_v2_P5_qkg_L_bb355_mpn01_arm_P5_qkg_L_backbone_P5_qkg_L_bb355_status_NEEDS_RF2_AND_DOCKING	2	2	/data/qlyu/projects/pvrig_top7500_dualpanel_screen_v1_20260724/run/qc397_top20_plus_top10_fusion_developability_v2_20260726/fusion_panel_common4_bundle/representative_complexes/R02__NODE1GEN_112448__8x6b__s42.pdb	A	1.000000	1.000000	6011.880863	5230.735160	781.145704	9	474.416975	5	348.945011	2	167.273242	35.704060	False
NODE1GEN_112448_source_rfantibody_source_id_PVRIG_RFAb_v2_P5_qkg_L_bb355_mpn01_arm_P5_qkg_L_backbone_P5_qkg_L_bb355_status_NEEDS_RF2_AND_DOCKING	2	2	/data/qlyu/projects/pvrig_top7500_dualpanel_screen_v1_20260724/run/qc397_top20_plus_top10_fusion_developability_v2_20260726/fusion_panel_common4_bundle/representative_complexes/R02__NODE1GEN_112448__8x6b__s917.pdb	A	1.000000	1.000000	6125.092783	5373.968600	751.124183	13	640.186400	5	364.491936	2	163.891778	33.685681	False
NODE1GEN_112448_source_rfantibody_source_id_PVRIG_RFAb_v2_P5_qkg_L_bb355_mpn01_arm_P5_qkg_L_backbone_P5_qkg_L_bb355_status_NEEDS_RF2_AND_DOCKING	2	2	/data/qlyu/projects/pvrig_top7500_dualpanel_screen_v1_20260724/run/qc397_top20_plus_top10_fusion_developability_v2_20260726/fusion_panel_common4_bundle/representative_complexes/R02__NODE1GEN_112448__9e6y__s1931.pdb	A	1.000000	1.000000	6128.814209	5309.256231	819.557978	9	471.459291	5	371.925531	2	161.652116	35.197328	False
NODE1GEN_112448_source_rfantibody_source_id_PVRIG_RFAb_v2_P5_qkg_L_bb355_mpn01_arm_P5_qkg_L_backbone_P5_qkg_L_bb355_status_NEEDS_RF2_AND_DOCKING	2	2	/data/qlyu/projects/pvrig_top7500_dualpanel_screen_v1_20260724/run/qc397_top20_plus_top10_fusion_developability_v2_20260726/fusion_panel_common4_bundle/representative_complexes/R02__NODE1GEN_112448__9e6y__s3047.pdb	A	1.000000	1.000000	6126.961319	5410.583171	716.378148	12	636.995002	5	363.936858	2	168.832059	33.638296	False
NODE1GEN_112448_source_rfantibody_source_id_PVRIG_RFAb_v2_P5_qkg_L_bb355_mpn01_arm_P5_qkg_L_backbone_P5_qkg_L_bb355_status_NEEDS_RF2_AND_DOCKING	2	2	/data/qlyu/projects/pvrig_top7500_dualpanel_screen_v1_20260724/run/qc397_top20_plus_top10_fusion_developability_v2_20260726/fusion_panel_common4_bundle/representative_complexes/R02__NODE1GEN_112448__9e6y__s42.pdb	A	1.000000	1.000000	6222.685228	5479.566975	743.118253	21	1207.023020	5	366.119574	2	176.429016	32.659493	False
NODE1GEN_112448_source_rfantibody_source_id_PVRIG_RFAb_v2_P5_qkg_L_bb355_mpn01_arm_P5_qkg_L_backbone_P5_qkg_L_bb355_status_NEEDS_RF2_AND_DOCKING	2	2	/data/qlyu/projects/pvrig_top7500_dualpanel_screen_v1_20260724/run/qc397_top20_plus_top10_fusion_developability_v2_20260726/fusion_panel_common4_bundle/representative_complexes/R02__NODE1GEN_112448__9e6y__s917.pdb	A	1.000000	1.000000	6067.512751	5373.538579	693.974173	16	941.007342	5	355.912707	2	169.619027	34.040948	False
NODE1GEN_229102_source_fixed_pose_mpnn_source_id_P500K__FIXED_POSE_MPNN__2F90E7DCCA05F9E4	3	3	/data/qlyu/projects/pvrig_top7500_dualpanel_screen_v1_20260724/run/qc397_top20_plus_top10_fusion_developability_v2_20260726/fusion_panel_common4_bundle/representative_complexes/R03__NODE1GEN_229102_source_fixed_pose_mpnn_source_id_P500K__FIXED_POSE_MPNN__2F90E7DCCA05F9E4__8x6b__s1931.pdb	A	1.000000	1.000000	6306.655957	5543.634709	763.021248	14	700.472285	3	246.657058	3	192.925561	37.089738	False
NODE1GEN_229102_source_fixed_pose_mpnn_source_id_P500K__FIXED_POSE_MPNN__2F90E7DCCA05F9E4	3	3	/data/qlyu/projects/pvrig_top7500_dualpanel_screen_v1_20260724/run/qc397_top20_plus_top10_fusion_developability_v2_20260726/fusion_panel_common4_bundle/representative_complexes/R03__NODE1GEN_229102_source_fixed_pose_mpnn_source_id_P500K__FIXED_POSE_MPNN__2F90E7DCCA05F9E4__8x6b__s3047.pdb	A	1.000000	1.000000	6277.988736	5476.787817	801.200919	14	714.587168	3	234.780728	2	111.063678	33.702621	False
NODE1GEN_229102_source_fixed_pose_mpnn_source_id_P500K__FIXED_POSE_MPNN__2F90E7DCCA05F9E4	3	3	/data/qlyu/projects/pvrig_top7500_dualpanel_screen_v1_20260724/run/qc397_top20_plus_top10_fusion_developability_v2_20260726/fusion_panel_common4_bundle/representative_complexes/R03__NODE1GEN_229102_source_fixed_pose_mpnn_source_id_P500K__FIXED_POSE_MPNN__2F90E7DCCA05F9E4__8x6b__s42.pdb	A	1.000000	1.000000	6332.813758	5567.069126	765.744632	14	743.356407	3	248.114694	3	199.930559	36.550285	False
NODE1GEN_229102_source_fixed_pose_mpnn_source_id_P500K__FIXED_POSE_MPNN__2F90E7DCCA05F9E4	3	3	/data/qlyu/projects/pvrig_top7500_dualpanel_screen_v1_20260724/run/qc397_top20_plus_top10_fusion_developability_v2_20260726/fusion_panel_common4_bundle/representative_complexes/R03__NODE1GEN_229102_source_fixed_pose_mpnn_source_id_P500K__FIXED_POSE_MPNN__2F90E7DCCA05F9E4__8x6b__s917.pdb	A	1.000000	1.000000	6332.524292	5497.747958	834.776334	14	714.656283	3	245.885210	2	114.565967	34.141897	False
NODE1GEN_229102_source_fixed_pose_mpnn_source_id_P500K__FIXED_POSE_MPNN__2F90E7DCCA05F9E4	3	3	/data/qlyu/projects/pvrig_top7500_dualpanel_screen_v1_20260724/run/qc397_top20_plus_top10_fusion_developability_v2_20260726/fusion_panel_common4_bundle/representative_complexes/R03__NODE1GEN_229102_source_fixed_pose_mpnn_source_id_P500K__FIXED_POSE_MPNN__2F90E7DCCA05F9E4__9e6y__s1931.pdb	A	1.000000	1.000000	6324.865571	5553.942170	770.923401	14	733.151781	3	242.826640	3	196.191142	37.154850	False
NODE1GEN_229102_source_fixed_pose_mpnn_source_id_P500K__FIXED_POSE_MPNN__2F90E7DCCA05F9E4	3	3	/data/qlyu/projects/pvrig_top7500_dualpanel_screen_v1_20260724/run/qc397_top20_plus_top10_fusion_developability_v2_20260726/fusion_panel_common4_bundle/representative_complexes/R03__NODE1GEN_229102_source_fixed_pose_mpnn_source_id_P500K__FIXED_POSE_MPNN__2F90E7DCCA05F9E4__9e6y__s3047.pdb	A	1.000000	1.000000	6397.228430	5693.479589	703.748841	14	727.286470	6	431.958036	3	197.690896	37.137479	False
NODE1GEN_229102_source_fixed_pose_mpnn_source_id_P500K__FIXED_POSE_MPNN__2F90E7DCCA05F9E4	3	3	/data/qlyu/projects/pvrig_top7500_dualpanel_screen_v1_20260724/run/qc397_top20_plus_top10_fusion_developability_v2_20260726/fusion_panel_common4_bundle/representative_complexes/R03__NODE1GEN_229102_source_fixed_pose_mpnn_source_id_P500K__FIXED_POSE_MPNN__2F90E7DCCA05F9E4__9e6y__s42.pdb	A	1.000000	1.000000	6338.398128	5572.771620	765.626508	12	694.743800	2	153.081160	3	199.249713	36.829782	False
NODE1GEN_229102_source_fixed_pose_mpnn_source_id_P500K__FIXED_POSE_MPNN__2F90E7DCCA05F9E4	3	3	/data/qlyu/projects/pvrig_top7500_dualpanel_screen_v1_20260724/run/qc397_top20_plus_top10_fusion_developability_v2_20260726/fusion_panel_common4_bundle/representative_complexes/R03__NODE1GEN_229102_source_fixed_pose_mpnn_source_id_P500K__FIXED_POSE_MPNN__2F90E7DCCA05F9E4__9e6y__s917.pdb	A	1.000000	1.000000	6352.489805	5614.961743	737.528062	21	1054.215702	3	248.494827	2	119.378364	35.947050	False
P1MCPUFP__CPUFP500K_0188__00519	4	4	/data/qlyu/projects/pvrig_top7500_dualpanel_screen_v1_20260724/run/qc397_top20_plus_top10_fusion_developability_v2_20260726/fusion_panel_common4_bundle/representative_complexes/R04__P1MCPUFP__CPUFP500K_0188__00519__8x6b__s1931.pdb	A	1.000000	1.000000	6366.221413	5611.194617	755.026795	11	557.455782	3	251.474397	4	273.057746	30.970966	False
P1MCPUFP__CPUFP500K_0188__00519	4	4	/data/qlyu/projects/pvrig_top7500_dualpanel_screen_v1_20260724/run/qc397_top20_plus_top10_fusion_developability_v2_20260726/fusion_panel_common4_bundle/representative_complexes/R04__P1MCPUFP__CPUFP500K_0188__00519__8x6b__s3047.pdb	A	1.000000	1.000000	6370.379436	5611.351006	759.028431	11	619.663967	3	263.619501	5	290.387734	37.947928	False
P1MCPUFP__CPUFP500K_0188__00519	4	4	/data/qlyu/projects/pvrig_top7500_dualpanel_screen_v1_20260724/run/qc397_top20_plus_top10_fusion_developability_v2_20260726/fusion_panel_common4_bundle/representative_complexes/R04__P1MCPUFP__CPUFP500K_0188__00519__8x6b__s42.pdb	A	1.000000	1.000000	6609.826392	5892.383936	717.442456	11	561.808103	3	248.822662	5	370.419619	36.803504	False
P1MCPUFP__CPUFP500K_0188__00519	4	4	/data/qlyu/projects/pvrig_top7500_dualpanel_screen_v1_20260724/run/qc397_top20_plus_top10_fusion_developability_v2_20260726/fusion_panel_common4_bundle/representative_complexes/R04__P1MCPUFP__CPUFP500K_0188__00519__8x6b__s917.pdb	A	1.000000	1.000000	6537.946313	5804.537968	733.408345	11	554.576157	3	253.291808	4	325.101705	37.738122	False
P1MCPUFP__CPUFP500K_0188__00519	4	4	/data/qlyu/projects/pvrig_top7500_dualpanel_screen_v1_20260724/run/qc397_top20_plus_top10_fusion_developability_v2_20260726/fusion_panel_common4_bundle/representative_complexes/R04__P1MCPUFP__CPUFP500K_0188__00519__9e6y__s1931.pdb	A	1.000000	1.000000	6367.298707	5537.410628	829.888079	11	518.453433	6	424.261029	4	268.445595	30.038968	False
P1MCPUFP__CPUFP500K_0188__00519	4	4	/data/qlyu/projects/pvrig_top7500_dualpanel_screen_v1_20260724/run/qc397_top20_plus_top10_fusion_developability_v2_20260726/fusion_panel_common4_bundle/representative_complexes/R04__P1MCPUFP__CPUFP500K_0188__00519__9e6y__s3047.pdb	A	1.000000	1.000000	6621.812322	5854.472285	767.340037	11	557.515075	3	255.891246	4	303.371811	31.986056	False
P1MCPUFP__CPUFP500K_0188__00519	4	4	/data/qlyu/projects/pvrig_top7500_dualpanel_screen_v1_20260724/run/qc397_top20_plus_top10_fusion_developability_v2_20260726/fusion_panel_common4_bundle/representative_complexes/R04__P1MCPUFP__CPUFP500K_0188__00519__9e6y__s42.pdb	A	1.000000	1.000000	6480.600811	5625.881018	854.719793	12	533.407812	3	246.429816	4	302.668786	28.715816	False
P1MCPUFP__CPUFP500K_0188__00519	4	4	/data/qlyu/projects/pvrig_top7500_dualpanel_screen_v1_20260724/run/qc397_top20_plus_top10_fusion_developability_v2_20260726/fusion_panel_common4_bundle/representative_complexes/R04__P1MCPUFP__CPUFP500K_0188__00519__9e6y__s917.pdb	A	1.000000	1.000000	6536.387957	5745.615031	790.772926	11	543.711210	3	243.645255	4	271.652114	32.063565	False
P1MCPUFP__CPUFP500K_0100__00092	5	5	/data/qlyu/projects/pvrig_top7500_dualpanel_screen_v1_20260724/run/qc397_top20_plus_top10_fusion_developability_v2_20260726/fusion_panel_common4_bundle/representative_complexes/R05__P1MCPUFP__CPUFP500K_0100__00092__8x6b__s1931.pdb	A	1.000000	1.000000	6689.054678	5805.338341	883.716337	9	429.928358	3	232.250531	2	154.405760	35.588086	False
P1MCPUFP__CPUFP500K_0100__00092	5	5	/data/qlyu/projects/pvrig_top7500_dualpanel_screen_v1_20260724/run/qc397_top20_plus_top10_fusion_developability_v2_20260726/fusion_panel_common4_bundle/representative_complexes/R05__P1MCPUFP__CPUFP500K_0100__00092__8x6b__s3047.pdb	A	1.000000	1.000000	6757.651731	5906.088694	851.563037	13	702.694983	3	234.833443	2	169.409609	36.883123	False
P1MCPUFP__CPUFP500K_0100__00092	5	5	/data/qlyu/projects/pvrig_top7500_dualpanel_screen_v1_20260724/run/qc397_top20_plus_top10_fusion_developability_v2_20260726/fusion_panel_common4_bundle/representative_complexes/R05__P1MCPUFP__CPUFP500K_0100__00092__8x6b__s42.pdb	A	1.000000	1.000000	6705.348716	5821.878429	883.470288	11	637.502411	3	227.606440	2	156.191525	36.943482	False
P1MCPUFP__CPUFP500K_0100__00092	5	5	/data/qlyu/projects/pvrig_top7500_dualpanel_screen_v1_20260724/run/qc397_top20_plus_top10_fusion_developability_v2_20260726/fusion_panel_common4_bundle/representative_complexes/R05__P1MCPUFP__CPUFP500K_0100__00092__8x6b__s917.pdb	A	1.000000	1.000000	6654.369548	5871.366660	783.002887	19	1051.778161	3	234.500372	2	161.775769	37.517176	False
P1MCPUFP__CPUFP500K_0100__00092	5	5	/data/qlyu/projects/pvrig_top7500_dualpanel_screen_v1_20260724/run/qc397_top20_plus_top10_fusion_developability_v2_20260726/fusion_panel_common4_bundle/representative_complexes/R05__P1MCPUFP__CPUFP500K_0100__00092__9e6y__s1931.pdb	A	1.000000	1.000000	6710.124544	5863.034779	847.089765	12	685.954420	3	230.395944	2	162.880688	36.943309	False
P1MCPUFP__CPUFP500K_0100__00092	5	5	/data/qlyu/projects/pvrig_top7500_dualpanel_screen_v1_20260724/run/qc397_top20_plus_top10_fusion_developability_v2_20260726/fusion_panel_common4_bundle/representative_complexes/R05__P1MCPUFP__CPUFP500K_0100__00092__9e6y__s3047.pdb	A	1.000000	1.000000	6619.473972	5754.527897	864.946075	21	1134.990342	3	228.679001	2	170.053573	37.501172	False
P1MCPUFP__CPUFP500K_0100__00092	5	5	/data/qlyu/projects/pvrig_top7500_dualpanel_screen_v1_20260724/run/qc397_top20_plus_top10_fusion_developability_v2_20260726/fusion_panel_common4_bundle/representative_complexes/R05__P1MCPUFP__CPUFP500K_0100__00092__9e6y__s42.pdb	A	1.000000	1.000000	6718.734833	5770.807735	947.927098	13	679.356489	3	232.477479	2	156.418474	34.747932	False
P1MCPUFP__CPUFP500K_0100__00092	5	5	/data/qlyu/projects/pvrig_top7500_dualpanel_screen_v1_20260724/run/qc397_top20_plus_top10_fusion_developability_v2_20260726/fusion_panel_common4_bundle/representative_complexes/R05__P1MCPUFP__CPUFP500K_0100__00092__9e6y__s917.pdb	A	1.000000	1.000000	6657.304654	5903.216126	754.088527	13	688.614700	3	235.097274	2	158.431188	37.827230	False
NODE1GEN_181778_source_fixed_pose_mpnn_source_id_P500K__FIXED_POSE_MPNN__8EDA6734F7A8BD2C	6	6	/data/qlyu/projects/pvrig_top7500_dualpanel_screen_v1_20260724/run/qc397_top20_plus_top10_fusion_developability_v2_20260726/fusion_panel_common4_bundle/representative_complexes/R06__NODE1GEN_181778_source_fixed_pose_mpnn_source_id_P500K__FIXED_POSE_MPNN__8EDA6734F7A8BD2C__8x6b__s1931.pdb	A	1.000000	1.000000	6555.986280	5690.658292	865.327988	12	624.269248	3	240.232564	3	259.874722	34.006956	False
NODE1GEN_181778_source_fixed_pose_mpnn_source_id_P500K__FIXED_POSE_MPNN__8EDA6734F7A8BD2C	6	6	/data/qlyu/projects/pvrig_top7500_dualpanel_screen_v1_20260724/run/qc397_top20_plus_top10_fusion_developability_v2_20260726/fusion_panel_common4_bundle/representative_complexes/R06__NODE1GEN_181778_source_fixed_pose_mpnn_source_id_P500K__FIXED_POSE_MPNN__8EDA6734F7A8BD2C__8x6b__s3047.pdb	A	1.000000	1.000000	6535.350352	5717.893366	817.456985	13	780.858478	3	240.454276	3	239.096564	33.572808	False
NODE1GEN_181778_source_fixed_pose_mpnn_source_id_P500K__FIXED_POSE_MPNN__8EDA6734F7A8BD2C	6	6	/data/qlyu/projects/pvrig_top7500_dualpanel_screen_v1_20260724/run/qc397_top20_plus_top10_fusion_developability_v2_20260726/fusion_panel_common4_bundle/representative_complexes/R06__NODE1GEN_181778_source_fixed_pose_mpnn_source_id_P500K__FIXED_POSE_MPNN__8EDA6734F7A8BD2C__8x6b__s42.pdb	A	1.000000	1.000000	6664.559094	5975.969003	688.590090	13	758.742755	3	229.623803	3	268.948668	27.354177	False
NODE1GEN_181778_source_fixed_pose_mpnn_source_id_P500K__FIXED_POSE_MPNN__8EDA6734F7A8BD2C	6	6	/data/qlyu/projects/pvrig_top7500_dualpanel_screen_v1_20260724/run/qc397_top20_plus_top10_fusion_developability_v2_20260726/fusion_panel_common4_bundle/representative_complexes/R06__NODE1GEN_181778_source_fixed_pose_mpnn_source_id_P500K__FIXED_POSE_MPNN__8EDA6734F7A8BD2C__8x6b__s917.pdb	A	1.000000	1.000000	6706.490664	5864.578328	841.912336	11	668.673189	3	238.404680	3	252.874668	35.363526	False
NODE1GEN_181778_source_fixed_pose_mpnn_source_id_P500K__FIXED_POSE_MPNN__8EDA6734F7A8BD2C	6	6	/data/qlyu/projects/pvrig_top7500_dualpanel_screen_v1_20260724/run/qc397_top20_plus_top10_fusion_developability_v2_20260726/fusion_panel_common4_bundle/representative_complexes/R06__NODE1GEN_181778_source_fixed_pose_mpnn_source_id_P500K__FIXED_POSE_MPNN__8EDA6734F7A8BD2C__9e6y__s1931.pdb	A	1.000000	1.000000	6587.267034	5818.408121	768.858914	12	751.398340	3	240.042204	3	245.852433	38.071614	False
NODE1GEN_181778_source_fixed_pose_mpnn_source_id_P500K__FIXED_POSE_MPNN__8EDA6734F7A8BD2C	6	6	/data/qlyu/projects/pvrig_top7500_dualpanel_screen_v1_20260724/run/qc397_top20_plus_top10_fusion_developability_v2_20260726/fusion_panel_common4_bundle/representative_complexes/R06__NODE1GEN_181778_source_fixed_pose_mpnn_source_id_P500K__FIXED_POSE_MPNN__8EDA6734F7A8BD2C__9e6y__s3047.pdb	A	1.000000	1.000000	6426.421847	5672.345656	754.076191	14	741.672828	3	247.121260	3	256.865328	29.385750	False
NODE1GEN_181778_source_fixed_pose_mpnn_source_id_P500K__FIXED_POSE_MPNN__8EDA6734F7A8BD2C	6	6	/data/qlyu/projects/pvrig_top7500_dualpanel_screen_v1_20260724/run/qc397_top20_plus_top10_fusion_developability_v2_20260726/fusion_panel_common4_bundle/representative_complexes/R06__NODE1GEN_181778_source_fixed_pose_mpnn_source_id_P500K__FIXED_POSE_MPNN__8EDA6734F7A8BD2C__9e6y__s42.pdb	A	1.000000	1.000000	6565.012390	5791.529073	773.483317	15	794.176988	6	448.060751	3	258.895572	27.064692	False
NODE1GEN_181778_source_fixed_pose_mpnn_source_id_P500K__FIXED_POSE_MPNN__8EDA6734F7A8BD2C	6	6	/data/qlyu/projects/pvrig_top7500_dualpanel_screen_v1_20260724/run/qc397_top20_plus_top10_fusion_developability_v2_20260726/fusion_panel_common4_bundle/representative_complexes/R06__NODE1GEN_181778_source_fixed_pose_mpnn_source_id_P500K__FIXED_POSE_MPNN__8EDA6734F7A8BD2C__9e6y__s917.pdb	A	1.000000	1.000000	6657.058667	5744.241066	912.817601	13	822.034433	3	245.456739	3	264.551172	34.839290	False
NODE1GEN_154595_source_fixed_pose_mpnn_source_id_P500K__FIXED_POSE_MPNN__9B999365EA60CCE9	7	7	/data/qlyu/projects/pvrig_top7500_dualpanel_screen_v1_20260724/run/qc397_top20_plus_top10_fusion_developability_v2_20260726/fusion_panel_common4_bundle/representative_complexes/R07__NODE1GEN_154595_source_fixed_pose_mpnn_source_id_P500K__FIXED_POSE_MPNN__9B999365EA60CCE9__8x6b__s1931.pdb	A	1.000000	1.000000	6583.855432	5788.890742	794.964690	11	620.046403	3	253.544769	2	238.654667	33.117974	False
NODE1GEN_154595_source_fixed_pose_mpnn_source_id_P500K__FIXED_POSE_MPNN__9B999365EA60CCE9	7	7	/data/qlyu/projects/pvrig_top7500_dualpanel_screen_v1_20260724/run/qc397_top20_plus_top10_fusion_developability_v2_20260726/fusion_panel_common4_bundle/representative_complexes/R07__NODE1GEN_154595_source_fixed_pose_mpnn_source_id_P500K__FIXED_POSE_MPNN__9B999365EA60CCE9__8x6b__s3047.pdb	A	1.000000	1.000000	6567.947915	5782.719251	785.228664	16	878.416847	3	253.951606	2	141.261441	32.683709	False
NODE1GEN_154595_source_fixed_pose_mpnn_source_id_P500K__FIXED_POSE_MPNN__9B999365EA60CCE9	7	7	/data/qlyu/projects/pvrig_top7500_dualpanel_screen_v1_20260724/run/qc397_top20_plus_top10_fusion_developability_v2_20260726/fusion_panel_common4_bundle/representative_complexes/R07__NODE1GEN_154595_source_fixed_pose_mpnn_source_id_P500K__FIXED_POSE_MPNN__9B999365EA60CCE9__8x6b__s42.pdb	A	1.000000	1.000000	6579.981199	5741.169112	838.812087	15	876.262175	3	247.506628	2	130.509969	32.631839	False
NODE1GEN_154595_source_fixed_pose_mpnn_source_id_P500K__FIXED_POSE_MPNN__9B999365EA60CCE9	7	7	/data/qlyu/projects/pvrig_top7500_dualpanel_screen_v1_20260724/run/qc397_top20_plus_top10_fusion_developability_v2_20260726/fusion_panel_common4_bundle/representative_complexes/R07__NODE1GEN_154595_source_fixed_pose_mpnn_source_id_P500K__FIXED_POSE_MPNN__9B999365EA60CCE9__8x6b__s917.pdb	A	1.000000	1.000000	6623.371348	5839.329431	784.041917	11	637.066966	3	245.937633	2	251.064021	32.894870	False
NODE1GEN_154595_source_fixed_pose_mpnn_source_id_P500K__FIXED_POSE_MPNN__9B999365EA60CCE9	7	7	/data/qlyu/projects/pvrig_top7500_dualpanel_screen_v1_20260724/run/qc397_top20_plus_top10_fusion_developability_v2_20260726/fusion_panel_common4_bundle/representative_complexes/R07__NODE1GEN_154595_source_fixed_pose_mpnn_source_id_P500K__FIXED_POSE_MPNN__9B999365EA60CCE9__9e6y__s1931.pdb	A	1.000000	1.000000	6628.485254	5819.681869	808.803385	21	1134.086108	3	237.854839	2	253.954705	32.503697	False
NODE1GEN_154595_source_fixed_pose_mpnn_source_id_P500K__FIXED_POSE_MPNN__9B999365EA60CCE9	7	7	/data/qlyu/projects/pvrig_top7500_dualpanel_screen_v1_20260724/run/qc397_top20_plus_top10_fusion_developability_v2_20260726/fusion_panel_common4_bundle/representative_complexes/R07__NODE1GEN_154595_source_fixed_pose_mpnn_source_id_P500K__FIXED_POSE_MPNN__9B999365EA60CCE9__9e6y__s3047.pdb	A	1.000000	1.000000	6613.631427	5786.646787	826.984640	16	898.834938	3	242.509108	2	133.627602	32.321111	False
NODE1GEN_154595_source_fixed_pose_mpnn_source_id_P500K__FIXED_POSE_MPNN__9B999365EA60CCE9	7	7	/data/qlyu/projects/pvrig_top7500_dualpanel_screen_v1_20260724/run/qc397_top20_plus_top10_fusion_developability_v2_20260726/fusion_panel_common4_bundle/representative_complexes/R07__NODE1GEN_154595_source_fixed_pose_mpnn_source_id_P500K__FIXED_POSE_MPNN__9B999365EA60CCE9__9e6y__s42.pdb	A	1.000000	1.000000	6645.020042	5841.384180	803.635863	15	869.644431	3	235.018274	2	133.891433	32.079657	False
NODE1GEN_154595_source_fixed_pose_mpnn_source_id_P500K__FIXED_POSE_MPNN__9B999365EA60CCE9	7	7	/data/qlyu/projects/pvrig_top7500_dualpanel_screen_v1_20260724/run/qc397_top20_plus_top10_fusion_developability_v2_20260726/fusion_panel_common4_bundle/representative_complexes/R07__NODE1GEN_154595_source_fixed_pose_mpnn_source_id_P500K__FIXED_POSE_MPNN__9B999365EA60CCE9__9e6y__s917.pdb	A	1.000000	1.000000	6712.881774	5906.278048	806.603725	26	1419.679982	3	246.798660	2	264.311929	34.699417	False
NODE1GEN_256613_source_fixed_pose_mpnn_source_id_P500K__FIXED_POSE_MPNN__0A1B353F72DFABBD	8		/data/qlyu/projects/pvrig_top7500_dualpanel_screen_v1_20260724/run/qc397_top20_plus_top10_fusion_developability_v2_20260726/fusion_panel_common4_bundle/representative_complexes/R08__NODE1GEN_256613_source_fixed_pose_mpnn_source_id_P500K__FIXED_POSE_MPNN__0A1B353F72DFABBD__8x6b__s1931.pdb	A	1.000000	1.000000	6276.494071	5356.514288	919.979783	6	468.949159	3	211.487745	2	195.241522	29.089281	False
NODE1GEN_256613_source_fixed_pose_mpnn_source_id_P500K__FIXED_POSE_MPNN__0A1B353F72DFABBD	8		/data/qlyu/projects/pvrig_top7500_dualpanel_screen_v1_20260724/run/qc397_top20_plus_top10_fusion_developability_v2_20260726/fusion_panel_common4_bundle/representative_complexes/R08__NODE1GEN_256613_source_fixed_pose_mpnn_source_id_P500K__FIXED_POSE_MPNN__0A1B353F72DFABBD__8x6b__s3047.pdb	A	1.000000	1.000000	6274.120640	5285.384169	988.736470	5	204.172400	3	378.251086	2	198.813052	30.095283	False
NODE1GEN_256613_source_fixed_pose_mpnn_source_id_P500K__FIXED_POSE_MPNN__0A1B353F72DFABBD	8		/data/qlyu/projects/pvrig_top7500_dualpanel_screen_v1_20260724/run/qc397_top20_plus_top10_fusion_developability_v2_20260726/fusion_panel_common4_bundle/representative_complexes/R08__NODE1GEN_256613_source_fixed_pose_mpnn_source_id_P500K__FIXED_POSE_MPNN__0A1B353F72DFABBD__8x6b__s42.pdb	A	1.000000	1.000000	6199.107219	5254.903223	944.203997	6	464.010701	3	400.117513	2	172.685243	27.200245	False
NODE1GEN_256613_source_fixed_pose_mpnn_source_id_P500K__FIXED_POSE_MPNN__0A1B353F72DFABBD	8		/data/qlyu/projects/pvrig_top7500_dualpanel_screen_v1_20260724/run/qc397_top20_plus_top10_fusion_developability_v2_20260726/fusion_panel_common4_bundle/representative_complexes/R08__NODE1GEN_256613_source_fixed_pose_mpnn_source_id_P500K__FIXED_POSE_MPNN__0A1B353F72DFABBD__8x6b__s917.pdb	A	1.000000	1.000000	6341.431796	5445.570690	895.861106	9	553.537127	3	397.317830	2	194.644619	28.881291	False
NODE1GEN_256613_source_fixed_pose_mpnn_source_id_P500K__FIXED_POSE_MPNN__0A1B353F72DFABBD	8		/data/qlyu/projects/pvrig_top7500_dualpanel_screen_v1_20260724/run/qc397_top20_plus_top10_fusion_developability_v2_20260726/fusion_panel_common4_bundle/representative_complexes/R08__NODE1GEN_256613_source_fixed_pose_mpnn_source_id_P500K__FIXED_POSE_MPNN__0A1B353F72DFABBD__9e6y__s1931.pdb	A	1.000000	1.000000	6252.071309	5283.632815	968.438494	7	240.110063	3	407.429151	3	255.457161	27.437692	False
NODE1GEN_256613_source_fixed_pose_mpnn_source_id_P500K__FIXED_POSE_MPNN__0A1B353F72DFABBD	8		/data/qlyu/projects/pvrig_top7500_dualpanel_screen_v1_20260724/run/qc397_top20_plus_top10_fusion_developability_v2_20260726/fusion_panel_common4_bundle/representative_complexes/R08__NODE1GEN_256613_source_fixed_pose_mpnn_source_id_P500K__FIXED_POSE_MPNN__0A1B353F72DFABBD__9e6y__s3047.pdb	A	1.000000	1.000000	6369.879379	5352.317015	1017.562363	6	439.054517	3	400.059268	2	188.471118	29.317443	False
NODE1GEN_256613_source_fixed_pose_mpnn_source_id_P500K__FIXED_POSE_MPNN__0A1B353F72DFABBD	8		/data/qlyu/projects/pvrig_top7500_dualpanel_screen_v1_20260724/run/qc397_top20_plus_top10_fusion_developability_v2_20260726/fusion_panel_common4_bundle/representative_complexes/R08__NODE1GEN_256613_source_fixed_pose_mpnn_source_id_P500K__FIXED_POSE_MPNN__0A1B353F72DFABBD__9e6y__s42.pdb	A	1.000000	1.000000	6293.663273	5358.021268	935.642005	6	471.706723	3	390.872434	2	185.639495	28.552700	False
NODE1GEN_256613_source_fixed_pose_mpnn_source_id_P500K__FIXED_POSE_MPNN__0A1B353F72DFABBD	8		/data/qlyu/projects/pvrig_top7500_dualpanel_screen_v1_20260724/run/qc397_top20_plus_top10_fusion_developability_v2_20260726/fusion_panel_common4_bundle/representative_complexes/R08__NODE1GEN_256613_source_fixed_pose_mpnn_source_id_P500K__FIXED_POSE_MPNN__0A1B353F72DFABBD__9e6y__s917.pdb	A	1.000000	1.000000	6226.312385	5292.859505	933.452880	8	509.963279	6	420.352197	2	188.673185	28.306281	False
NODE1GEN_183154_source_fixed_pose_mpnn_source_id_P500K__FIXED_POSE_MPNN__E25C2338B83B903C	9		/data/qlyu/projects/pvrig_top7500_dualpanel_screen_v1_20260724/run/qc397_top20_plus_top10_fusion_developability_v2_20260726/fusion_panel_common4_bundle/representative_complexes/R09__NODE1GEN_183154_source_fixed_pose_mpnn_source_id_P500K__FIXED_POSE_MPNN__E25C2338B83B903C__8x6b__s1931.pdb	A	1.000000	1.000000	6337.823300	5436.340859	901.482441	10	486.433148	3	237.035930	2	182.238093	30.249549	False
NODE1GEN_183154_source_fixed_pose_mpnn_source_id_P500K__FIXED_POSE_MPNN__E25C2338B83B903C	9		/data/qlyu/projects/pvrig_top7500_dualpanel_screen_v1_20260724/run/qc397_top20_plus_top10_fusion_developability_v2_20260726/fusion_panel_common4_bundle/representative_complexes/R09__NODE1GEN_183154_source_fixed_pose_mpnn_source_id_P500K__FIXED_POSE_MPNN__E25C2338B83B903C__8x6b__s3047.pdb	A	1.000000	1.000000	6433.554037	5554.134980	879.419057	10	499.327396	6	475.574715	2	254.438427	25.953070	False
NODE1GEN_183154_source_fixed_pose_mpnn_source_id_P500K__FIXED_POSE_MPNN__E25C2338B83B903C	9		/data/qlyu/projects/pvrig_top7500_dualpanel_screen_v1_20260724/run/qc397_top20_plus_top10_fusion_developability_v2_20260726/fusion_panel_common4_bundle/representative_complexes/R09__NODE1GEN_183154_source_fixed_pose_mpnn_source_id_P500K__FIXED_POSE_MPNN__E25C2338B83B903C__8x6b__s42.pdb	A	1.000000	1.000000	6386.167426	5627.798772	758.368654	11	507.828441	3	229.550039	2	182.095088	32.345784	False
NODE1GEN_183154_source_fixed_pose_mpnn_source_id_P500K__FIXED_POSE_MPNN__E25C2338B83B903C	9		/data/qlyu/projects/pvrig_top7500_dualpanel_screen_v1_20260724/run/qc397_top20_plus_top10_fusion_developability_v2_20260726/fusion_panel_common4_bundle/representative_complexes/R09__NODE1GEN_183154_source_fixed_pose_mpnn_source_id_P500K__FIXED_POSE_MPNN__E25C2338B83B903C__8x6b__s917.pdb	A	1.000000	1.000000	6357.387087	5504.654896	852.732191	7	310.516798	3	218.472553	2	169.426846	29.975468	False
NODE1GEN_183154_source_fixed_pose_mpnn_source_id_P500K__FIXED_POSE_MPNN__E25C2338B83B903C	9		/data/qlyu/projects/pvrig_top7500_dualpanel_screen_v1_20260724/run/qc397_top20_plus_top10_fusion_developability_v2_20260726/fusion_panel_common4_bundle/representative_complexes/R09__NODE1GEN_183154_source_fixed_pose_mpnn_source_id_P500K__FIXED_POSE_MPNN__E25C2338B83B903C__9e6y__s1931.pdb	A	1.000000	1.000000	6451.383748	5477.577571	973.806177	10	441.096468	3	224.071918	2	180.526093	28.801166	False
NODE1GEN_183154_source_fixed_pose_mpnn_source_id_P500K__FIXED_POSE_MPNN__E25C2338B83B903C	9		/data/qlyu/projects/pvrig_top7500_dualpanel_screen_v1_20260724/run/qc397_top20_plus_top10_fusion_developability_v2_20260726/fusion_panel_common4_bundle/representative_complexes/R09__NODE1GEN_183154_source_fixed_pose_mpnn_source_id_P500K__FIXED_POSE_MPNN__E25C2338B83B903C__9e6y__s3047.pdb	A	1.000000	1.000000	6456.874477	5543.783642	913.090836	15	800.231298	3	242.250220	2	250.025809	31.824981	False
NODE1GEN_183154_source_fixed_pose_mpnn_source_id_P500K__FIXED_POSE_MPNN__E25C2338B83B903C	9		/data/qlyu/projects/pvrig_top7500_dualpanel_screen_v1_20260724/run/qc397_top20_plus_top10_fusion_developability_v2_20260726/fusion_panel_common4_bundle/representative_complexes/R09__NODE1GEN_183154_source_fixed_pose_mpnn_source_id_P500K__FIXED_POSE_MPNN__E25C2338B83B903C__9e6y__s42.pdb	A	1.000000	1.000000	6314.343581	5428.341065	886.002516	6	310.384558	6	442.387328	2	234.114165	28.723895	False
NODE1GEN_183154_source_fixed_pose_mpnn_source_id_P500K__FIXED_POSE_MPNN__E25C2338B83B903C	9		/data/qlyu/projects/pvrig_top7500_dualpanel_screen_v1_20260724/run/qc397_top20_plus_top10_fusion_developability_v2_20260726/fusion_panel_common4_bundle/representative_complexes/R09__NODE1GEN_183154_source_fixed_pose_mpnn_source_id_P500K__FIXED_POSE_MPNN__E25C2338B83B903C__9e6y__s917.pdb	A	1.000000	1.000000	6370.858404	5527.777709	843.080695	11	493.322493	6	449.313911	2	174.044233	32.038420	False
P1MCPUFP__CPUFP500K_0188__00282	10		/data/qlyu/projects/pvrig_top7500_dualpanel_screen_v1_20260724/run/qc397_top20_plus_top10_fusion_developability_v2_20260726/fusion_panel_common4_bundle/representative_complexes/R10__P1MCPUFP__CPUFP500K_0188__00282__8x6b__s1931.pdb	A	1.000000	1.000000	6338.310059	5625.845539	712.464519	15	728.273265	4	363.494082	2	191.450688	36.927487	False
P1MCPUFP__CPUFP500K_0188__00282	10		/data/qlyu/projects/pvrig_top7500_dualpanel_screen_v1_20260724/run/qc397_top20_plus_top10_fusion_developability_v2_20260726/fusion_panel_common4_bundle/representative_complexes/R10__P1MCPUFP__CPUFP500K_0188__00282__8x6b__s3047.pdb	A	1.000000	1.000000	6184.835906	5461.105301	723.730606	6	379.909972	4	333.506575	2	201.822447	35.092625	False
P1MCPUFP__CPUFP500K_0188__00282	10		/data/qlyu/projects/pvrig_top7500_dualpanel_screen_v1_20260724/run/qc397_top20_plus_top10_fusion_developability_v2_20260726/fusion_panel_common4_bundle/representative_complexes/R10__P1MCPUFP__CPUFP500K_0188__00282__8x6b__s42.pdb	A	1.000000	1.000000	6304.013396	5558.480955	745.532442	6	354.310830	4	369.431169	4	331.510680	32.853071	False
P1MCPUFP__CPUFP500K_0188__00282	10		/data/qlyu/projects/pvrig_top7500_dualpanel_screen_v1_20260724/run/qc397_top20_plus_top10_fusion_developability_v2_20260726/fusion_panel_common4_bundle/representative_complexes/R10__P1MCPUFP__CPUFP500K_0188__00282__8x6b__s917.pdb	A	1.000000	1.000000	6308.929256	5395.605125	913.324130	9	488.307611	4	404.684970	4	294.626162	35.621118	False
P1MCPUFP__CPUFP500K_0188__00282	10		/data/qlyu/projects/pvrig_top7500_dualpanel_screen_v1_20260724/run/qc397_top20_plus_top10_fusion_developability_v2_20260726/fusion_panel_common4_bundle/representative_complexes/R10__P1MCPUFP__CPUFP500K_0188__00282__9e6y__s1931.pdb	A	1.000000	1.000000	6163.928335	5440.774274	723.154060	8	489.863788	4	343.502725	2	196.812926	36.608816	False
P1MCPUFP__CPUFP500K_0188__00282	10		/data/qlyu/projects/pvrig_top7500_dualpanel_screen_v1_20260724/run/qc397_top20_plus_top10_fusion_developability_v2_20260726/fusion_panel_common4_bundle/representative_complexes/R10__P1MCPUFP__CPUFP500K_0188__00282__9e6y__s3047.pdb	A	1.000000	1.000000	6357.890998	5535.979402	821.911596	7	402.791846	4	404.225836	2	201.647083	37.259713	False
P1MCPUFP__CPUFP500K_0188__00282	10		/data/qlyu/projects/pvrig_top7500_dualpanel_screen_v1_20260724/run/qc397_top20_plus_top10_fusion_developability_v2_20260726/fusion_panel_common4_bundle/representative_complexes/R10__P1MCPUFP__CPUFP500K_0188__00282__9e6y__s42.pdb	A	1.000000	1.000000	6304.682409	5521.592290	783.090119	8	484.758323	4	388.608142	2	202.905186	36.310477	False
P1MCPUFP__CPUFP500K_0188__00282	10		/data/qlyu/projects/pvrig_top7500_dualpanel_screen_v1_20260724/run/qc397_top20_plus_top10_fusion_developability_v2_20260726/fusion_panel_common4_bundle/representative_complexes/R10__P1MCPUFP__CPUFP500K_0188__00282__9e6y__s917.pdb	A	1.000000	1.000000	6302.819591	5395.529245	907.290346	8	449.240733	4	373.589004	2	200.347574	36.704976	False
NODE1GEN_191476_source_fixed_pose_mpnn_source_id_P500K__FIXED_POSE_MPNN__310934EF4B70CA47	11		/data/qlyu/projects/pvrig_top7500_dualpanel_screen_v1_20260724/run/qc397_top20_plus_top10_fusion_developability_v2_20260726/fusion_panel_common4_bundle/representative_complexes/R11__NODE1GEN_191476_source_fixed_pose_mpnn_source_id_P500K__FIXED_POSE_MPNN__310934EF4B70CA47__8x6b__s1931.pdb	A	1.000000	1.000000	6575.314573	5734.883623	840.430950	12	643.024577	3	226.274111	2	178.439614	33.315933	False
NODE1GEN_191476_source_fixed_pose_mpnn_source_id_P500K__FIXED_POSE_MPNN__310934EF4B70CA47	11		/data/qlyu/projects/pvrig_top7500_dualpanel_screen_v1_20260724/run/qc397_top20_plus_top10_fusion_developability_v2_20260726/fusion_panel_common4_bundle/representative_complexes/R11__NODE1GEN_191476_source_fixed_pose_mpnn_source_id_P500K__FIXED_POSE_MPNN__310934EF4B70CA47__8x6b__s3047.pdb	A	1.000000	1.000000	6707.469228	5830.492026	876.977202	15	781.568101	6	428.255229	2	173.082319	33.700998	False
NODE1GEN_191476_source_fixed_pose_mpnn_source_id_P500K__FIXED_POSE_MPNN__310934EF4B70CA47	11		/data/qlyu/projects/pvrig_top7500_dualpanel_screen_v1_20260724/run/qc397_top20_plus_top10_fusion_developability_v2_20260726/fusion_panel_common4_bundle/representative_complexes/R11__NODE1GEN_191476_source_fixed_pose_mpnn_source_id_P500K__FIXED_POSE_MPNN__310934EF4B70CA47__8x6b__s42.pdb	A	1.000000	1.000000	6655.990484	5766.372853	889.617630	16	774.615107	3	228.847139	2	174.725079	31.398106	False
NODE1GEN_191476_source_fixed_pose_mpnn_source_id_P500K__FIXED_POSE_MPNN__310934EF4B70CA47	11		/data/qlyu/projects/pvrig_top7500_dualpanel_screen_v1_20260724/run/qc397_top20_plus_top10_fusion_developability_v2_20260726/fusion_panel_common4_bundle/representative_complexes/R11__NODE1GEN_191476_source_fixed_pose_mpnn_source_id_P500K__FIXED_POSE_MPNN__310934EF4B70CA47__8x6b__s917.pdb	A	1.000000	1.000000	6619.326422	5765.768097	853.558325	8	336.148885	3	217.594415	2	173.817284	30.811903	False
NODE1GEN_191476_source_fixed_pose_mpnn_source_id_P500K__FIXED_POSE_MPNN__310934EF4B70CA47	11		/data/qlyu/projects/pvrig_top7500_dualpanel_screen_v1_20260724/run/qc397_top20_plus_top10_fusion_developability_v2_20260726/fusion_panel_common4_bundle/representative_complexes/R11__NODE1GEN_191476_source_fixed_pose_mpnn_source_id_P500K__FIXED_POSE_MPNN__310934EF4B70CA47__9e6y__s1931.pdb	A	1.000000	1.000000	6617.455750	5809.836997	807.618753	7	307.333820	3	225.423557	2	173.082319	33.570701	False
NODE1GEN_191476_source_fixed_pose_mpnn_source_id_P500K__FIXED_POSE_MPNN__310934EF4B70CA47	11		/data/qlyu/projects/pvrig_top7500_dualpanel_screen_v1_20260724/run/qc397_top20_plus_top10_fusion_developability_v2_20260726/fusion_panel_common4_bundle/representative_complexes/R11__NODE1GEN_191476_source_fixed_pose_mpnn_source_id_P500K__FIXED_POSE_MPNN__310934EF4B70CA47__9e6y__s3047.pdb	A	1.000000	1.000000	6680.106564	5817.129744	862.976820	10	412.399067	3	217.283523	2	179.401528	32.956667	False
NODE1GEN_191476_source_fixed_pose_mpnn_source_id_P500K__FIXED_POSE_MPNN__310934EF4B70CA47	11		/data/qlyu/projects/pvrig_top7500_dualpanel_screen_v1_20260724/run/qc397_top20_plus_top10_fusion_developability_v2_20260726/fusion_panel_common4_bundle/representative_complexes/R11__NODE1GEN_191476_source_fixed_pose_mpnn_source_id_P500K__FIXED_POSE_MPNN__310934EF4B70CA47__9e6y__s42.pdb	A	1.000000	1.000000	6627.754959	5817.774964	809.979995	7	310.223269	3	222.613695	2	176.964741	33.437324	False
NODE1GEN_191476_source_fixed_pose_mpnn_source_id_P500K__FIXED_POSE_MPNN__310934EF4B70CA47	11		/data/qlyu/projects/pvrig_top7500_dualpanel_screen_v1_20260724/run/qc397_top20_plus_top10_fusion_developability_v2_20260726/fusion_panel_common4_bundle/representative_complexes/R11__NODE1GEN_191476_source_fixed_pose_mpnn_source_id_P500K__FIXED_POSE_MPNN__310934EF4B70CA47__9e6y__s917.pdb	A	1.000000	1.000000	6579.753937	5762.278081	817.475856	13	645.106113	6	440.173092	2	176.547726	31.544806	False
P1MCPUFP__CPUFP500K_0090__00532	12		/data/qlyu/projects/pvrig_top7500_dualpanel_screen_v1_20260724/run/qc397_top20_plus_top10_fusion_developability_v2_20260726/fusion_panel_common4_bundle/representative_complexes/R12__P1MCPUFP__CPUFP500K_0090__00532__8x6b__s1931.pdb	A	1.000000	1.000000	6404.630776	5802.843372	601.787404	5	248.146382	3	264.413109	2	275.216585	38.211091	False
P1MCPUFP__CPUFP500K_0090__00532	12		/data/qlyu/projects/pvrig_top7500_dualpanel_screen_v1_20260724/run/qc397_top20_plus_top10_fusion_developability_v2_20260726/fusion_panel_common4_bundle/representative_complexes/R12__P1MCPUFP__CPUFP500K_0090__00532__8x6b__s3047.pdb	A	1.000000	1.000000	6486.560811	5751.669613	734.891197	10	552.831358	3	260.783229	2	253.794463	35.162396	False
P1MCPUFP__CPUFP500K_0090__00532	12		/data/qlyu/projects/pvrig_top7500_dualpanel_screen_v1_20260724/run/qc397_top20_plus_top10_fusion_developability_v2_20260726/fusion_panel_common4_bundle/representative_complexes/R12__P1MCPUFP__CPUFP500K_0090__00532__8x6b__s42.pdb	A	1.000000	1.000000	6424.622405	5650.274166	774.348240	9	536.140516	3	258.791983	2	252.425713	36.661829	False
P1MCPUFP__CPUFP500K_0090__00532	12		/data/qlyu/projects/pvrig_top7500_dualpanel_screen_v1_20260724/run/qc397_top20_plus_top10_fusion_developability_v2_20260726/fusion_panel_common4_bundle/representative_complexes/R12__P1MCPUFP__CPUFP500K_0090__00532__8x6b__s917.pdb	A	1.000000	1.000000	6472.435288	5827.604274	644.831014	8	500.744988	3	260.603342	2	248.400286	38.220942	False
P1MCPUFP__CPUFP500K_0090__00532	12		/data/qlyu/projects/pvrig_top7500_dualpanel_screen_v1_20260724/run/qc397_top20_plus_top10_fusion_developability_v2_20260726/fusion_panel_common4_bundle/representative_complexes/R12__P1MCPUFP__CPUFP500K_0090__00532__9e6y__s1931.pdb	A	1.000000	1.000000	6442.963945	5755.004833	687.959112	9	521.503794	3	264.766538	2	253.333508	34.576289	False
P1MCPUFP__CPUFP500K_0090__00532	12		/data/qlyu/projects/pvrig_top7500_dualpanel_screen_v1_20260724/run/qc397_top20_plus_top10_fusion_developability_v2_20260726/fusion_panel_common4_bundle/representative_complexes/R12__P1MCPUFP__CPUFP500K_0090__00532__9e6y__s3047.pdb	A	1.000000	1.000000	6440.775302	5758.759141	682.016161	10	525.297330	3	265.881217	2	258.046839	35.511666	False
P1MCPUFP__CPUFP500K_0090__00532	12		/data/qlyu/projects/pvrig_top7500_dualpanel_screen_v1_20260724/run/qc397_top20_plus_top10_fusion_developability_v2_20260726/fusion_panel_common4_bundle/representative_complexes/R12__P1MCPUFP__CPUFP500K_0090__00532__9e6y__s42.pdb	A	1.000000	1.000000	6576.189946	5966.161747	610.028199	6	317.495218	3	257.132699	2	250.639948	38.214629	False
P1MCPUFP__CPUFP500K_0090__00532	12		/data/qlyu/projects/pvrig_top7500_dualpanel_screen_v1_20260724/run/qc397_top20_plus_top10_fusion_developability_v2_20260726/fusion_panel_common4_bundle/representative_complexes/R12__P1MCPUFP__CPUFP500K_0090__00532__9e6y__s917.pdb	A	1.000000	1.000000	6412.517723	5746.104470	666.413253	4	289.317226	3	251.141618	2	255.119273	34.938708	False
NODE1GEN_177961_source_fixed_pose_mpnn_source_id_P500K__FIXED_POSE_MPNN__8431DA62B813A913	13		/data/qlyu/projects/pvrig_top7500_dualpanel_screen_v1_20260724/run/qc397_top20_plus_top10_fusion_developability_v2_20260726/fusion_panel_common4_bundle/representative_complexes/R13__NODE1GEN_177961_source_fixed_pose_mpnn_source_id_P500K__FIXED_POSE_MPNN__8431DA62B813A913__8x6b__s1931.pdb	A	1.000000	1.000000	6957.206848	6017.515414	939.691434	13	861.006078	3	232.994963	3	152.106450	36.942917	False
NODE1GEN_177961_source_fixed_pose_mpnn_source_id_P500K__FIXED_POSE_MPNN__8431DA62B813A913	13		/data/qlyu/projects/pvrig_top7500_dualpanel_screen_v1_20260724/run/qc397_top20_plus_top10_fusion_developability_v2_20260726/fusion_panel_common4_bundle/representative_complexes/R13__NODE1GEN_177961_source_fixed_pose_mpnn_source_id_P500K__FIXED_POSE_MPNN__8431DA62B813A913__8x6b__s3047.pdb	A	1.000000	1.000000	6999.926791	6100.355757	899.571034	12	791.117056	2	249.428571	3	275.631359	36.668287	False
NODE1GEN_177961_source_fixed_pose_mpnn_source_id_P500K__FIXED_POSE_MPNN__8431DA62B813A913	13		/data/qlyu/projects/pvrig_top7500_dualpanel_screen_v1_20260724/run/qc397_top20_plus_top10_fusion_developability_v2_20260726/fusion_panel_common4_bundle/representative_complexes/R13__NODE1GEN_177961_source_fixed_pose_mpnn_source_id_P500K__FIXED_POSE_MPNN__8431DA62B813A913__8x6b__s42.pdb	A	1.000000	1.000000	6839.224127	5961.796357	877.427769	13	851.576650	2	233.649754	3	267.723510	37.209045	False
NODE1GEN_177961_source_fixed_pose_mpnn_source_id_P500K__FIXED_POSE_MPNN__8431DA62B813A913	13		/data/qlyu/projects/pvrig_top7500_dualpanel_screen_v1_20260724/run/qc397_top20_plus_top10_fusion_developability_v2_20260726/fusion_panel_common4_bundle/representative_complexes/R13__NODE1GEN_177961_source_fixed_pose_mpnn_source_id_P500K__FIXED_POSE_MPNN__8431DA62B813A913__8x6b__s917.pdb	A	1.000000	1.000000	6890.502605	6038.460245	852.042360	20	1268.620227	3	252.567315	3	156.782899	37.617895	False
NODE1GEN_177961_source_fixed_pose_mpnn_source_id_P500K__FIXED_POSE_MPNN__8431DA62B813A913	13		/data/qlyu/projects/pvrig_top7500_dualpanel_screen_v1_20260724/run/qc397_top20_plus_top10_fusion_developability_v2_20260726/fusion_panel_common4_bundle/representative_complexes/R13__NODE1GEN_177961_source_fixed_pose_mpnn_source_id_P500K__FIXED_POSE_MPNN__8431DA62B813A913__9e6y__s1931.pdb	A	1.000000	1.000000	6966.469311	6077.117354	889.351956	13	884.614686	2	233.136795	3	149.353828	37.624134	False
NODE1GEN_177961_source_fixed_pose_mpnn_source_id_P500K__FIXED_POSE_MPNN__8431DA62B813A913	13		/data/qlyu/projects/pvrig_top7500_dualpanel_screen_v1_20260724/run/qc397_top20_plus_top10_fusion_developability_v2_20260726/fusion_panel_common4_bundle/representative_complexes/R13__NODE1GEN_177961_source_fixed_pose_mpnn_source_id_P500K__FIXED_POSE_MPNN__8431DA62B813A913__9e6y__s3047.pdb	A	1.000000	1.000000	7082.121871	6208.477857	873.644014	13	860.688421	2	244.875482	3	168.669115	33.323808	False
NODE1GEN_177961_source_fixed_pose_mpnn_source_id_P500K__FIXED_POSE_MPNN__8431DA62B813A913	13		/data/qlyu/projects/pvrig_top7500_dualpanel_screen_v1_20260724/run/qc397_top20_plus_top10_fusion_developability_v2_20260726/fusion_panel_common4_bundle/representative_complexes/R13__NODE1GEN_177961_source_fixed_pose_mpnn_source_id_P500K__FIXED_POSE_MPNN__8431DA62B813A913__9e6y__s42.pdb	A	1.000000	1.000000	6998.304786	6178.584954	819.719833	20	1355.211380	3	233.338213	3	143.668404	30.926797	False
NODE1GEN_177961_source_fixed_pose_mpnn_source_id_P500K__FIXED_POSE_MPNN__8431DA62B813A913	13		/data/qlyu/projects/pvrig_top7500_dualpanel_screen_v1_20260724/run/qc397_top20_plus_top10_fusion_developability_v2_20260726/fusion_panel_common4_bundle/representative_complexes/R13__NODE1GEN_177961_source_fixed_pose_mpnn_source_id_P500K__FIXED_POSE_MPNN__8431DA62B813A913__9e6y__s917.pdb	A	1.000000	1.000000	7100.992475	6291.639207	809.353268	19	1397.713128	2	248.937791	4	183.665905	30.209704	False
P1MCPUFP__CPUFP500K_0100__00188	14		/data/qlyu/projects/pvrig_top7500_dualpanel_screen_v1_20260724/run/qc397_top20_plus_top10_fusion_developability_v2_20260726/fusion_panel_common4_bundle/representative_complexes/R14__P1MCPUFP__CPUFP500K_0100__00188__8x6b__s1931.pdb	A	1.000000	1.000000	6452.523895	5615.792359	836.731536	10	607.274091	3	241.124944	2	182.240208	34.406770	False
P1MCPUFP__CPUFP500K_0100__00188	14		/data/qlyu/projects/pvrig_top7500_dualpanel_screen_v1_20260724/run/qc397_top20_plus_top10_fusion_developability_v2_20260726/fusion_panel_common4_bundle/representative_complexes/R14__P1MCPUFP__CPUFP500K_0100__00188__8x6b__s3047.pdb	A	1.000000	1.000000	6431.281221	5656.385946	774.895275	6	373.733119	3	243.132714	2	188.732247	36.730585	False
P1MCPUFP__CPUFP500K_0100__00188	14		/data/qlyu/projects/pvrig_top7500_dualpanel_screen_v1_20260724/run/qc397_top20_plus_top10_fusion_developability_v2_20260726/fusion_panel_common4_bundle/representative_complexes/R14__P1MCPUFP__CPUFP500K_0100__00188__8x6b__s42.pdb	A	1.000000	1.000000	6338.160603	5494.043936	844.116666	10	562.354489	3	245.372377	2	191.479926	36.766495	False
P1MCPUFP__CPUFP500K_0100__00188	14		/data/qlyu/projects/pvrig_top7500_dualpanel_screen_v1_20260724/run/qc397_top20_plus_top10_fusion_developability_v2_20260726/fusion_panel_common4_bundle/representative_complexes/R14__P1MCPUFP__CPUFP500K_0100__00188__8x6b__s917.pdb	A	1.000000	1.000000	6376.368590	5585.599517	790.769072	7	432.126698	3	244.521822	2	180.358499	32.856062	False
P1MCPUFP__CPUFP500K_0100__00188	14		/data/qlyu/projects/pvrig_top7500_dualpanel_screen_v1_20260724/run/qc397_top20_plus_top10_fusion_developability_v2_20260726/fusion_panel_common4_bundle/representative_complexes/R14__P1MCPUFP__CPUFP500K_0100__00188__9e6y__s1931.pdb	A	1.000000	1.000000	6450.051148	5768.823317	681.227831	10	579.006396	3	260.243399	2	193.598762	31.146184	False
P1MCPUFP__CPUFP500K_0100__00188	14		/data/qlyu/projects/pvrig_top7500_dualpanel_screen_v1_20260724/run/qc397_top20_plus_top10_fusion_developability_v2_20260726/fusion_panel_common4_bundle/representative_complexes/R14__P1MCPUFP__CPUFP500K_0100__00188__9e6y__s3047.pdb	A	1.000000	1.000000	6507.808072	5706.801848	801.006224	11	658.658902	3	242.725878	2	187.871513	33.979734	False
P1MCPUFP__CPUFP500K_0100__00188	14		/data/qlyu/projects/pvrig_top7500_dualpanel_screen_v1_20260724/run/qc397_top20_plus_top10_fusion_developability_v2_20260726/fusion_panel_common4_bundle/representative_complexes/R14__P1MCPUFP__CPUFP500K_0100__00188__9e6y__s42.pdb	A	1.000000	1.000000	6380.095482	5674.510946	705.584536	11	511.201444	3	227.786034	2	186.766594	30.323480	False
P1MCPUFP__CPUFP500K_0100__00188	14		/data/qlyu/projects/pvrig_top7500_dualpanel_screen_v1_20260724/run/qc397_top20_plus_top10_fusion_developability_v2_20260726/fusion_panel_common4_bundle/representative_complexes/R14__P1MCPUFP__CPUFP500K_0100__00188__9e6y__s917.pdb	A	1.000000	1.000000	6497.073836	5600.873334	896.200503	11	661.431587	3	247.538275	2	187.787570	33.951467	False
NODE1GEN_206644_source_fixed_pose_mpnn_source_id_P500K__FIXED_POSE_MPNN__53F648E960398F2F	15		/data/qlyu/projects/pvrig_top7500_dualpanel_screen_v1_20260724/run/qc397_top20_plus_top10_fusion_developability_v2_20260726/fusion_panel_common4_bundle/representative_complexes/R15__NODE1GEN_206644_source_fixed_pose_mpnn_source_id_P500K__FIXED_POSE_MPNN__53F648E960398F2F__8x6b__s1931.pdb	A	1.000000	1.000000	6450.408766	5727.126696	723.282070	6	335.903820	3	221.346000	2	178.787389	30.202939	False
NODE1GEN_206644_source_fixed_pose_mpnn_source_id_P500K__FIXED_POSE_MPNN__53F648E960398F2F	15		/data/qlyu/projects/pvrig_top7500_dualpanel_screen_v1_20260724/run/qc397_top20_plus_top10_fusion_developability_v2_20260726/fusion_panel_common4_bundle/representative_complexes/R15__NODE1GEN_206644_source_fixed_pose_mpnn_source_id_P500K__FIXED_POSE_MPNN__53F648E960398F2F__8x6b__s3047.pdb	A	1.000000	1.000000	6345.704069	5420.815652	924.888417	6	332.596414	3	223.359007	2	176.737793	25.925279	False
NODE1GEN_206644_source_fixed_pose_mpnn_source_id_P500K__FIXED_POSE_MPNN__53F648E960398F2F	15		/data/qlyu/projects/pvrig_top7500_dualpanel_screen_v1_20260724/run/qc397_top20_plus_top10_fusion_developability_v2_20260726/fusion_panel_common4_bundle/representative_complexes/R15__NODE1GEN_206644_source_fixed_pose_mpnn_source_id_P500K__FIXED_POSE_MPNN__53F648E960398F2F__8x6b__s42.pdb	A	1.000000	1.000000	6471.137099	5639.484575	831.652523	8	346.983421	3	214.077171	2	171.173488	32.920137	False
NODE1GEN_206644_source_fixed_pose_mpnn_source_id_P500K__FIXED_POSE_MPNN__53F648E960398F2F	15		/data/qlyu/projects/pvrig_top7500_dualpanel_screen_v1_20260724/run/qc397_top20_plus_top10_fusion_developability_v2_20260726/fusion_panel_common4_bundle/representative_complexes/R15__NODE1GEN_206644_source_fixed_pose_mpnn_source_id_P500K__FIXED_POSE_MPNN__53F648E960398F2F__8x6b__s917.pdb	A	1.000000	1.000000	6466.599215	5712.820741	753.778473	8	355.743417	3	218.921507	2	176.340716	33.019871	False
NODE1GEN_206644_source_fixed_pose_mpnn_source_id_P500K__FIXED_POSE_MPNN__53F648E960398F2F	15		/data/qlyu/projects/pvrig_top7500_dualpanel_screen_v1_20260724/run/qc397_top20_plus_top10_fusion_developability_v2_20260726/fusion_panel_common4_bundle/representative_complexes/R15__NODE1GEN_206644_source_fixed_pose_mpnn_source_id_P500K__FIXED_POSE_MPNN__53F648E960398F2F__9e6y__s1931.pdb	A	1.000000	1.000000	6417.797861	5618.867078	798.930783	13	678.018610	3	211.245549	2	180.620215	30.016816	False
NODE1GEN_206644_source_fixed_pose_mpnn_source_id_P500K__FIXED_POSE_MPNN__53F648E960398F2F	15		/data/qlyu/projects/pvrig_top7500_dualpanel_screen_v1_20260724/run/qc397_top20_plus_top10_fusion_developability_v2_20260726/fusion_panel_common4_bundle/representative_complexes/R15__NODE1GEN_206644_source_fixed_pose_mpnn_source_id_P500K__FIXED_POSE_MPNN__53F648E960398F2F__9e6y__s3047.pdb	A	1.000000	1.000000	6350.907342	5482.866610	868.040732	7	339.570352	3	226.116571	2	172.971253	26.598949	False
NODE1GEN_206644_source_fixed_pose_mpnn_source_id_P500K__FIXED_POSE_MPNN__53F648E960398F2F	15		/data/qlyu/projects/pvrig_top7500_dualpanel_screen_v1_20260724/run/qc397_top20_plus_top10_fusion_developability_v2_20260726/fusion_panel_common4_bundle/representative_complexes/R15__NODE1GEN_206644_source_fixed_pose_mpnn_source_id_P500K__FIXED_POSE_MPNN__53F648E960398F2F__9e6y__s42.pdb	A	1.000000	1.000000	6464.473362	5513.221830	951.251531	8	370.664851	3	231.784758	2	182.322036	25.804683	False
NODE1GEN_206644_source_fixed_pose_mpnn_source_id_P500K__FIXED_POSE_MPNN__53F648E960398F2F	15		/data/qlyu/projects/pvrig_top7500_dualpanel_screen_v1_20260724/run/qc397_top20_plus_top10_fusion_developability_v2_20260726/fusion_panel_common4_bundle/representative_complexes/R15__NODE1GEN_206644_source_fixed_pose_mpnn_source_id_P500K__FIXED_POSE_MPNN__53F648E960398F2F__9e6y__s917.pdb	A	1.000000	1.000000	6506.581238	5609.930210	896.651028	8	378.951661	3	246.497653	2	182.115026	27.060557	False
P1MCPUFP__CPUFP500K_0002__00919	16		/data/qlyu/projects/pvrig_top7500_dualpanel_screen_v1_20260724/run/qc397_top20_plus_top10_fusion_developability_v2_20260726/fusion_panel_common4_bundle/representative_complexes/R16__P1MCPUFP__CPUFP500K_0002__00919__8x6b__s1931.pdb	A	1.000000	1.000000	6328.273047	5610.947709	717.325338	12	674.921105	3	217.705648	2	180.055252	33.885522	False
P1MCPUFP__CPUFP500K_0002__00919	16		/data/qlyu/projects/pvrig_top7500_dualpanel_screen_v1_20260724/run/qc397_top20_plus_top10_fusion_developability_v2_20260726/fusion_panel_common4_bundle/representative_complexes/R16__P1MCPUFP__CPUFP500K_0002__00919__8x6b__s3047.pdb	A	1.000000	1.000000	6168.182156	5469.561128	698.621028	8	393.950504	3	229.270793	2	173.203145	28.901167	False
P1MCPUFP__CPUFP500K_0002__00919	16		/data/qlyu/projects/pvrig_top7500_dualpanel_screen_v1_20260724/run/qc397_top20_plus_top10_fusion_developability_v2_20260726/fusion_panel_common4_bundle/representative_complexes/R16__P1MCPUFP__CPUFP500K_0002__00919__8x6b__s42.pdb	A	1.000000	1.000000	6365.569051	5611.925854	753.643196	8	432.308072	6	448.467713	2	180.139195	34.144326	False
P1MCPUFP__CPUFP500K_0002__00919	16		/data/qlyu/projects/pvrig_top7500_dualpanel_screen_v1_20260724/run/qc397_top20_plus_top10_fusion_developability_v2_20260726/fusion_panel_common4_bundle/representative_complexes/R16__P1MCPUFP__CPUFP500K_0002__00919__8x6b__s917.pdb	A	1.000000	1.000000	6294.128501	5545.730591	748.397909	8	404.776390	3	226.444407	2	174.128176	28.975929	False
P1MCPUFP__CPUFP500K_0002__00919	16		/data/qlyu/projects/pvrig_top7500_dualpanel_screen_v1_20260724/run/qc397_top20_plus_top10_fusion_developability_v2_20260726/fusion_panel_common4_bundle/representative_complexes/R16__P1MCPUFP__CPUFP500K_0002__00919__9e6y__s1931.pdb	A	1.000000	1.000000	6295.282617	5601.430045	693.852572	7	289.812697	6	439.408177	2	192.168416	29.024447	False
P1MCPUFP__CPUFP500K_0002__00919	16		/data/qlyu/projects/pvrig_top7500_dualpanel_screen_v1_20260724/run/qc397_top20_plus_top10_fusion_developability_v2_20260726/fusion_panel_common4_bundle/representative_complexes/R16__P1MCPUFP__CPUFP500K_0002__00919__9e6y__s3047.pdb	A	1.000000	1.000000	6267.419853	5546.448676	720.971177	8	405.404059	3	218.060480	2	180.166317	33.677871	False
P1MCPUFP__CPUFP500K_0002__00919	16		/data/qlyu/projects/pvrig_top7500_dualpanel_screen_v1_20260724/run/qc397_top20_plus_top10_fusion_developability_v2_20260726/fusion_panel_common4_bundle/representative_complexes/R16__P1MCPUFP__CPUFP500K_0002__00919__9e6y__s42.pdb	A	1.000000	1.000000	6285.529291	5572.787034	712.742257	7	273.937936	3	233.375221	2	173.319028	29.653796	False
P1MCPUFP__CPUFP500K_0002__00919	16		/data/qlyu/projects/pvrig_top7500_dualpanel_screen_v1_20260724/run/qc397_top20_plus_top10_fusion_developability_v2_20260726/fusion_panel_common4_bundle/representative_complexes/R16__P1MCPUFP__CPUFP500K_0002__00919__9e6y__s917.pdb	A	1.000000	1.000000	6246.710474	5529.429998	717.280476	8	428.505824	6	451.886352	2	180.546031	28.826784	False
P1MCPUFP__CPUFP500K_0287__00804	17		/data/qlyu/projects/pvrig_top7500_dualpanel_screen_v1_20260724/run/qc397_top20_plus_top10_fusion_developability_v2_20260726/fusion_panel_common4_bundle/representative_complexes/R17__P1MCPUFP__CPUFP500K_0287__00804__8x6b__s1931.pdb	A	1.000000	1.000000	6199.961628	5379.915760	820.045867	14	878.576775	3	295.544428	3	227.676246	26.892355	False
P1MCPUFP__CPUFP500K_0287__00804	17		/data/qlyu/projects/pvrig_top7500_dualpanel_screen_v1_20260724/run/qc397_top20_plus_top10_fusion_developability_v2_20260726/fusion_panel_common4_bundle/representative_complexes/R17__P1MCPUFP__CPUFP500K_0287__00804__8x6b__s3047.pdb	A	1.000000	1.000000	6194.066073	5650.677923	543.388149	19	1073.997180	3	283.071195	3	222.826968	41.778946	False
P1MCPUFP__CPUFP500K_0287__00804	17		/data/qlyu/projects/pvrig_top7500_dualpanel_screen_v1_20260724/run/qc397_top20_plus_top10_fusion_developability_v2_20260726/fusion_panel_common4_bundle/representative_complexes/R17__P1MCPUFP__CPUFP500K_0287__00804__8x6b__s42.pdb	A	1.000000	1.000000	6293.794487	5559.125777	734.668710	15	932.515261	3	289.733236	3	220.676191	36.228878	False
P1MCPUFP__CPUFP500K_0287__00804	17		/data/qlyu/projects/pvrig_top7500_dualpanel_screen_v1_20260724/run/qc397_top20_plus_top10_fusion_developability_v2_20260726/fusion_panel_common4_bundle/representative_complexes/R17__P1MCPUFP__CPUFP500K_0287__00804__8x6b__s917.pdb	A	1.000000	1.000000	6154.954417	5496.776326	658.178091	16	1003.926867	3	294.577279	2	190.128119	26.060105	False
P1MCPUFP__CPUFP500K_0287__00804	17		/data/qlyu/projects/pvrig_top7500_dualpanel_screen_v1_20260724/run/qc397_top20_plus_top10_fusion_developability_v2_20260726/fusion_panel_common4_bundle/representative_complexes/R17__P1MCPUFP__CPUFP500K_0287__00804__9e6y__s1931.pdb	A	1.000000	1.000000	6117.513733	5512.303208	605.210525	14	909.046433	3	293.030044	2	188.305472	26.689211	False
P1MCPUFP__CPUFP500K_0287__00804	17		/data/qlyu/projects/pvrig_top7500_dualpanel_screen_v1_20260724/run/qc397_top20_plus_top10_fusion_developability_v2_20260726/fusion_panel_common4_bundle/representative_complexes/R17__P1MCPUFP__CPUFP500K_0287__00804__9e6y__s3047.pdb	A	1.000000	1.000000	6155.722851	5475.951085	679.771766	20	1125.730184	3	299.364375	2	160.157304	28.691412	False
P1MCPUFP__CPUFP500K_0287__00804	17		/data/qlyu/projects/pvrig_top7500_dualpanel_screen_v1_20260724/run/qc397_top20_plus_top10_fusion_developability_v2_20260726/fusion_panel_common4_bundle/representative_complexes/R17__P1MCPUFP__CPUFP500K_0287__00804__9e6y__s42.pdb	A	1.000000	1.000000	6177.111861	5550.560748	626.551113	9	634.911184	3	285.068788	3	224.839681	27.586094	False
P1MCPUFP__CPUFP500K_0287__00804	17		/data/qlyu/projects/pvrig_top7500_dualpanel_screen_v1_20260724/run/qc397_top20_plus_top10_fusion_developability_v2_20260726/fusion_panel_common4_bundle/representative_complexes/R17__P1MCPUFP__CPUFP500K_0287__00804__9e6y__s917.pdb	A	1.000000	1.000000	6181.565005	5561.674111	619.890894	20	1141.349051	3	294.789106	2	176.068948	25.983842	False
NODE1GEN_127352_source_rfantibody_source_id_PVRIG_RFAb_v2_P6_ekg_L_bb203_mpn04_arm_P6_ekg_L_backbone_P6_ekg_L_bb203_status_NEEDS_RF2_AND_DOCKING	18	8	/data/qlyu/projects/pvrig_top7500_dualpanel_screen_v1_20260724/run/qc397_top20_plus_top10_fusion_developability_v2_20260726/fusion_panel_common4_bundle/representative_complexes/R18__NODE1GEN_127352__8x6b__s1931.pdb	A	1.000000	1.000000	6483.220585	5807.736654	675.483931	14	853.452265	2	160.858843	2	184.808586	31.572694	False
NODE1GEN_127352_source_rfantibody_source_id_PVRIG_RFAb_v2_P6_ekg_L_bb203_mpn04_arm_P6_ekg_L_backbone_P6_ekg_L_bb203_status_NEEDS_RF2_AND_DOCKING	18	8	/data/qlyu/projects/pvrig_top7500_dualpanel_screen_v1_20260724/run/qc397_top20_plus_top10_fusion_developability_v2_20260726/fusion_panel_common4_bundle/representative_complexes/R18__NODE1GEN_127352__8x6b__s3047.pdb	A	1.000000	1.000000	6475.078122	5681.040348	794.037774	12	633.901664	5	309.302468	2	147.995424	27.866355	False
NODE1GEN_127352_source_rfantibody_source_id_PVRIG_RFAb_v2_P6_ekg_L_bb203_mpn04_arm_P6_ekg_L_backbone_P6_ekg_L_bb203_status_NEEDS_RF2_AND_DOCKING	18	8	/data/qlyu/projects/pvrig_top7500_dualpanel_screen_v1_20260724/run/qc397_top20_plus_top10_fusion_developability_v2_20260726/fusion_panel_common4_bundle/representative_complexes/R18__NODE1GEN_127352__8x6b__s42.pdb	A	1.000000	1.000000	6430.050701	5764.865475	665.185225	13	771.910406	3	244.871293	2	186.858182	31.951757	False
NODE1GEN_127352_source_rfantibody_source_id_PVRIG_RFAb_v2_P6_ekg_L_bb203_mpn04_arm_P6_ekg_L_backbone_P6_ekg_L_bb203_status_NEEDS_RF2_AND_DOCKING	18	8	/data/qlyu/projects/pvrig_top7500_dualpanel_screen_v1_20260724/run/qc397_top20_plus_top10_fusion_developability_v2_20260726/fusion_panel_common4_bundle/representative_complexes/R18__NODE1GEN_127352__8x6b__s917.pdb	A	1.000000	1.000000	6469.981830	5790.640903	679.340928	13	816.222507	2	161.682694	2	168.911646	31.418242	False
NODE1GEN_127352_source_rfantibody_source_id_PVRIG_RFAb_v2_P6_ekg_L_bb203_mpn04_arm_P6_ekg_L_backbone_P6_ekg_L_bb203_status_NEEDS_RF2_AND_DOCKING	18	8	/data/qlyu/projects/pvrig_top7500_dualpanel_screen_v1_20260724/run/qc397_top20_plus_top10_fusion_developability_v2_20260726/fusion_panel_common4_bundle/representative_complexes/R18__NODE1GEN_127352__9e6y__s1931.pdb	A	1.000000	1.000000	6367.107677	5725.088975	642.018702	12	777.306992	2	65.577919	2	166.408152	32.080925	False
NODE1GEN_127352_source_rfantibody_source_id_PVRIG_RFAb_v2_P6_ekg_L_bb203_mpn04_arm_P6_ekg_L_backbone_P6_ekg_L_bb203_status_NEEDS_RF2_AND_DOCKING	18	8	/data/qlyu/projects/pvrig_top7500_dualpanel_screen_v1_20260724/run/qc397_top20_plus_top10_fusion_developability_v2_20260726/fusion_panel_common4_bundle/representative_complexes/R18__NODE1GEN_127352__9e6y__s3047.pdb	A	1.000000	1.000000	6443.059784	5796.575581	646.484204	14	810.420907	2	168.825754	2	169.281599	33.347831	False
NODE1GEN_127352_source_rfantibody_source_id_PVRIG_RFAb_v2_P6_ekg_L_bb203_mpn04_arm_P6_ekg_L_backbone_P6_ekg_L_bb203_status_NEEDS_RF2_AND_DOCKING	18	8	/data/qlyu/projects/pvrig_top7500_dualpanel_screen_v1_20260724/run/qc397_top20_plus_top10_fusion_developability_v2_20260726/fusion_panel_common4_bundle/representative_complexes/R18__NODE1GEN_127352__9e6y__s42.pdb	A	1.000000	1.000000	6456.013786	5813.769957	642.243829	11	704.050748	5	332.394347	2	181.924960	32.053192	False
NODE1GEN_127352_source_rfantibody_source_id_PVRIG_RFAb_v2_P6_ekg_L_bb203_mpn04_arm_P6_ekg_L_backbone_P6_ekg_L_bb203_status_NEEDS_RF2_AND_DOCKING	18	8	/data/qlyu/projects/pvrig_top7500_dualpanel_screen_v1_20260724/run/qc397_top20_plus_top10_fusion_developability_v2_20260726/fusion_panel_common4_bundle/representative_complexes/R18__NODE1GEN_127352__9e6y__s917.pdb	A	1.000000	1.000000	6378.940486	5722.593545	656.346941	13	785.604734	5	317.189960	2	177.660583	31.863467	False
P1MCPUFP__CPUFP500K_0089__00735	19		/data/qlyu/projects/pvrig_top7500_dualpanel_screen_v1_20260724/run/qc397_top20_plus_top10_fusion_developability_v2_20260726/fusion_panel_common4_bundle/representative_complexes/R19__P1MCPUFP__CPUFP500K_0089__00735__8x6b__s1931.pdb	A	1.000000	1.000000	6514.326332	5770.377295	743.949037	25	1401.747100	6	442.545162	5	410.471239	33.295735	False
P1MCPUFP__CPUFP500K_0089__00735	19		/data/qlyu/projects/pvrig_top7500_dualpanel_screen_v1_20260724/run/qc397_top20_plus_top10_fusion_developability_v2_20260726/fusion_panel_common4_bundle/representative_complexes/R19__P1MCPUFP__CPUFP500K_0089__00735__8x6b__s3047.pdb	A	1.000000	1.000000	6570.527665	5799.389673	771.137993	14	812.965492	3	251.965595	2	243.891137	33.341704	False
P1MCPUFP__CPUFP500K_0089__00735	19		/data/qlyu/projects/pvrig_top7500_dualpanel_screen_v1_20260724/run/qc397_top20_plus_top10_fusion_developability_v2_20260726/fusion_panel_common4_bundle/representative_complexes/R19__P1MCPUFP__CPUFP500K_0089__00735__8x6b__s42.pdb	A	1.000000	1.000000	6520.610627	5774.684356	745.926272	10	664.808067	3	255.467885	2	258.404206	33.598958	False
P1MCPUFP__CPUFP500K_0089__00735	19		/data/qlyu/projects/pvrig_top7500_dualpanel_screen_v1_20260724/run/qc397_top20_plus_top10_fusion_developability_v2_20260726/fusion_panel_common4_bundle/representative_complexes/R19__P1MCPUFP__CPUFP500K_0089__00735__8x6b__s917.pdb	A	1.000000	1.000000	6531.972490	5773.656804	758.315687	23	1349.555780	6	443.595961	2	232.268752	31.480961	False
P1MCPUFP__CPUFP500K_0089__00735	19		/data/qlyu/projects/pvrig_top7500_dualpanel_screen_v1_20260724/run/qc397_top20_plus_top10_fusion_developability_v2_20260726/fusion_panel_common4_bundle/representative_complexes/R19__P1MCPUFP__CPUFP500K_0089__00735__9e6y__s1931.pdb	A	1.000000	1.000000	6485.417857	5749.066657	736.351200	19	974.373611	3	253.635059	2	231.617730	33.458690	False
P1MCPUFP__CPUFP500K_0089__00735	19		/data/qlyu/projects/pvrig_top7500_dualpanel_screen_v1_20260724/run/qc397_top20_plus_top10_fusion_developability_v2_20260726/fusion_panel_common4_bundle/representative_complexes/R19__P1MCPUFP__CPUFP500K_0089__00735__9e6y__s3047.pdb	A	1.000000	1.000000	6576.809175	5824.168901	752.640274	24	1343.905081	6	445.271080	2	260.643868	35.497274	False
P1MCPUFP__CPUFP500K_0089__00735	19		/data/qlyu/projects/pvrig_top7500_dualpanel_screen_v1_20260724/run/qc397_top20_plus_top10_fusion_developability_v2_20260726/fusion_panel_common4_bundle/representative_complexes/R19__P1MCPUFP__CPUFP500K_0089__00735__9e6y__s42.pdb	A	1.000000	1.000000	6510.664555	5622.136785	888.527770	13	750.539596	3	237.126220	3	176.039123	34.982586	False
P1MCPUFP__CPUFP500K_0089__00735	19		/data/qlyu/projects/pvrig_top7500_dualpanel_screen_v1_20260724/run/qc397_top20_plus_top10_fusion_developability_v2_20260726/fusion_panel_common4_bundle/representative_complexes/R19__P1MCPUFP__CPUFP500K_0089__00735__9e6y__s917.pdb	A	1.000000	1.000000	6536.814460	5778.118598	758.695862	15	844.774076	3	244.109750	2	235.029018	32.032456	False
NODE1GEN_258472_source_fixed_pose_mpnn_source_id_P500K__FIXED_POSE_MPNN__2E2B33208D567583	20		/data/qlyu/projects/pvrig_top7500_dualpanel_screen_v1_20260724/run/qc397_top20_plus_top10_fusion_developability_v2_20260726/fusion_panel_common4_bundle/representative_complexes/R20__NODE1GEN_258472_source_fixed_pose_mpnn_source_id_P500K__FIXED_POSE_MPNN__2E2B33208D567583__8x6b__s1931.pdb	A	1.000000	1.000000	6342.305389	5570.221023	772.084366	7	324.768445	3	257.808434	3	191.634932	30.619990	False
NODE1GEN_258472_source_fixed_pose_mpnn_source_id_P500K__FIXED_POSE_MPNN__2E2B33208D567583	20		/data/qlyu/projects/pvrig_top7500_dualpanel_screen_v1_20260724/run/qc397_top20_plus_top10_fusion_developability_v2_20260726/fusion_panel_common4_bundle/representative_complexes/R20__NODE1GEN_258472_source_fixed_pose_mpnn_source_id_P500K__FIXED_POSE_MPNN__2E2B33208D567583__8x6b__s3047.pdb	A	1.000000	1.000000	6255.016175	5445.360748	809.655427	6	301.113718	3	275.522367	3	189.669279	30.948010	False
NODE1GEN_258472_source_fixed_pose_mpnn_source_id_P500K__FIXED_POSE_MPNN__2E2B33208D567583	20		/data/qlyu/projects/pvrig_top7500_dualpanel_screen_v1_20260724/run/qc397_top20_plus_top10_fusion_developability_v2_20260726/fusion_panel_common4_bundle/representative_complexes/R20__NODE1GEN_258472_source_fixed_pose_mpnn_source_id_P500K__FIXED_POSE_MPNN__2E2B33208D567583__8x6b__s42.pdb	A	1.000000	1.000000	6177.672070	5428.324541	749.347529	7	324.119664	3	284.064295	3	183.212008	29.887522	False
NODE1GEN_258472_source_fixed_pose_mpnn_source_id_P500K__FIXED_POSE_MPNN__2E2B33208D567583	20		/data/qlyu/projects/pvrig_top7500_dualpanel_screen_v1_20260724/run/qc397_top20_plus_top10_fusion_developability_v2_20260726/fusion_panel_common4_bundle/representative_complexes/R20__NODE1GEN_258472_source_fixed_pose_mpnn_source_id_P500K__FIXED_POSE_MPNN__2E2B33208D567583__8x6b__s917.pdb	A	1.000000	1.000000	6190.048395	5432.891118	757.157277	6	337.858644	3	272.326027	3	181.702368	30.317741	False
NODE1GEN_258472_source_fixed_pose_mpnn_source_id_P500K__FIXED_POSE_MPNN__2E2B33208D567583	20		/data/qlyu/projects/pvrig_top7500_dualpanel_screen_v1_20260724/run/qc397_top20_plus_top10_fusion_developability_v2_20260726/fusion_panel_common4_bundle/representative_complexes/R20__NODE1GEN_258472_source_fixed_pose_mpnn_source_id_P500K__FIXED_POSE_MPNN__2E2B33208D567583__9e6y__s1931.pdb	A	1.000000	1.000000	6273.729218	5515.417887	758.311331	6	304.884258	3	272.542797	3	168.346222	30.663413	False
NODE1GEN_258472_source_fixed_pose_mpnn_source_id_P500K__FIXED_POSE_MPNN__2E2B33208D567583	20		/data/qlyu/projects/pvrig_top7500_dualpanel_screen_v1_20260724/run/qc397_top20_plus_top10_fusion_developability_v2_20260726/fusion_panel_common4_bundle/representative_complexes/R20__NODE1GEN_258472_source_fixed_pose_mpnn_source_id_P500K__FIXED_POSE_MPNN__2E2B33208D567583__9e6y__s3047.pdb	A	1.000000	1.000000	6188.496951	5497.417253	691.079698	5	251.442960	3	270.096543	3	168.013150	30.049805	False
NODE1GEN_258472_source_fixed_pose_mpnn_source_id_P500K__FIXED_POSE_MPNN__2E2B33208D567583	20		/data/qlyu/projects/pvrig_top7500_dualpanel_screen_v1_20260724/run/qc397_top20_plus_top10_fusion_developability_v2_20260726/fusion_panel_common4_bundle/representative_complexes/R20__NODE1GEN_258472_source_fixed_pose_mpnn_source_id_P500K__FIXED_POSE_MPNN__2E2B33208D567583__9e6y__s42.pdb	A	1.000000	1.000000	6322.513146	5576.200626	746.312520	10	413.575572	3	262.383703	3	173.089377	30.499020	False
NODE1GEN_258472_source_fixed_pose_mpnn_source_id_P500K__FIXED_POSE_MPNN__2E2B33208D567583	20		/data/qlyu/projects/pvrig_top7500_dualpanel_screen_v1_20260724/run/qc397_top20_plus_top10_fusion_developability_v2_20260726/fusion_panel_common4_bundle/representative_complexes/R20__NODE1GEN_258472_source_fixed_pose_mpnn_source_id_P500K__FIXED_POSE_MPNN__2E2B33208D567583__9e6y__s917.pdb	A	1.000000	1.000000	6337.488762	5550.077110	787.411652	6	358.346729	3	260.264866	3	169.381900	29.967155	False
NODE1GEN_002130_source_rfantibody_source_id_PVRIG_RFAb_v2_P1_ekg_L_bb177_mpn10_arm_P1_ekg_L_backbone_P1_ekg_L_bb177_status_NEEDS_RF2_AND_DOCKING	24	9	/data/qlyu/projects/pvrig_top7500_dualpanel_screen_v1_20260724/run/qc397_top20_plus_top10_fusion_developability_v2_20260726/fusion_panel_common4_bundle/representative_complexes/R24__NODE1GEN_002130__8x6b__s1931.pdb	A	1.000000	1.000000	5935.126414	5179.619081	755.507333	7	428.356452	5	330.428694	4	330.659706	33.871396	False
NODE1GEN_002130_source_rfantibody_source_id_PVRIG_RFAb_v2_P1_ekg_L_bb177_mpn10_arm_P1_ekg_L_backbone_P1_ekg_L_bb177_status_NEEDS_RF2_AND_DOCKING	24	9	/data/qlyu/projects/pvrig_top7500_dualpanel_screen_v1_20260724/run/qc397_top20_plus_top10_fusion_developability_v2_20260726/fusion_panel_common4_bundle/representative_complexes/R24__NODE1GEN_002130__8x6b__s3047.pdb	A	1.000000	1.000000	5803.971958	5100.757418	703.214539	7	383.087547	3	192.249783	4	350.554951	33.997701	False
NODE1GEN_002130_source_rfantibody_source_id_PVRIG_RFAb_v2_P1_ekg_L_bb177_mpn10_arm_P1_ekg_L_backbone_P1_ekg_L_bb177_status_NEEDS_RF2_AND_DOCKING	24	9	/data/qlyu/projects/pvrig_top7500_dualpanel_screen_v1_20260724/run/qc397_top20_plus_top10_fusion_developability_v2_20260726/fusion_panel_common4_bundle/representative_complexes/R24__NODE1GEN_002130__8x6b__s42.pdb	A	1.000000	1.000000	6021.181883	5352.068620	669.113263	8	397.085415	5	339.108391	4	340.543387	33.344208	False
NODE1GEN_002130_source_rfantibody_source_id_PVRIG_RFAb_v2_P1_ekg_L_bb177_mpn10_arm_P1_ekg_L_backbone_P1_ekg_L_bb177_status_NEEDS_RF2_AND_DOCKING	24	9	/data/qlyu/projects/pvrig_top7500_dualpanel_screen_v1_20260724/run/qc397_top20_plus_top10_fusion_developability_v2_20260726/fusion_panel_common4_bundle/representative_complexes/R24__NODE1GEN_002130__8x6b__s917.pdb	A	1.000000	1.000000	5829.889071	5140.430749	689.458322	10	582.622495	5	330.951832	4	342.329152	36.090914	False
NODE1GEN_002130_source_rfantibody_source_id_PVRIG_RFAb_v2_P1_ekg_L_bb177_mpn10_arm_P1_ekg_L_backbone_P1_ekg_L_bb177_status_NEEDS_RF2_AND_DOCKING	24	9	/data/qlyu/projects/pvrig_top7500_dualpanel_screen_v1_20260724/run/qc397_top20_plus_top10_fusion_developability_v2_20260726/fusion_panel_common4_bundle/representative_complexes/R24__NODE1GEN_002130__9e6y__s1931.pdb	A	1.000000	1.000000	5901.966778	5233.334053	668.632725	9	496.512592	2	224.047560	4	360.413751	34.487472	False
NODE1GEN_002130_source_rfantibody_source_id_PVRIG_RFAb_v2_P1_ekg_L_bb177_mpn10_arm_P1_ekg_L_backbone_P1_ekg_L_bb177_status_NEEDS_RF2_AND_DOCKING	24	9	/data/qlyu/projects/pvrig_top7500_dualpanel_screen_v1_20260724/run/qc397_top20_plus_top10_fusion_developability_v2_20260726/fusion_panel_common4_bundle/representative_complexes/R24__NODE1GEN_002130__9e6y__s3047.pdb	A	1.000000	1.000000	5980.719804	5230.100118	750.619686	10	521.700835	3	243.169890	4	343.100999	33.269800	False
NODE1GEN_002130_source_rfantibody_source_id_PVRIG_RFAb_v2_P1_ekg_L_bb177_mpn10_arm_P1_ekg_L_backbone_P1_ekg_L_bb177_status_NEEDS_RF2_AND_DOCKING	24	9	/data/qlyu/projects/pvrig_top7500_dualpanel_screen_v1_20260724/run/qc397_top20_plus_top10_fusion_developability_v2_20260726/fusion_panel_common4_bundle/representative_complexes/R24__NODE1GEN_002130__9e6y__s42.pdb	A	1.000000	1.000000	6046.675196	5402.082503	644.592693	6	392.813519	3	204.759899	4	338.757622	33.965219	False
NODE1GEN_002130_source_rfantibody_source_id_PVRIG_RFAb_v2_P1_ekg_L_bb177_mpn10_arm_P1_ekg_L_backbone_P1_ekg_L_bb177_status_NEEDS_RF2_AND_DOCKING	24	9	/data/qlyu/projects/pvrig_top7500_dualpanel_screen_v1_20260724/run/qc397_top20_plus_top10_fusion_developability_v2_20260726/fusion_panel_common4_bundle/representative_complexes/R24__NODE1GEN_002130__9e6y__s917.pdb	A	1.000000	1.000000	5867.654659	5144.643771	723.010888	7	419.158559	3	241.564013	4	360.302685	34.492563	False
NODE1GEN_128014_source_rfantibody_source_id_PVRIG_RFAb_v2_P6_ekg_L_bb258_mpn01_arm_P6_ekg_L_backbone_P6_ekg_L_bb258_status_NEEDS_RF2_AND_DOCKING	31	10	/data/qlyu/projects/pvrig_top7500_dualpanel_screen_v1_20260724/run/qc397_top20_plus_top10_fusion_developability_v2_20260726/fusion_panel_common4_bundle/representative_complexes/R31__NODE1GEN_128014__8x6b__s1931.pdb	A	1.000000	1.000000	6199.534224	5378.182397	821.351827	10	473.913734	5	327.316255	6	495.907773	32.654216	False
NODE1GEN_128014_source_rfantibody_source_id_PVRIG_RFAb_v2_P6_ekg_L_bb258_mpn01_arm_P6_ekg_L_backbone_P6_ekg_L_bb258_status_NEEDS_RF2_AND_DOCKING	31	10	/data/qlyu/projects/pvrig_top7500_dualpanel_screen_v1_20260724/run/qc397_top20_plus_top10_fusion_developability_v2_20260726/fusion_panel_common4_bundle/representative_complexes/R31__NODE1GEN_128014__8x6b__s3047.pdb	A	1.000000	1.000000	6163.678411	5274.264272	889.414139	12	585.685966	3	246.824777	3	287.689818	30.638455	False
NODE1GEN_128014_source_rfantibody_source_id_PVRIG_RFAb_v2_P6_ekg_L_bb258_mpn01_arm_P6_ekg_L_backbone_P6_ekg_L_bb258_status_NEEDS_RF2_AND_DOCKING	31	10	/data/qlyu/projects/pvrig_top7500_dualpanel_screen_v1_20260724/run/qc397_top20_plus_top10_fusion_developability_v2_20260726/fusion_panel_common4_bundle/representative_complexes/R31__NODE1GEN_128014__8x6b__s42.pdb	A	1.000000	1.000000	6195.780105	5439.031947	756.748158	16	792.377672	5	345.600681	6	487.523846	32.430804	False
NODE1GEN_128014_source_rfantibody_source_id_PVRIG_RFAb_v2_P6_ekg_L_bb258_mpn01_arm_P6_ekg_L_backbone_P6_ekg_L_bb258_status_NEEDS_RF2_AND_DOCKING	31	10	/data/qlyu/projects/pvrig_top7500_dualpanel_screen_v1_20260724/run/qc397_top20_plus_top10_fusion_developability_v2_20260726/fusion_panel_common4_bundle/representative_complexes/R31__NODE1GEN_128014__8x6b__s917.pdb	A	1.000000	1.000000	6182.068372	5415.190861	766.877511	11	476.269279	3	234.082770	6	493.273861	34.827167	False
NODE1GEN_128014_source_rfantibody_source_id_PVRIG_RFAb_v2_P6_ekg_L_bb258_mpn01_arm_P6_ekg_L_backbone_P6_ekg_L_bb258_status_NEEDS_RF2_AND_DOCKING	31	10	/data/qlyu/projects/pvrig_top7500_dualpanel_screen_v1_20260724/run/qc397_top20_plus_top10_fusion_developability_v2_20260726/fusion_panel_common4_bundle/representative_complexes/R31__NODE1GEN_128014__9e6y__s1931.pdb	A	1.000000	1.000000	6160.215873	5382.016229	778.199644	10	460.495698	3	238.969225	3	284.678309	35.147093	False
NODE1GEN_128014_source_rfantibody_source_id_PVRIG_RFAb_v2_P6_ekg_L_bb258_mpn01_arm_P6_ekg_L_backbone_P6_ekg_L_bb258_status_NEEDS_RF2_AND_DOCKING	31	10	/data/qlyu/projects/pvrig_top7500_dualpanel_screen_v1_20260724/run/qc397_top20_plus_top10_fusion_developability_v2_20260726/fusion_panel_common4_bundle/representative_complexes/R31__NODE1GEN_128014__9e6y__s3047.pdb	A	1.000000	1.000000	6264.861800	5432.652503	832.209297	16	834.274413	5	347.571276	6	502.939767	33.047785	False
NODE1GEN_128014_source_rfantibody_source_id_PVRIG_RFAb_v2_P6_ekg_L_bb258_mpn01_arm_P6_ekg_L_backbone_P6_ekg_L_bb258_status_NEEDS_RF2_AND_DOCKING	31	10	/data/qlyu/projects/pvrig_top7500_dualpanel_screen_v1_20260724/run/qc397_top20_plus_top10_fusion_developability_v2_20260726/fusion_panel_common4_bundle/representative_complexes/R31__NODE1GEN_128014__9e6y__s42.pdb	A	1.000000	1.000000	6279.401824	5507.938572	771.463252	9	489.857484	3	252.589202	6	511.180688	33.670556	False
NODE1GEN_128014_source_rfantibody_source_id_PVRIG_RFAb_v2_P6_ekg_L_bb258_mpn01_arm_P6_ekg_L_backbone_P6_ekg_L_bb258_status_NEEDS_RF2_AND_DOCKING	31	10	/data/qlyu/projects/pvrig_top7500_dualpanel_screen_v1_20260724/run/qc397_top20_plus_top10_fusion_developability_v2_20260726/fusion_panel_common4_bundle/representative_complexes/R31__NODE1GEN_128014__9e6y__s917.pdb	A	1.000000	1.000000	6135.143324	5272.711969	862.431356	9	442.433153	3	241.780489	3	302.656785	32.089812	False
