candidate_id	trajectory_count	seed_count	md_status	md_role	pvrl2_occlusion_retention_status	seed_median_vhh_rmsd_nm_mean	seed_range_vhh_rmsd_nm_mean	seed_median_complex_rmsd_nm_mean	seed_range_complex_rmsd_nm_mean	seed_median_min_interface_distance_nm_mean	seed_range_min_interface_distance_nm_mean	seed_median_interface_contacts_045nm_mean	seed_range_interface_contacts_045nm_mean	seed_median_hotspot_contacts_045nm_mean	seed_range_hotspot_contacts_045nm_mean	seed_median_interface_hbonds_mean	seed_range_interface_hbonds_mean	seed_median_cdr3_rmsf_nm_mean	seed_range_cdr3_rmsf_nm_mean	seed_median_interface_contacts_045nm_nonzero_occupancy	seed_range_interface_contacts_045nm_nonzero_occupancy	seed_median_hotspot_contacts_045nm_nonzero_occupancy	seed_range_hotspot_contacts_045nm_nonzero_occupancy	seed_median_interface_hbonds_nonzero_occupancy	seed_range_interface_hbonds_nonzero_occupancy
P1MCPUFP__CPUFP500K_0029__00647	3	3	COMPLETE_DESCRIPTIVE_ONLY	DESCRIPTIVE_ONLY	NOT_DIRECTLY_OBSERVABLE_IN_BINARY_MD	0.732252397029703	0.636143087,0.789746671	0.23643044257425744	0.213972055,0.255048372	0.16704487029702972	0.166455696,0.167545701	889.4158415841584	806.158416,926.346535	842.2673267326733	755.237624,879.950495	5.00990099009901	4.20792079,5.59405941	0.0498375	0.0435375,0.0556625	1.0	1,1	1.0	1,1	1.0	1,1
P1MCPUFP__CPUFP500K_0030__00860	3	3	COMPLETE_DESCRIPTIVE_ONLY	DESCRIPTIVE_ONLY	NOT_DIRECTLY_OBSERVABLE_IN_BINARY_MD	0.8706759386138614	0.515343007,1.15899063	0.28083278712871285	0.2120929,0.332665432	0.17073437326732674	0.167925015,0.171129368	750.5049504950495	531.762376,1044.71287	732.8217821782179	473.326733,986.60396	5.00990099009901	1.88118812,7.06930693	0.04641875	0.044575,0.0525	1.0	1,1	1.0	1,1	1.0	0.99009901,1
P1MCPUFP__CPUFP500K_0032__00042	3	3	COMPLETE_DESCRIPTIVE_ONLY	DESCRIPTIVE_ONLY	NOT_DIRECTLY_OBSERVABLE_IN_BINARY_MD	0.5180319851485149	0.330410797,0.601316984	0.20690700594059405	0.189719971,0.23339936	0.18248099108910892	0.180310076,0.189314278	658.1980198019802	577.465347,786.851485	651.9702970297029	557.366337,776.990099	1.900990099009901	1.76237624,2.30693069	0.04328125	0.04106875,0.06274375	1.0	1,1	1.0	1,1	0.9702970297029703	0.900990099,0.97029703
P1MCPUFP__CPUFP500K_0100__00188	3	3	COMPLETE_DESCRIPTIVE_ONLY	DESCRIPTIVE_ONLY	NOT_DIRECTLY_OBSERVABLE_IN_BINARY_MD	0.4078240455445545	0.358821144,0.618549979	0.16545364851485148	0.163772402,0.239705473	0.17848295940594058	0.173050953,0.1947461	799.5148514851485	583.80198,1082.06931	795.9108910891089	581.742574,963.049505	4.0594059405940595	1.12871287,8.12871287	0.05338947368421053	0.0446210526,0.0710631579	1.0	1,1	1.0	1,1	0.9900990099009901	0.683168317,1
P1MCPUFP__CPUFP500K_0100__00383	3	3	COMPLETE_DESCRIPTIVE_ONLY	DESCRIPTIVE_ONLY	NOT_DIRECTLY_OBSERVABLE_IN_BINARY_MD	0.3564879396039604	0.337637663,0.875742327	0.19509802772277227	0.16946227,0.312098634	0.18023157722772276	0.17824995,0.185392301	654.5346534653465	451.257426,693.762376	628.5940594059406	447.693069,675.831683	3.4455445544554455	2.3960396,3.96039604	0.05551578947368421	0.0476473684,0.0563052632	1.0	1,1	1.0	1,1	1.0	0.940594059,1
P1MCPUFP__CPUFP500K_0107__00292	3	3	COMPLETE_DESCRIPTIVE_ONLY	DESCRIPTIVE_ONLY	NOT_DIRECTLY_OBSERVABLE_IN_BINARY_MD	0.446128697029703	0.426531787,0.751171261	0.20227797722772278	0.194131842,0.212929343	0.1909725405940594	0.178717977,0.200863287	650.5247524752475	575.792079,724.633663	641.4851485148515	565.465347,697.584158	1.5346534653465347	0.673267327,3.78217822	0.059657894736842104	0.0509578947,0.0799842105	1.0	1,1	1.0	1,1	0.8118811881188119	0.495049505,1
P1MCPUFP__CPUFP500K_0134__00289	3	3	COMPLETE_DESCRIPTIVE_ONLY	DESCRIPTIVE_ONLY	NOT_DIRECTLY_OBSERVABLE_IN_BINARY_MD	0.4834911059405941	0.472463689,0.59444755	0.20117204554455445	0.178806439,0.233094309	0.17148064752475248	0.169788886,0.172138452	911.960396039604	828.613861,924.50495	863.5940594059406	784.405941,880.613861	2.5346534653465347	1.63366337,3.56435644	0.0522625	0.0390125,0.05844375	1.0	1,1	1.0	1,1	1.0	0.98019802,1
P1MCPUFP__CPUFP500K_0134__00713	3	3	COMPLETE_DESCRIPTIVE_ONLY	DESCRIPTIVE_ONLY	NOT_DIRECTLY_OBSERVABLE_IN_BINARY_MD	0.46100709405940593	0.332399321,0.715321584	0.1688973198019802	0.143981764,0.252375921	0.16666474158415842	0.16481601,0.16945198	911.3465346534654	828.386139,1344.06931	861.7524752475248	809.138614,1215.17822	4.237623762376238	3.02970297,7.74257426	0.037581250000000004	0.034825,0.06869375	1.0	1,1	1.0	1,1	1.0	0.99009901,1
P1MCPUFP__CPUFP500K_0150__00396	3	3	COMPLETE_DESCRIPTIVE_ONLY	DESCRIPTIVE_ONLY	NOT_DIRECTLY_OBSERVABLE_IN_BINARY_MD	0.8310415158415841	0.624337719,0.954245185	0.32296205544554457	0.308308635,0.381721077	0.1851400811881188	0.17619624,0.196223285	468.46534653465346	293.336634,492.871287	363.3762376237624	261.663366,414.990099	1.7623762376237624	1.32673267,2.5049505	0.059493333333333336	0.0477333333,0.10222	1.0	1,1	1.0	1,1	0.8811881188118812	0.722772277,0.98019802
P1MCPUFP__CPUFP500K_0188__00094	3	3	COMPLETE_DESCRIPTIVE_ONLY	DESCRIPTIVE_ONLY	NOT_DIRECTLY_OBSERVABLE_IN_BINARY_MD	0.8285378603960396	0.538297011,0.896361102	0.23779154257425741	0.200849124,0.315071639	0.1745656306930693	0.169860546,0.192140293	690.980198019802	612.079208,768.831683	689.7821782178218	595.752475,710.138614	5.425742574257426	1.69306931,5.52475248	0.05485263157894737	0.0482421053,0.0553210526	1.0	1,1	1.0	1,1	1.0	0.920792079,1
P1MCPUFP__CPUFP500K_0188__00549	3	3	COMPLETE_DESCRIPTIVE_ONLY	DESCRIPTIVE_ONLY	NOT_DIRECTLY_OBSERVABLE_IN_BINARY_MD	0.7751300069306931	0.48397368,0.825892333	0.2586748297029703	0.18428744,0.267090234	0.17561441386138613	0.169011547,0.176979966	877.2277227722773	732.049505,1014.56436	816.5148514851485	681.574257,934.60396	6.03960396039604	5.9009901,6.20792079	0.04872105263157895	0.0443,0.0575526316	1.0	1,1	1.0	1,1	1.0	1,1
P1MCPUFP__CPUFP500K_0188__00715	3	3	COMPLETE_DESCRIPTIVE_ONLY	DESCRIPTIVE_ONLY	NOT_DIRECTLY_OBSERVABLE_IN_BINARY_MD	0.5928320594059406	0.584822978,0.678508569	0.2554721118811881	0.248210151,0.282376589	0.18874914257425743	0.178005354,0.19076101	693.5940594059406	654.277228,837.168317	641.980198019802	612.990099,815.722772	2.4356435643564356	2.2970297,3.51485149	0.053610526315789477	0.0490842105,0.0755894737	1.0	1,1	1.0	1,1	0.9405940594059405	0.940594059,1
P1MCPUFP__CPUFP500K_0288__00659	3	3	COMPLETE_DESCRIPTIVE_ONLY	DESCRIPTIVE_ONLY	NOT_DIRECTLY_OBSERVABLE_IN_BINARY_MD	0.8390341207920792	0.642129843,0.942549797	0.3508312465346535	0.254133214,0.352815755	0.19347143564356437	0.189338183,0.207285357	745.8118811881188	541.524752,774.465347	745.6435643564356	539.425743,768.049505	1.3465346534653466	0.435643564,1.41584158	0.0412	0.0393473684,0.0478947368	1.0	1,1	1.0	1,1	0.7722772277227723	0.376237624,0.920792079
P1MCPUFP__CPUFP500K_0288__00812	3	3	COMPLETE_DESCRIPTIVE_ONLY	DESCRIPTIVE_ONLY	NOT_DIRECTLY_OBSERVABLE_IN_BINARY_MD	0.8386834376237624	0.706615551,1.29386754	0.2786937178217822	0.219497,0.358219364	0.17420815346534654	0.169567391,0.183067377	834.6435643564356	671.80198,1018.10891	735.4158415841584	567.356436,854.356436	4.623762376237623	2.6039604,4.62376238	0.05371052631578947	0.0480473684,0.0609473684	1.0	1,1	1.0	1,1	1.0	0.99009901,1
P1MCPUFP__CPUFP500K_0288__00895	3	3	COMPLETE_DESCRIPTIVE_ONLY	DESCRIPTIVE_ONLY	NOT_DIRECTLY_OBSERVABLE_IN_BINARY_MD	0.4275528059405941	0.334572514,0.432000867	0.18836789306930693	0.187711772,0.245241223	0.17000702475247526	0.165323847,0.170426192	697.039603960396	520.920792,801.623762	566.4554455445544	519.831683,790.712871	2.98019801980198	2.59405941,3.00990099	0.04295263157894737	0.0423631579,0.0432052632	1.0	1,1	1.0	1,1	1.0	1,1
P1MCPUFP__CPUFP500K_0313__00128	3	3	COMPLETE_DESCRIPTIVE_ONLY	DESCRIPTIVE_ONLY	NOT_DIRECTLY_OBSERVABLE_IN_BINARY_MD	0.6399612485148515	0.40811907,0.913683403	0.2308626405940594	0.193720336,0.315487945	0.17500072277227724	0.17002956,0.178067266	703.4257425742575	485.415842,739.148515	694.8613861386139	477.792079,709.237624	4.079207920792079	2.59405941,5.51485149	0.05572666666666667	0.0483266667,0.0564933333	1.0	1,1	1.0	1,1	1.0	0.99009901,1
P1MCPUFP__CPUFP500K_0388__00663	3	3	COMPLETE_DESCRIPTIVE_ONLY	DESCRIPTIVE_ONLY	NOT_DIRECTLY_OBSERVABLE_IN_BINARY_MD	0.7186968712871287	0.467080641,0.846169553	0.24357659405940593	0.230326783,0.328025638	0.16552484059405942	0.164833569,0.16747525	515.059405940594	511.831683,768.257426	511.7227722772277	504.594059,759.425743	3.3168316831683167	2.99009901,5.34653465	0.0496	0.0468947368,0.0625052632	1.0	1,1	1.0	1,1	1.0	1,1
P1MCPUFP__CPUFP500K_0399__00131	3	3	COMPLETE_DESCRIPTIVE_ONLY	DESCRIPTIVE_ONLY	NOT_DIRECTLY_OBSERVABLE_IN_BINARY_MD	0.6195305653465346	0.362487645,0.653920952	0.21276029900990098	0.192690231,0.221435361	0.18071494752475248	0.16823325,0.18179744	641.1089108910891	554.752475,685.227723	604.2871287128713	529.534653,634.069307	2.9405940594059405	2.61386139,3.98019802	0.05159473684210526	0.0382368421,0.0548894737	1.0	1,1	1.0	1,1	0.9900990099009901	0.98019802,1
P1MCPUFP__CPUFP500K_0404__00029	3	3	COMPLETE_DESCRIPTIVE_ONLY	DESCRIPTIVE_ONLY	NOT_DIRECTLY_OBSERVABLE_IN_BINARY_MD	0.6088005465346534	0.417783342,0.843241587	0.25529331881188116	0.223510611,0.261599029	0.18465708217821783	0.169139707,0.201421345	761.2277227722773	702.980198,895.435644	699.9207920792079	635.60396,806.207921	3.742574257425743	0.455445545,6.02970297	0.060026315789473685	0.0505157895,0.0732736842	1.0	1,1	1.0	1,1	1.0	0.386138614,1
P1MCPUFP__CPUFP500K_0432__00378	3	3	COMPLETE_DESCRIPTIVE_ONLY	DESCRIPTIVE_ONLY	NOT_DIRECTLY_OBSERVABLE_IN_BINARY_MD	1.2072393376237625	0.45349175,1.44956091	0.3450275316831683	0.242235518,0.425242869	0.1819445891089109	0.175179217,0.185967584	485.23762376237624	332.405941,674.326733	443.1782178217822	311.594059,665.415842	1.4554455445544554	1.16831683,2.77227723	0.04745625	0.04181875,0.06909375	1.0	1,1	1.0	1,1	0.9504950495049505	0.772277228,1
