system_id	candidate_id	md_selection_channel	source_job_id	md_seed	gpu	production_ns	analysis_window_ns	md_role	cdr3_rmsf_nm_mean	pvrl2_occlusion_retention_status	vhh_rmsd_nm_mean	vhh_rmsd_nm_median	vhh_rmsd_nm_stdev	complex_rmsd_nm_mean	complex_rmsd_nm_median	complex_rmsd_nm_stdev	min_interface_distance_nm_mean	min_interface_distance_nm_median	min_interface_distance_nm_stdev	interface_contacts_045nm_mean	interface_contacts_045nm_median	interface_contacts_045nm_stdev	interface_contacts_045nm_nonzero_occupancy	hotspot_contacts_045nm_mean	hotspot_contacts_045nm_median	hotspot_contacts_045nm_stdev	hotspot_contacts_045nm_nonzero_occupancy	interface_hbonds_mean	interface_hbonds_median	interface_hbonds_stdev	interface_hbonds_nonzero_occupancy
P1MCPUFP__CPUFP500K_0107__00292	P1MCPUFP__CPUFP500K_0107__00292	CORE_EXPLOITATION	CANDIDATE_P1MCPUFP__CPUFP500K_0107__00292_8x6b_s917_e33e579a4513	917	0	2	1.0-2.0	DESCRIPTIVE_ONLY	0.07998421052631578	NOT_DIRECTLY_OBSERVABLE_IN_BINARY_MD	0.7511712613861387	0.7339614	0.1536601359221656	0.20227797722772278	0.2026375	0.021865061048101472	0.20086328712871288	0.2024573	0.01441346332741803	650.5247524752475	615.0	122.42577820660642	1.0	641.4851485148515	611.0	118.25301066741868	1.0	0.6732673267326733	0.0	0.7848681656477787	0.49504950495049505
P1MCPUFP__CPUFP500K_0107__00292	P1MCPUFP__CPUFP500K_0107__00292	CORE_EXPLOITATION	CANDIDATE_P1MCPUFP__CPUFP500K_0107__00292_8x6b_s917_e33e579a4513	1931	1	2	1.0-2.0	DESCRIPTIVE_ONLY	0.059657894736842104	NOT_DIRECTLY_OBSERVABLE_IN_BINARY_MD	0.42653178712871287	0.4174275	0.08360940304288422	0.2129293425742574	0.2072813	0.02541288246788241	0.1909725405940594	0.1894494	0.014328263843202755	724.6336633663366	718.0	80.74525676806127	1.0	697.5841584158416	687.0	76.89960889402568	1.0	1.5346534653465347	1.0	1.0860442931328387	0.8118811881188119
P1MCPUFP__CPUFP500K_0107__00292	P1MCPUFP__CPUFP500K_0107__00292	CORE_EXPLOITATION	CANDIDATE_P1MCPUFP__CPUFP500K_0107__00292_8x6b_s917_e33e579a4513	3253	2	2	1.0-2.0	DESCRIPTIVE_ONLY	0.050957894736842105	NOT_DIRECTLY_OBSERVABLE_IN_BINARY_MD	0.446128697029703	0.4393606	0.0722632326918258	0.19413184158415842	0.1938289	0.021261836698808163	0.17871797722772279	0.1758694	0.013695286254715172	575.7920792079208	596.0	107.44921128871995	1.0	565.4653465346535	589.0	101.48409272573245	1.0	3.782178217821782	4.0	1.4932452558039426	1.0
P1MCPUFP__CPUFP500K_0032__00042	P1MCPUFP__CPUFP500K_0032__00042	CORE_EXPLOITATION	CANDIDATE_P1MCPUFP__CPUFP500K_0032__00042_8x6b_s917_49e683d41b36	917	4	2	1.0-2.0	DESCRIPTIVE_ONLY	0.04106875	NOT_DIRECTLY_OBSERVABLE_IN_BINARY_MD	0.6013169841584158	0.6076034	0.08014574428532596	0.20690700594059405	0.2074766	0.016323329970690536	0.18248099108910892	0.1799417	0.014362076523599316	786.8514851485148	783.0	57.19627249133675	1.0	776.990099009901	773.0	55.71328565970686	1.0	1.900990099009901	2.0	0.9174323888008218	0.9702970297029703
P1MCPUFP__CPUFP500K_0032__00042	P1MCPUFP__CPUFP500K_0032__00042	CORE_EXPLOITATION	CANDIDATE_P1MCPUFP__CPUFP500K_0032__00042_8x6b_s917_49e683d41b36	1931	0	2	1.0-2.0	DESCRIPTIVE_ONLY	0.04328125	NOT_DIRECTLY_OBSERVABLE_IN_BINARY_MD	0.330410797029703	0.3258054	0.04245650459756736	0.18971997128712872	0.1893007	0.01588660496910599	0.1893142782178218	0.1894121	0.012721770789622172	658.1980198019802	657.0	58.255500705216235	1.0	651.9702970297029	647.0	57.75373725776113	1.0	1.7623762376237624	2.0	0.9243516845135689	0.900990099009901
P1MCPUFP__CPUFP500K_0032__00042	P1MCPUFP__CPUFP500K_0032__00042	CORE_EXPLOITATION	CANDIDATE_P1MCPUFP__CPUFP500K_0032__00042_8x6b_s917_49e683d41b36	3253	1	2	1.0-2.0	DESCRIPTIVE_ONLY	0.06274375	NOT_DIRECTLY_OBSERVABLE_IN_BINARY_MD	0.5180319851485149	0.5019647	0.10388820343327124	0.2333993603960396	0.2312632	0.025497608770201047	0.18031007623762377	0.1794156	0.012969415658876179	577.4653465346535	596.0	100.07388996437925	1.0	557.3663366336634	571.0	90.37301388719419	1.0	2.3069306930693068	2.0	0.9723155403715579	0.9702970297029703
P1MCPUFP__CPUFP500K_0188__00549	P1MCPUFP__CPUFP500K_0188__00549	CORE_EXPLOITATION	CANDIDATE_P1MCPUFP__CPUFP500K_0188__00549_8x6b_s1931_de830fe00bbf	917	2	2	1.0-2.0	DESCRIPTIVE_ONLY	0.0443	NOT_DIRECTLY_OBSERVABLE_IN_BINARY_MD	0.8258923326732673	0.83865	0.12144238508666749	0.2586748297029703	0.2594139	0.024813288892504358	0.17697996633663365	0.1774429	0.007673163441879591	1014.5643564356436	1004.0	85.35974146053623	1.0	934.6039603960396	922.0	75.50228889165956	1.0	5.900990099009901	6.0	1.5764664742570411	1.0
P1MCPUFP__CPUFP500K_0188__00549	P1MCPUFP__CPUFP500K_0188__00549	CORE_EXPLOITATION	CANDIDATE_P1MCPUFP__CPUFP500K_0188__00549_8x6b_s1931_de830fe00bbf	1931	4	2	1.0-2.0	DESCRIPTIVE_ONLY	0.05755263157894737	NOT_DIRECTLY_OBSERVABLE_IN_BINARY_MD	0.4839736801980198	0.4959951	0.09062437911110055	0.1842874396039604	0.1837869	0.015023898326814885	0.16901154653465347	0.1700912	0.00820111924592335	732.049504950495	732.0	45.63509510996466	1.0	681.5742574257425	676.0	40.17125383093704	1.0	6.207920792079208	6.0	1.3666235887507816	1.0
P1MCPUFP__CPUFP500K_0188__00549	P1MCPUFP__CPUFP500K_0188__00549	CORE_EXPLOITATION	CANDIDATE_P1MCPUFP__CPUFP500K_0188__00549_8x6b_s1931_de830fe00bbf	3253	0	2	1.0-2.0	DESCRIPTIVE_ONLY	0.04872105263157895	NOT_DIRECTLY_OBSERVABLE_IN_BINARY_MD	0.7751300069306931	0.765788	0.08733953775295047	0.2670902336633663	0.2615083	0.03135684425105635	0.17561441386138613	0.1745995	0.00953863421656537	877.2277227722773	868.0	73.24134540676087	1.0	816.5148514851485	812.0	71.52436597375919	1.0	6.03960396039604	6.0	1.501951153964471	1.0
P1MCPUFP__CPUFP500K_0100__00383	P1MCPUFP__CPUFP500K_0100__00383	CORE_EXPLOITATION	CANDIDATE_P1MCPUFP__CPUFP500K_0100__00383_8x6b_s1931_53562365f0ab	917	1	2	1.0-2.0	DESCRIPTIVE_ONLY	0.05630526315789473	NOT_DIRECTLY_OBSERVABLE_IN_BINARY_MD	0.8757423267326733	0.8668996	0.14363970564131473	0.3120986336633663	0.3143196	0.028095953483369435	0.18023157722772276	0.1778932	0.010762682459596915	451.25742574257424	446.0	56.34435381859113	1.0	447.6930693069307	442.0	54.772570748696275	1.0	3.4455445544554455	4.0	0.9384550979067553	1.0
P1MCPUFP__CPUFP500K_0100__00383	P1MCPUFP__CPUFP500K_0100__00383	CORE_EXPLOITATION	CANDIDATE_P1MCPUFP__CPUFP500K_0100__00383_8x6b_s1931_53562365f0ab	1931	2	2	1.0-2.0	DESCRIPTIVE_ONLY	0.04764736842105263	NOT_DIRECTLY_OBSERVABLE_IN_BINARY_MD	0.33763766336633666	0.3266683	0.05733306538598135	0.19509802772277227	0.1913886	0.02162662169487622	0.185392300990099	0.1845482	0.01490683866380169	693.7623762376238	699.0	95.65264598254669	1.0	675.8316831683169	689.0	100.8940302139354	1.0	2.396039603960396	2.0	1.2434319157575922	0.9405940594059405
P1MCPUFP__CPUFP500K_0100__00383	P1MCPUFP__CPUFP500K_0100__00383	CORE_EXPLOITATION	CANDIDATE_P1MCPUFP__CPUFP500K_0100__00383_8x6b_s1931_53562365f0ab	3253	4	2	1.0-2.0	DESCRIPTIVE_ONLY	0.05551578947368421	NOT_DIRECTLY_OBSERVABLE_IN_BINARY_MD	0.3564879396039604	0.3188233	0.12523113745590836	0.1694622702970297	0.169302	0.01831907728899864	0.17824995049504952	0.1788713	0.010695665016744892	654.5346534653465	622.0	115.70862726218697	1.0	628.5940594059406	594.0	117.54174975304039	1.0	3.9603960396039604	4.0	1.1933876572926227	1.0
P1MCPUFP__CPUFP500K_0399__00131	P1MCPUFP__CPUFP500K_0399__00131	CORE_EXPLOITATION	CANDIDATE_P1MCPUFP__CPUFP500K_0399__00131_8x6b_s1931_6650d74422eb	917	0	2	1.0-2.0	DESCRIPTIVE_ONLY	0.03823684210526316	NOT_DIRECTLY_OBSERVABLE_IN_BINARY_MD	0.6539209524752475	0.6549361	0.1439125629096139	0.22143536138613862	0.2224386	0.024637310725787502	0.18071494752475248	0.1801251	0.01256266549452959	554.7524752475248	560.0	61.70071584234099	1.0	529.5346534653465	535.0	61.32587268456502	1.0	2.9405940594059405	3.0	1.041911630184261	0.9801980198019802
P1MCPUFP__CPUFP500K_0399__00131	P1MCPUFP__CPUFP500K_0399__00131	CORE_EXPLOITATION	CANDIDATE_P1MCPUFP__CPUFP500K_0399__00131_8x6b_s1931_6650d74422eb	1931	1	2	1.0-2.0	DESCRIPTIVE_ONLY	0.05159473684210526	NOT_DIRECTLY_OBSERVABLE_IN_BINARY_MD	0.6195305653465346	0.6328956	0.12348997468248776	0.21276029900990098	0.2144742	0.0269472085394942	0.1682332495049505	0.1676932	0.006890699675946116	685.2277227722773	681.0	66.63434745798047	1.0	604.2871287128713	600.0	61.30419794610412	1.0	3.98019801980198	4.0	1.3714211608372238	1.0
P1MCPUFP__CPUFP500K_0399__00131	P1MCPUFP__CPUFP500K_0399__00131	CORE_EXPLOITATION	CANDIDATE_P1MCPUFP__CPUFP500K_0399__00131_8x6b_s1931_6650d74422eb	3253	2	2	1.0-2.0	DESCRIPTIVE_ONLY	0.05488947368421053	NOT_DIRECTLY_OBSERVABLE_IN_BINARY_MD	0.3624876445544554	0.3365035	0.09386871363473928	0.19269023069306931	0.1852573	0.028883930833427884	0.1817974396039604	0.1802609	0.009449014779184304	641.1089108910891	651.0	98.2973767555964	1.0	634.0693069306931	637.0	97.42438117860696	1.0	2.613861386138614	2.0	1.1770940643091112	0.9900990099009901
P1MCPUFP__CPUFP500K_0388__00663	P1MCPUFP__CPUFP500K_0388__00663	CORE_EXPLOITATION	CANDIDATE_P1MCPUFP__CPUFP500K_0388__00663_8x6b_s3047_470d85edbd50	917	4	2	1.0-2.0	DESCRIPTIVE_ONLY	0.06250526315789473	NOT_DIRECTLY_OBSERVABLE_IN_BINARY_MD	0.7186968712871287	0.6996757	0.11537051928760463	0.24357659405940593	0.2406503	0.02974234782645556	0.1648335693069307	0.1644689	0.008538255705286643	511.83168316831683	511.0	60.909292940189964	1.0	511.7227722772277	511.0	60.862142358879375	1.0	2.99009900990099	3.0	0.7243303428978963	1.0
P1MCPUFP__CPUFP500K_0388__00663	P1MCPUFP__CPUFP500K_0388__00663	CORE_EXPLOITATION	CANDIDATE_P1MCPUFP__CPUFP500K_0388__00663_8x6b_s3047_470d85edbd50	1931	0	2	1.0-2.0	DESCRIPTIVE_ONLY	0.0496	NOT_DIRECTLY_OBSERVABLE_IN_BINARY_MD	0.4670806405940594	0.4541171	0.07362886783552107	0.23032678316831684	0.228839	0.015281741597653047	0.1674752495049505	0.1660271	0.007657924870337098	768.2574257425742	773.0	58.417862022451565	1.0	759.4257425742575	762.0	60.237047666509156	1.0	5.346534653465347	5.0	1.1029720745848413	1.0
P1MCPUFP__CPUFP500K_0388__00663	P1MCPUFP__CPUFP500K_0388__00663	CORE_EXPLOITATION	CANDIDATE_P1MCPUFP__CPUFP500K_0388__00663_8x6b_s3047_470d85edbd50	3253	1	2	1.0-2.0	DESCRIPTIVE_ONLY	0.04689473684210526	NOT_DIRECTLY_OBSERVABLE_IN_BINARY_MD	0.8461695534653465	0.8640618	0.154764469524264	0.32802563762376236	0.3312162	0.0276773961707106	0.16552484059405942	0.1650124	0.00865283145528102	515.059405940594	523.0	71.05454908858226	1.0	504.5940594059406	512.0	71.57343085470545	1.0	3.3168316831683167	4.0	1.1339119447303292	1.0
P1MCPUFP__CPUFP500K_0100__00188	P1MCPUFP__CPUFP500K_0100__00188	CORE_EXPLOITATION	CANDIDATE_P1MCPUFP__CPUFP500K_0100__00188_8x6b_s917_5474bbadfe7f	917	2	2	1.0-2.0	DESCRIPTIVE_ONLY	0.05338947368421053	NOT_DIRECTLY_OBSERVABLE_IN_BINARY_MD	0.4078240455445545	0.4013584	0.09210823975556917	0.16377240198019802	0.1643466	0.015225263761561079	0.17305095346534655	0.1730059	0.006457538347958862	1082.069306930693	1077.0	88.51271178223163	1.0	963.049504950495	957.0	85.15162669883586	1.0	8.128712871287128	8.0	1.5521519162190436	1.0
P1MCPUFP__CPUFP500K_0100__00188	P1MCPUFP__CPUFP500K_0100__00188	CORE_EXPLOITATION	CANDIDATE_P1MCPUFP__CPUFP500K_0100__00188_8x6b_s917_5474bbadfe7f	1931	4	2	1.0-2.0	DESCRIPTIVE_ONLY	0.07106315789473684	NOT_DIRECTLY_OBSERVABLE_IN_BINARY_MD	0.6185499792079208	0.5821685	0.1583020066183887	0.23970547326732672	0.2318855	0.0257331221454462	0.1947461	0.1949205	0.015471734939918312	583.8019801980198	607.0	149.7486355779743	1.0	581.7425742574258	605.0	147.97535608747418	1.0	1.1287128712871286	1.0	1.0308447591936927	0.6831683168316832
P1MCPUFP__CPUFP500K_0100__00188	P1MCPUFP__CPUFP500K_0100__00188	CORE_EXPLOITATION	CANDIDATE_P1MCPUFP__CPUFP500K_0100__00188_8x6b_s917_5474bbadfe7f	3253	0	2	1.0-2.0	DESCRIPTIVE_ONLY	0.04462105263157895	NOT_DIRECTLY_OBSERVABLE_IN_BINARY_MD	0.35882114356435646	0.3559787	0.06918301739699816	0.16545364851485148	0.1672425	0.014959034826661447	0.17848295940594058	0.1777211	0.009568196808685439	799.5148514851485	798.0	74.49401781569092	1.0	795.9108910891089	796.0	73.70856433035176	1.0	4.0594059405940595	4.0	1.3702769986517385	0.9900990099009901
P1MCPUFP__CPUFP500K_0404__00029	P1MCPUFP__CPUFP500K_0404__00029	CORE_EXPLOITATION	CANDIDATE_P1MCPUFP__CPUFP500K_0404__00029_8x6b_s917_544f4c3d4f0b	917	1	2	1.0-2.0	DESCRIPTIVE_ONLY	0.07327368421052632	NOT_DIRECTLY_OBSERVABLE_IN_BINARY_MD	0.8432415871287129	0.8632653	0.15828936782378716	0.2615990287128713	0.2674134	0.03699722543957854	0.18465708217821783	0.1849838	0.009830510705913927	895.4356435643564	893.0	91.38791390957691	1.0	806.2079207920792	804.0	87.196411592948	1.0	3.742574257425743	4.0	1.0497851297971696	1.0
P1MCPUFP__CPUFP500K_0404__00029	P1MCPUFP__CPUFP500K_0404__00029	CORE_EXPLOITATION	CANDIDATE_P1MCPUFP__CPUFP500K_0404__00029_8x6b_s917_544f4c3d4f0b	1931	2	2	1.0-2.0	DESCRIPTIVE_ONLY	0.05051578947368421	NOT_DIRECTLY_OBSERVABLE_IN_BINARY_MD	0.6088005465346534	0.6168015	0.13921413409768077	0.25529331881188116	0.270165	0.04086966514557016	0.20142134455445546	0.2014794	0.010352937159684267	702.980198019802	712.0	74.88089290822502	1.0	699.9207920792079	706.0	74.41809680478181	1.0	0.45544554455445546	0.0	0.6375192091883266	0.38613861386138615
P1MCPUFP__CPUFP500K_0404__00029	P1MCPUFP__CPUFP500K_0404__00029	CORE_EXPLOITATION	CANDIDATE_P1MCPUFP__CPUFP500K_0404__00029_8x6b_s917_544f4c3d4f0b	3253	4	2	1.0-2.0	DESCRIPTIVE_ONLY	0.060026315789473685	NOT_DIRECTLY_OBSERVABLE_IN_BINARY_MD	0.4177833415841584	0.406098	0.08522492101331741	0.22351061089108912	0.2189651	0.020790853400887807	0.16913970693069308	0.1679077	0.009458275856972327	761.2277227722773	759.0	80.90636088372716	1.0	635.6039603960396	629.0	73.49467269815094	1.0	6.02970297029703	6.0	1.1811677855054843	1.0
P1MCPUFP__CPUFP500K_0188__00094	P1MCPUFP__CPUFP500K_0188__00094	CORE_EXPLOITATION	CANDIDATE_P1MCPUFP__CPUFP500K_0188__00094_8x6b_s3047_b2396d2e729c	917	0	2	1.0-2.0	DESCRIPTIVE_ONLY	0.05485263157894737	NOT_DIRECTLY_OBSERVABLE_IN_BINARY_MD	0.8285378603960396	0.8428323	0.13565413661577774	0.23779154257425741	0.2391421	0.028027332712350306	0.1745656306930693	0.1741437	0.008603376010645071	690.980198019802	692.0	86.07663868143005	1.0	689.7821782178218	689.0	85.77100573596148	1.0	5.425742574257426	5.0	1.5308480446184674	1.0
P1MCPUFP__CPUFP500K_0188__00094	P1MCPUFP__CPUFP500K_0188__00094	CORE_EXPLOITATION	CANDIDATE_P1MCPUFP__CPUFP500K_0188__00094_8x6b_s3047_b2396d2e729c	1931	1	2	1.0-2.0	DESCRIPTIVE_ONLY	0.04824210526315789	NOT_DIRECTLY_OBSERVABLE_IN_BINARY_MD	0.5382970108910891	0.5339761	0.08527676414510335	0.20084912376237624	0.1985979	0.020046843811152477	0.19214029306930694	0.1910892	0.0164625408939207	612.0792079207921	618.0	71.72067423166	1.0	595.7524752475248	600.0	69.73094060767835	1.0	1.693069306930693	2.0	0.9517318685701319	0.9207920792079208
P1MCPUFP__CPUFP500K_0188__00094	P1MCPUFP__CPUFP500K_0188__00094	CORE_EXPLOITATION	CANDIDATE_P1MCPUFP__CPUFP500K_0188__00094_8x6b_s3047_b2396d2e729c	3253	2	2	1.0-2.0	DESCRIPTIVE_ONLY	0.05532105263157895	NOT_DIRECTLY_OBSERVABLE_IN_BINARY_MD	0.896361101980198	0.8929579	0.124620360530169	0.3150716386138614	0.3172982	0.03293642613403234	0.16986054554455446	0.1704289	0.007920089560331262	768.8316831683169	771.0	102.76523946219072	1.0	710.1386138613861	718.0	86.02716928682683	1.0	5.524752475247524	6.0	1.3686305897526712	1.0
P1MCPUFP__CPUFP500K_0188__00715	P1MCPUFP__CPUFP500K_0188__00715	CORE_EXPLOITATION	CANDIDATE_P1MCPUFP__CPUFP500K_0188__00715_8x6b_s42_37a373c15ff2	917	4	2	1.0-2.0	DESCRIPTIVE_ONLY	0.053610526315789477	NOT_DIRECTLY_OBSERVABLE_IN_BINARY_MD	0.5928320594059406	0.4636188	0.2671325436505557	0.2554721118811881	0.2189107	0.06253827002276806	0.18874914257425743	0.1843314	0.015568669307331912	654.2772277227723	653.0	58.62147729488972	1.0	641.980198019802	646.0	57.414246032544405	1.0	2.297029702970297	2.0	1.3682724126274481	0.9405940594059405
P1MCPUFP__CPUFP500K_0188__00715	P1MCPUFP__CPUFP500K_0188__00715	CORE_EXPLOITATION	CANDIDATE_P1MCPUFP__CPUFP500K_0188__00715_8x6b_s42_37a373c15ff2	1931	0	2	1.0-2.0	DESCRIPTIVE_ONLY	0.07558947368421053	NOT_DIRECTLY_OBSERVABLE_IN_BINARY_MD	0.5848229782178218	0.5911468	0.11225930824490006	0.24821015148514852	0.2496035	0.03164142996712816	0.1907610099009901	0.1898421	0.013649521575139512	693.5940594059406	691.0	68.91868910015337	1.0	612.990099009901	613.0	68.00211048697876	1.0	2.4356435643564356	2.0	1.4786657190173838	0.9405940594059405
P1MCPUFP__CPUFP500K_0188__00715	P1MCPUFP__CPUFP500K_0188__00715	CORE_EXPLOITATION	CANDIDATE_P1MCPUFP__CPUFP500K_0188__00715_8x6b_s42_37a373c15ff2	3253	1	2	1.0-2.0	DESCRIPTIVE_ONLY	0.049084210526315786	NOT_DIRECTLY_OBSERVABLE_IN_BINARY_MD	0.6785085693069307	0.7210813	0.17143106131514954	0.2823765891089109	0.2905279	0.044514482401635594	0.17800535445544555	0.1774288	0.01113128080772828	837.1683168316831	849.0	95.92757884110001	1.0	815.7227722772277	828.0	91.3107108562131	1.0	3.514851485148515	4.0	0.9811476547990094	1.0
P1MCPUFP__CPUFP500K_0288__00659	P1MCPUFP__CPUFP500K_0288__00659	CORE_EXPLOITATION	CANDIDATE_P1MCPUFP__CPUFP500K_0288__00659_8x6b_s3047_329c9d6b5be6	917	2	2	1.0-2.0	DESCRIPTIVE_ONLY	0.04789473684210526	NOT_DIRECTLY_OBSERVABLE_IN_BINARY_MD	0.8390341207920792	0.820576	0.14174553005478074	0.3508312465346535	0.3529758	0.029849024155356275	0.20728535742574258	0.2071735	0.013652872397667801	541.5247524752475	545.0	89.17105533796966	1.0	539.4257425742575	543.0	89.04102364514526	1.0	0.43564356435643564	0.0	0.620058150964403	0.37623762376237624
P1MCPUFP__CPUFP500K_0288__00659	P1MCPUFP__CPUFP500K_0288__00659	CORE_EXPLOITATION	CANDIDATE_P1MCPUFP__CPUFP500K_0288__00659_8x6b_s3047_329c9d6b5be6	1931	4	2	1.0-2.0	DESCRIPTIVE_ONLY	0.0412	NOT_DIRECTLY_OBSERVABLE_IN_BINARY_MD	0.942549797029703	0.9525659	0.12632895225546145	0.35281575544554455	0.3566361	0.027710373522951297	0.18933818316831683	0.1888732	0.015077704601546577	745.8118811881188	734.0	83.0307962515361	1.0	745.6435643564356	734.0	82.97519421262054	1.0	1.4158415841584158	1.0	1.0461369458908745	0.7722772277227723
P1MCPUFP__CPUFP500K_0288__00659	P1MCPUFP__CPUFP500K_0288__00659	CORE_EXPLOITATION	CANDIDATE_P1MCPUFP__CPUFP500K_0288__00659_8x6b_s3047_329c9d6b5be6	3253	0	2	1.0-2.0	DESCRIPTIVE_ONLY	0.03934736842105263	NOT_DIRECTLY_OBSERVABLE_IN_BINARY_MD	0.6421298425742574	0.6401858	0.10739773589264352	0.25413321386138615	0.2552511	0.021941782833924298	0.19347143564356437	0.1913349	0.011258963214130571	774.4653465346535	778.0	93.15159202164524	1.0	768.049504950495	770.0	92.16809613580764	1.0	1.3465346534653466	1.0	0.7634684217289902	0.9207920792079208
P1MCPUFP__CPUFP500K_0134__00289	P1MCPUFP__CPUFP500K_0134__00289	PARENT_CDR3_DIVERSITY	CANDIDATE_P1MCPUFP__CPUFP500K_0134__00289_8x6b_s917_e52c9f8bfccd	917	1	2	1.0-2.0	DESCRIPTIVE_ONLY	0.0390125	NOT_DIRECTLY_OBSERVABLE_IN_BINARY_MD	0.4724636891089109	0.4619831	0.07466738104539757	0.1788064386138614	0.1768114	0.017143143558095156	0.17148064752475248	0.1690059	0.01036048206732893	924.5049504950495	925.0	80.0136898883685	1.0	880.6138613861386	879.0	79.1383010870911	1.0	2.5346534653465347	2.0	0.949876036056353	1.0
P1MCPUFP__CPUFP500K_0134__00289	P1MCPUFP__CPUFP500K_0134__00289	PARENT_CDR3_DIVERSITY	CANDIDATE_P1MCPUFP__CPUFP500K_0134__00289_8x6b_s917_e52c9f8bfccd	1931	2	2	1.0-2.0	DESCRIPTIVE_ONLY	0.05844375	NOT_DIRECTLY_OBSERVABLE_IN_BINARY_MD	0.5944475504950495	0.6164734	0.11204847255194372	0.23309430891089108	0.2362922	0.027131539180134764	0.16978888613861387	0.1691983	0.011186083657380132	911.960396039604	919.0	79.34096376107503	1.0	863.5940594059406	873.0	77.55868786744166	1.0	3.5643564356435644	4.0	1.0475415971244804	1.0
P1MCPUFP__CPUFP500K_0134__00289	P1MCPUFP__CPUFP500K_0134__00289	PARENT_CDR3_DIVERSITY	CANDIDATE_P1MCPUFP__CPUFP500K_0134__00289_8x6b_s917_e52c9f8bfccd	3253	4	2	1.0-2.0	DESCRIPTIVE_ONLY	0.0522625	NOT_DIRECTLY_OBSERVABLE_IN_BINARY_MD	0.4834911059405941	0.5063461	0.15724419702113573	0.20117204554455445	0.2109578	0.038096465788372794	0.17213845247524753	0.1702382	0.012075266128470418	828.6138613861386	827.0	66.89713846342494	1.0	784.4059405940594	783.0	63.86684449771635	1.0	1.6336633663366336	1.0	0.8410598250136753	0.9801980198019802
P1MCPUFP__CPUFP500K_0313__00128	P1MCPUFP__CPUFP500K_0313__00128	PARENT_CDR3_DIVERSITY	CANDIDATE_P1MCPUFP__CPUFP500K_0313__00128_8x6b_s1931_f0f7f932b8ac	917	0	2	1.0-2.0	DESCRIPTIVE_ONLY	0.05649333333333333	NOT_DIRECTLY_OBSERVABLE_IN_BINARY_MD	0.6399612485148515	0.6212887	0.1249655969501243	0.2308626405940594	0.2237737	0.03280338733206467	0.17002956039603961	0.1692721	0.00906218046643049	703.4257425742575	688.0	94.06005523486161	1.0	694.8613861386139	681.0	91.56635095809808	1.0	4.079207920792079	4.0	1.7782134115361306	1.0
P1MCPUFP__CPUFP500K_0313__00128	P1MCPUFP__CPUFP500K_0313__00128	PARENT_CDR3_DIVERSITY	CANDIDATE_P1MCPUFP__CPUFP500K_0313__00128_8x6b_s1931_f0f7f932b8ac	1931	1	2	1.0-2.0	DESCRIPTIVE_ONLY	0.05572666666666667	NOT_DIRECTLY_OBSERVABLE_IN_BINARY_MD	0.4081190702970297	0.3772894	0.11397101922002105	0.19372033564356436	0.193479	0.0171987258255112	0.17806726633663367	0.1772	0.011586957635419462	739.1485148514852	730.0	86.59092241296999	1.0	709.2376237623762	701.0	87.11164436774514	1.0	5.514851485148514	6.0	1.8054585078278298	1.0
P1MCPUFP__CPUFP500K_0313__00128	P1MCPUFP__CPUFP500K_0313__00128	PARENT_CDR3_DIVERSITY	CANDIDATE_P1MCPUFP__CPUFP500K_0313__00128_8x6b_s1931_f0f7f932b8ac	3253	2	2	1.0-2.0	DESCRIPTIVE_ONLY	0.048326666666666664	NOT_DIRECTLY_OBSERVABLE_IN_BINARY_MD	0.913683402970297	0.9364328	0.1906048089721448	0.31548794455445545	0.3237681	0.041247876766988247	0.17500072277227724	0.1703497	0.016978340564482174	485.41584158415844	490.0	82.47595116954662	1.0	477.7920792079208	487.0	79.13934531486227	1.0	2.594059405940594	2.0	1.1704126193104853	0.9900990099009901
P1MCPUFP__CPUFP500K_0432__00378	P1MCPUFP__CPUFP500K_0432__00378	PARENT_CDR3_DIVERSITY	CANDIDATE_P1MCPUFP__CPUFP500K_0432__00378_8x6b_s1931_5a5581b91d22	917	4	2	1.0-2.0	DESCRIPTIVE_ONLY	0.06909375	NOT_DIRECTLY_OBSERVABLE_IN_BINARY_MD	1.2072393376237625	1.1779664	0.1440925215015616	0.3450275316831683	0.3429504	0.031471414110368835	0.17517921683168317	0.1741953	0.011404788547208949	674.3267326732673	682.0	71.94815362548684	1.0	665.4158415841584	668.0	70.26460136149466	1.0	2.772277227722772	3.0	1.0037670444781663	1.0
P1MCPUFP__CPUFP500K_0432__00378	P1MCPUFP__CPUFP500K_0432__00378	PARENT_CDR3_DIVERSITY	CANDIDATE_P1MCPUFP__CPUFP500K_0432__00378_8x6b_s1931_5a5581b91d22	1931	0	2	1.0-2.0	DESCRIPTIVE_ONLY	0.04181875	NOT_DIRECTLY_OBSERVABLE_IN_BINARY_MD	0.4534917495049505	0.4294859	0.08543578525089562	0.24223551782178218	0.2453433	0.0268794301559684	0.1819445891089109	0.1797469	0.01631699934287024	332.4059405940594	323.0	60.51432662672187	1.0	311.5940594059406	302.0	60.68522553614437	1.0	1.1683168316831682	1.0	0.5278258588222511	0.9504950495049505
P1MCPUFP__CPUFP500K_0432__00378	P1MCPUFP__CPUFP500K_0432__00378	PARENT_CDR3_DIVERSITY	CANDIDATE_P1MCPUFP__CPUFP500K_0432__00378_8x6b_s1931_5a5581b91d22	3253	1	2	1.0-2.0	DESCRIPTIVE_ONLY	0.04745625	NOT_DIRECTLY_OBSERVABLE_IN_BINARY_MD	1.44956090990099	1.4501958	0.15913048352736933	0.42524286930693067	0.4230689	0.03966293501220409	0.18596758415841583	0.1825867	0.019973298076745395	485.23762376237624	481.0	63.41395488030545	1.0	443.1782178217822	449.0	56.16390371040957	1.0	1.4554455445544554	1.0	1.1303618318029767	0.7722772277227723
P1MCPUFP__CPUFP500K_0288__00895	P1MCPUFP__CPUFP500K_0288__00895	STRUCTURAL_RESERVE	CANDIDATE_P1MCPUFP__CPUFP500K_0288__00895_8x6b_s917_a2d189739c72	917	2	2	1.0-2.0	DESCRIPTIVE_ONLY	0.04236315789473684	NOT_DIRECTLY_OBSERVABLE_IN_BINARY_MD	0.43200086732673265	0.4454162	0.16330401867242636	0.18836789306930693	0.1874259	0.018343256666381893	0.17042619207920792	0.1689854	0.009988883782056052	520.9207920792079	518.0	67.4261874630937	1.0	519.8316831683169	517.0	67.66136843395249	1.0	2.594059405940594	2.0	0.834624689730994	1.0
P1MCPUFP__CPUFP500K_0288__00895	P1MCPUFP__CPUFP500K_0288__00895	STRUCTURAL_RESERVE	CANDIDATE_P1MCPUFP__CPUFP500K_0288__00895_8x6b_s917_a2d189739c72	1931	4	2	1.0-2.0	DESCRIPTIVE_ONLY	0.04320526315789474	NOT_DIRECTLY_OBSERVABLE_IN_BINARY_MD	0.33457251386138614	0.3209817	0.07177938485344808	0.1877117722772277	0.1877331	0.01561717635716254	0.16532384653465346	0.1642225	0.008555231933024056	697.039603960396	693.0	60.476150407908605	1.0	566.4554455445544	563.0	52.380467365566275	1.0	3.00990099009901	3.0	0.6964556592106524	1.0
P1MCPUFP__CPUFP500K_0288__00895	P1MCPUFP__CPUFP500K_0288__00895	STRUCTURAL_RESERVE	CANDIDATE_P1MCPUFP__CPUFP500K_0288__00895_8x6b_s917_a2d189739c72	3253	0	2	1.0-2.0	DESCRIPTIVE_ONLY	0.04295263157894737	NOT_DIRECTLY_OBSERVABLE_IN_BINARY_MD	0.4275528059405941	0.4407867	0.09197012556455904	0.24524122277227722	0.2455767	0.026019079570914885	0.17000702475247526	0.1704022	0.00900101590333889	801.6237623762377	803.0	93.61632796201766	1.0	790.7128712871287	796.0	91.6137324474002	1.0	2.98019801980198	3.0	0.9437674451320771	1.0
P1MCPUFP__CPUFP500K_0288__00812	P1MCPUFP__CPUFP500K_0288__00812	QUOTA_SAFE_BACKFILL	CANDIDATE_P1MCPUFP__CPUFP500K_0288__00812_8x6b_s917_16df494f2a13	917	1	2	1.0-2.0	DESCRIPTIVE_ONLY	0.06094736842105263	NOT_DIRECTLY_OBSERVABLE_IN_BINARY_MD	0.8386834376237624	0.8553421	0.1530040494412516	0.2786937178217822	0.2799203	0.03720768885173073	0.17420815346534654	0.1729103	0.011670613953396827	834.6435643564356	845.0	62.72848677149719	1.0	735.4158415841584	749.0	54.608284165859494	1.0	4.623762376237623	5.0	1.5660474630119723	1.0
P1MCPUFP__CPUFP500K_0288__00812	P1MCPUFP__CPUFP500K_0288__00812	QUOTA_SAFE_BACKFILL	CANDIDATE_P1MCPUFP__CPUFP500K_0288__00812_8x6b_s917_16df494f2a13	1931	2	2	1.0-2.0	DESCRIPTIVE_ONLY	0.05371052631578947	NOT_DIRECTLY_OBSERVABLE_IN_BINARY_MD	0.7066155514851485	0.7028513	0.14803957128613449	0.219497	0.2181451	0.035720084702265606	0.1695673910891089	0.1692014	0.009654209201357922	1018.1089108910891	1016.0	80.12427241171623	1.0	854.3564356435644	861.0	73.80139043988073	1.0	4.623762376237623	5.0	1.0132926932277806	1.0
P1MCPUFP__CPUFP500K_0288__00812	P1MCPUFP__CPUFP500K_0288__00812	QUOTA_SAFE_BACKFILL	CANDIDATE_P1MCPUFP__CPUFP500K_0288__00812_8x6b_s917_16df494f2a13	3253	4	2	1.0-2.0	DESCRIPTIVE_ONLY	0.04804736842105263	NOT_DIRECTLY_OBSERVABLE_IN_BINARY_MD	1.2938675396039605	1.3266017	0.15280252342572723	0.35821936435643564	0.3635072	0.036101432520527145	0.18306737722772276	0.1821017	0.014639287180665468	671.8019801980198	677.0	70.70157893148885	1.0	567.3564356435644	566.0	58.18944549910562	1.0	2.603960396039604	3.0	1.0155153588085613	0.9900990099009901
P1MCPUFP__CPUFP500K_0030__00860	P1MCPUFP__CPUFP500K_0030__00860	QUOTA_SAFE_BACKFILL	CANDIDATE_P1MCPUFP__CPUFP500K_0030__00860_8x6b_s917_0dbe3b33ef8d	917	0	2	1.0-2.0	DESCRIPTIVE_ONLY	0.0525	NOT_DIRECTLY_OBSERVABLE_IN_BINARY_MD	0.8706759386138614	0.8713892	0.11488652092637125	0.28083278712871285	0.2841351	0.021998783393042277	0.17112936831683168	0.1702762	0.01029040214254204	750.5049504950495	753.0	65.90115967704762	1.0	732.8217821782179	738.0	65.47925316345356	1.0	1.881188118811881	2.0	0.8820220772800035	0.9900990099009901
P1MCPUFP__CPUFP500K_0030__00860	P1MCPUFP__CPUFP500K_0030__00860	QUOTA_SAFE_BACKFILL	CANDIDATE_P1MCPUFP__CPUFP500K_0030__00860_8x6b_s917_0dbe3b33ef8d	1931	1	2	1.0-2.0	DESCRIPTIVE_ONLY	0.044575000000000004	NOT_DIRECTLY_OBSERVABLE_IN_BINARY_MD	1.1589906326732673	1.1117163	0.23694189992619263	0.3326654316831683	0.321659	0.041661715774942175	0.17073437326732674	0.1706606	0.007576783507137962	531.7623762376238	517.0	92.88203404221315	1.0	473.3267326732673	446.0	95.82069774869805	1.0	5.00990099009901	5.0	0.9899999950490098	1.0
P1MCPUFP__CPUFP500K_0030__00860	P1MCPUFP__CPUFP500K_0030__00860	QUOTA_SAFE_BACKFILL	CANDIDATE_P1MCPUFP__CPUFP500K_0030__00860_8x6b_s917_0dbe3b33ef8d	3253	2	2	1.0-2.0	DESCRIPTIVE_ONLY	0.04641875	NOT_DIRECTLY_OBSERVABLE_IN_BINARY_MD	0.515343006930693	0.5161704	0.07040168321663269	0.2120929	0.2125519	0.015745632231489053	0.16792501485148514	0.1679284	0.007598824198524168	1044.7128712871288	1054.0	97.93798165253126	1.0	986.6039603960396	994.0	99.54232685546592	1.0	7.069306930693069	7.0	1.8089843205871585	1.0
P1MCPUFP__CPUFP500K_0029__00647	P1MCPUFP__CPUFP500K_0029__00647	QUOTA_SAFE_BACKFILL	CANDIDATE_P1MCPUFP__CPUFP500K_0029__00647_8x6b_s1931_1d3b9d2c90e3	917	4	2	1.0-2.0	DESCRIPTIVE_ONLY	0.0498375	NOT_DIRECTLY_OBSERVABLE_IN_BINARY_MD	0.7897466712871287	0.7869658	0.08071411050234169	0.2550483722772277	0.2565944	0.021064060090877607	0.16645569603960397	0.1663158	0.006989544844200746	889.4158415841584	877.0	83.62140842549839	1.0	842.2673267326733	839.0	82.18740852817064	1.0	5.594059405940594	6.0	1.0733330877518934	1.0
P1MCPUFP__CPUFP500K_0029__00647	P1MCPUFP__CPUFP500K_0029__00647	QUOTA_SAFE_BACKFILL	CANDIDATE_P1MCPUFP__CPUFP500K_0029__00647_8x6b_s1931_1d3b9d2c90e3	1931	0	2	1.0-2.0	DESCRIPTIVE_ONLY	0.0435375	NOT_DIRECTLY_OBSERVABLE_IN_BINARY_MD	0.6361430871287128	0.6379498	0.08553579266637147	0.21397205544554457	0.2144317	0.0178777051121647	0.16704487029702972	0.167577	0.007023759739888046	806.1584158415842	787.0	85.25532214428661	1.0	755.2376237623762	748.0	66.9842819622414	1.0	4.207920792079208	4.0	0.9882160312498348	1.0
P1MCPUFP__CPUFP500K_0029__00647	P1MCPUFP__CPUFP500K_0029__00647	QUOTA_SAFE_BACKFILL	CANDIDATE_P1MCPUFP__CPUFP500K_0029__00647_8x6b_s1931_1d3b9d2c90e3	3253	1	2	1.0-2.0	DESCRIPTIVE_ONLY	0.0556625	NOT_DIRECTLY_OBSERVABLE_IN_BINARY_MD	0.732252397029703	0.7183317	0.10715924123449255	0.23643044257425744	0.236774	0.027330700731824347	0.16754570099009902	0.1669072	0.00771281806649364	926.3465346534654	917.0	85.17000304499491	1.0	879.950495049505	875.0	86.76637303618226	1.0	5.00990099009901	5.0	0.9064679523363642	1.0
P1MCPUFP__CPUFP500K_0134__00713	P1MCPUFP__CPUFP500K_0134__00713	QUOTA_SAFE_BACKFILL	CANDIDATE_P1MCPUFP__CPUFP500K_0134__00713_8x6b_s1931_46e9edc9d7ed	917	2	2	1.0-2.0	DESCRIPTIVE_ONLY	0.037581250000000004	NOT_DIRECTLY_OBSERVABLE_IN_BINARY_MD	0.7153215841584158	0.7096518	0.06895162485670621	0.2523759207920792	0.251038	0.01626455000430196	0.1694519801980198	0.1679078	0.009436773947480439	828.3861386138614	826.0	71.64778679356698	1.0	809.1386138613861	808.0	64.52860747170232	1.0	3.0297029702970297	3.0	0.9591192901633532	0.9900990099009901
P1MCPUFP__CPUFP500K_0134__00713	P1MCPUFP__CPUFP500K_0134__00713	QUOTA_SAFE_BACKFILL	CANDIDATE_P1MCPUFP__CPUFP500K_0134__00713_8x6b_s1931_46e9edc9d7ed	1931	4	2	1.0-2.0	DESCRIPTIVE_ONLY	0.06869375	NOT_DIRECTLY_OBSERVABLE_IN_BINARY_MD	0.33239932079207923	0.3270786	0.07384222576290254	0.14398176435643564	0.1427101	0.014236578626677866	0.1648160099009901	0.1638841	0.00705300419402201	1344.069306930693	1355.0	92.10339190556314	1.0	1215.1782178217823	1227.0	77.92893386578251	1.0	7.742574257425742	8.0	1.1488562142067553	1.0
P1MCPUFP__CPUFP500K_0134__00713	P1MCPUFP__CPUFP500K_0134__00713	QUOTA_SAFE_BACKFILL	CANDIDATE_P1MCPUFP__CPUFP500K_0134__00713_8x6b_s1931_46e9edc9d7ed	3253	0	2	1.0-2.0	DESCRIPTIVE_ONLY	0.034825	NOT_DIRECTLY_OBSERVABLE_IN_BINARY_MD	0.46100709405940593	0.4690117	0.09433470250884476	0.1688973198019802	0.1709454	0.01894379916265619	0.16666474158415842	0.1654025	0.007160366731941494	911.3465346534654	915.0	74.82023812141892	1.0	861.7524752475248	865.0	69.70523595552721	1.0	4.237623762376238	4.0	0.8916389942510438	1.0
P1MCPUFP__CPUFP500K_0150__00396	P1MCPUFP__CPUFP500K_0150__00396	QUOTA_SAFE_BACKFILL	CANDIDATE_P1MCPUFP__CPUFP500K_0150__00396_8x6b_s3253_fc2ef1a90a7d	917	1	2	1.0-2.0	DESCRIPTIVE_ONLY	0.059493333333333336	NOT_DIRECTLY_OBSERVABLE_IN_BINARY_MD	0.8310415158415841	0.775846	0.15597872129280507	0.38172107722772275	0.381245	0.02552258209297891	0.19622328514851486	0.1890343	0.02666337515969074	293.33663366336634	299.0	83.83308229856324	1.0	261.66336633663366	265.0	71.33525328296666	1.0	1.7623762376237624	2.0	1.4634051898002682	0.7227722772277227
P1MCPUFP__CPUFP500K_0150__00396	P1MCPUFP__CPUFP500K_0150__00396	QUOTA_SAFE_BACKFILL	CANDIDATE_P1MCPUFP__CPUFP500K_0150__00396_8x6b_s3253_fc2ef1a90a7d	1931	2	2	1.0-2.0	DESCRIPTIVE_ONLY	0.047733333333333336	NOT_DIRECTLY_OBSERVABLE_IN_BINARY_MD	0.6243377188118812	0.5907537	0.1344645635729058	0.32296205544554457	0.3202276	0.039011202101108845	0.1761962396039604	0.1725137	0.014380762804807488	468.46534653465346	475.0	63.77056094077969	1.0	363.3762376237624	368.0	59.85756219711222	1.0	2.504950495049505	2.0	1.2791067611658344	0.9801980198019802
P1MCPUFP__CPUFP500K_0150__00396	P1MCPUFP__CPUFP500K_0150__00396	QUOTA_SAFE_BACKFILL	CANDIDATE_P1MCPUFP__CPUFP500K_0150__00396_8x6b_s3253_fc2ef1a90a7d	3253	4	2	1.0-2.0	DESCRIPTIVE_ONLY	0.10222	NOT_DIRECTLY_OBSERVABLE_IN_BINARY_MD	0.9542451851485149	0.9547819	0.1420195538911068	0.30830863465346536	0.305666	0.029784570811921787	0.1851400811881188	0.1836874	0.018307130863902784	492.8712871287129	495.0	61.440088078515764	1.0	414.990099009901	414.0	59.217420344586316	1.0	1.3267326732673268	1.0	0.7721502815186233	0.8811881188118812
