candidate_id	CDRH1_sequence	CDRH1_max_identity_to_positive	CDRH1_nearest_positive	CDRH1_nearest_reference_set	CDRH2_sequence	CDRH2_max_identity_to_positive	CDRH2_nearest_positive	CDRH2_nearest_reference_set	CDRH3_sequence	CDRH3_max_identity_to_positive	CDRH3_nearest_positive	CDRH3_nearest_reference_set	max_CDR_identity_to_positive	nearest_positive_name	pass_similarity_filter	novelty_margin_flag	novelty_score
P1MCPUFP__CPUFP500K_0107__00292	GPGLSRGPWS	0.300000	38	official_ab_data_validator	VDWEGGT	0.571429	151	official_ab_data_validator	AAGRLSGGTVPTDGSGWDY	0.421053	PVRIG-151_HR151	local_pvrig_positive	0.571429	151	PASS	SAFE	76.19
P1MCPUFP__CPUFP500K_0032__00042	YPETGPIP	0.250000	38	official_ab_data_validator	ISADQTKT	0.500000	38	official_ab_data_validator	AASFEGGSYSESDYQY	0.562500	38	official_ab_data_validator	0.562500	38	PASS	SAFE	79.17
P1MCPUFP__CPUFP500K_0188__00549	GPDFGHPGWD	0.400000	ADI-56204	official_ab_data_validator	IDSEGRV	0.571429	20	official_ab_data_validator	AGGYQPSSRISMLPDQWEY	0.315789	151	official_ab_data_validator	0.571429	20	PASS	SAFE	76.19
P1MCPUFP__CPUFP500K_0188__00519	GPGFLGPEID	0.400000	38	official_ab_data_validator	IDREGDV	0.428571	20	official_ab_data_validator	AAGYQPSSTISMRPDQWEH	0.263158	151	official_ab_data_validator	0.428571	20	PASS	SAFE	100.00
P1MCPUFP__CPUFP500K_0002__00919	GPGWSHGDFS	0.300000	CPA.7.021	official_ab_data_validator	IDSSGTV	0.571429	20	official_ab_data_validator	AAGFLPSGAIPSTGSGYEF	0.421053	PVRIG-151_HR151	local_pvrig_positive	0.571429	20	PASS	SAFE	76.19
P1MCPUFP__CPUFP500K_0086__00466	GPGFRDGPVS	0.400000	CPA.7.021	official_ab_data_validator	ISSSGTV	0.500000	CPA.7.021	official_ab_data_validator	AAGPLGSTTVPMTESGYVY	0.315789	PVRIG-151_HR151	local_pvrig_positive	0.500000	CPA.7.021	PASS	SAFE	100.00
P1MCPUFP__CPUFP500K_0100__00383	GPGFRGGPFS	0.400000	CPA.7.021	official_ab_data_validator	IDISGTT	0.714286	151	official_ab_data_validator	AAGFTGSTSTPTTGEGWSY	0.368421	PVRIG-151_HR151	local_pvrig_positive	0.714286	151	PASS	SAFE	28.57
P1MCPUFP__CPUFP500K_0287__00804	GPGFAGPPWH	0.300000	38	official_ab_data_validator	IDREGKV	0.428571	20	official_ab_data_validator	AGSAQVSPDISMSPDGWEY	0.333333	PVRIG-151_HR151	local_pvrig_positive	0.428571	20	PASS	SAFE	100.00
P1MCPUFP__CPUFP500K_0032__00069	YPETGPLP	0.250000	38	official_ab_data_validator	ISADGKLT	0.750000	38	official_ab_data_validator	AASESGGSSSLSDYRY	0.562500	PVRIG-38	local_pvrig_positive	0.750000	38	PASS	BORDERLINE	16.67
P1MCPUFP__CPUFP500K_0089__00735	GPGFSHPGVD	0.400000	ADI-56204	official_ab_data_validator	IDAEGRV	0.571429	30	official_ab_data_validator	AAGYQPSPHISMLPDGWEY	0.368421	151	official_ab_data_validator	0.571429	30	PASS	SAFE	76.19
P1MCPUFP__CPUFP500K_0399__00131	GPGWSHGDFQ	0.200000	30	official_ab_data_validator	VDRYGTV	0.285714	20	official_ab_data_validator	AAGYWSGGAVDFTGERWEY	0.315789	38	official_ab_data_validator	0.315789	38	PASS	SAFE	100.00
P1MCPUFP__CPUFP500K_0388__00663	GGRRRDGGRG	0.300000	CPA.7.006	official_ab_data_validator	VDAAGTV	0.428571	30	official_ab_data_validator	AWGESGSATPPLDPRGWAY	0.368421	151	official_ab_data_validator	0.428571	30	PASS	SAFE	100.00
P1MCPUFP__CPUFP500K_0299__00453	GPGWSRGDFS	0.400000	30H1	local_pvrig_positive	VDSRGTV	0.428571	20	official_ab_data_validator	AAGYLPTGAVPTTGEGYDF	0.421053	PVRIG-151_HR151	local_pvrig_positive	0.428571	20	PASS	SAFE	100.00
P1MCPUFP__CPUFP500K_0090__00532	GPAFGVPGVH	0.300000	CPA.7.006	official_ab_data_validator	IGSEGET	0.428571	20	official_ab_data_validator	AAGDSRGGVVPTSPSGYTH	0.421053	151	official_ab_data_validator	0.428571	20	PASS	SAFE	100.00
P1MCPUFP__CPUFP500K_0405__00049	GPGLSRGPAH	0.300000	38	official_ab_data_validator	VDAEGGT	0.571429	151	official_ab_data_validator	AAGLSPGGSVPFDGSGYSH	0.473684	PVRIG-151_HR151	local_pvrig_positive	0.571429	151	PASS	SAFE	76.19
P1MCPUFP__CPUFP500K_0100__00188	GPGFRGGPFS	0.400000	CPA.7.021	official_ab_data_validator	IDSTGTT	0.571429	20	official_ab_data_validator	AAGFTPTTSLSTTGEGWSY	0.368421	PVRIG-151_HR151	local_pvrig_positive	0.571429	20	PASS	SAFE	76.19
P1MCPUFP__CPUFP500K_0299__00780	GPGWQHGSFS	0.400000	Antibody_4	official_ab_data_validator	VDSTGTV	0.428571	20	official_ab_data_validator	AAGLLPSGAIPPDGSGYDF	0.473684	PVRIG-151_HR151	local_pvrig_positive	0.473684	PVRIG-151_HR151	PASS	SAFE	100.00
P1MCPUFP__CPUFP500K_0091__00550	GGLRRPGGRG	0.300000	CPA.7.006	official_ab_data_validator	VDASGTV	0.375000	ADI-56204	official_ab_data_validator	AMGESGLPSPPLDPAGYAH	0.350000	PVRIG-151_HR151	local_pvrig_positive	0.375000	ADI-56204	PASS	SAFE	100.00
P1MCPUFP__CPUFP500K_0008__00128	GPGFERGPWS	0.400000	CPA.7.021	official_ab_data_validator	VDGSGGE	0.428571	151	official_ab_data_validator	AAGELRGGAVPTTGGGWDY	0.421053	PVRIG-151_HR151	local_pvrig_positive	0.428571	151	PASS	SAFE	100.00
P1MCPUFP__CPUFP500K_0002__00851	GPGWSHGSFS	0.400000	Antibody_4	official_ab_data_validator	IDSTGTV	0.571429	20	official_ab_data_validator	ASGLLPTGAIPADGQGYEF	0.421053	PVRIG-151_HR151	local_pvrig_positive	0.571429	20	PASS	SAFE	76.19
P1MCPUFP__CPUFP500K_0188__00189	GPGFSSPPFD	0.500000	Antibody_4	official_ab_data_validator	IDREGRV	0.571429	30	official_ab_data_validator	AAGTQPSSEISMLPDGYEY	0.368421	151	official_ab_data_validator	0.571429	30	PASS	SAFE	76.19
P1MCPUFP__CPUFP500K_0189__00858	GPGFGVPGVD	0.300000	38	official_ab_data_validator	IGPEGEV	0.500000	CPA.7.004	official_ab_data_validator	AAGRSYGGTVGTSPSAYDY	0.421053	151	official_ab_data_validator	0.500000	CPA.7.004	PASS	SAFE	100.00
P1MCPUFP__CPUFP500K_0089__00220	GPGFAHPSFH	0.300000	38	official_ab_data_validator	IDYEGRV	0.571429	30	official_ab_data_validator	AGSYQPSPEISMLPDGYEY	0.263158	38	official_ab_data_validator	0.571429	30	PASS	SAFE	76.19
P1MCPUFP__CPUFP500K_0404__00029	GPGFGRGPWS	0.400000	CPA.7.021	official_ab_data_validator	VDWEGGT	0.571429	151	official_ab_data_validator	AAGHLSDGVVPTTGAGWSH	0.421053	PVRIG-151_HR151	local_pvrig_positive	0.571429	151	PASS	SAFE	76.19
P1MCPUFP__CPUFP500K_0404__00828	GPGPGRGPWS	0.300000	38	official_ab_data_validator	VDWEGGT	0.571429	151	official_ab_data_validator	GAGRLDSGTVPTDGTGWDY	0.368421	PVRIG-151_HR151	local_pvrig_positive	0.571429	151	PASS	SAFE	76.19
P1MCPUFP__CPUFP500K_0496__00432	GPGFRGGPYS	0.400000	151	official_ab_data_validator	ISSSGTV	0.500000	CPA.7.021	official_ab_data_validator	AAGMTGLTTISTTGEGWSF	0.315789	CPA.7.014	official_ab_data_validator	0.500000	CPA.7.021	PASS	SAFE	100.00
P1MCPUFP__CPUFP500K_0188__00839	GPGFGLPPVD	0.400000	38H2	local_pvrig_positive	IDYEGRV	0.571429	30	official_ab_data_validator	AAGYQPGPVISMLPDQYEY	0.315789	38	official_ab_data_validator	0.571429	30	PASS	SAFE	76.19
P1MCPUFP__CPUFP500K_0188__00282	GPGFSHPSFD	0.400000	38	official_ab_data_validator	IDREGKV	0.428571	20	official_ab_data_validator	AAGYQPSPTLSMREDGYTV	0.272727	CPA.7.045	official_ab_data_validator	0.428571	20	PASS	SAFE	100.00
P1MCPUFP__CPUFP500K_0185__00273	GSGFSDGPVS	0.400000	151	official_ab_data_validator	IDYEGTV	0.428571	20	official_ab_data_validator	AAGPLPGTKVPMTEEGYVY	0.368421	ADI-56249	official_ab_data_validator	0.428571	20	PASS	SAFE	100.00
P1MCPUFP__CPUFP500K_0083__00464	GPGFRLGPAH	0.300000	38	official_ab_data_validator	VDAEGDV	0.375000	ADI-56204	official_ab_data_validator	AAGPWPSGVVPMTESGYSY	0.421053	PVRIG-151_HR151	local_pvrig_positive	0.421053	PVRIG-151_HR151	PASS	SAFE	100.00
P1MCPUFP__CPUFP500K_0289__00496	GGRASPGGAG	0.300000	30	official_ab_data_validator	ISSSGTV	0.500000	CPA.7.021	official_ab_data_validator	AMGDSGRADPPLDPRGWAH	0.368421	151	official_ab_data_validator	0.500000	CPA.7.021	PASS	SAFE	100.00
P1MCPUFP__CPUFP500K_0091__00849	GGLTRPGGAG	0.333333	151	official_ab_data_validator	VSATGTV	0.375000	38	official_ab_data_validator	AMGPSGRPDPPLDPRGYAY	0.476190	PVRIG-151_HR151	local_pvrig_positive	0.476190	PVRIG-151_HR151	PASS	SAFE	100.00
P1MCPUFP__CPUFP500K_0134__00289	GSFTGPAT	0.400000	151	official_ab_data_validator	ISGDGKSF	0.500000	CPA.7.010	official_ab_data_validator	AMSYLGGLPDPEAYQY	0.312500	38	official_ab_data_validator	0.500000	CPA.7.010	PASS	SAFE	100.00
P1MCPUFP__CPUFP500K_0388__00174	GGTSRPGGTG	0.400000	CPA.7.006	official_ab_data_validator	ISGSGTV	0.500000	CPA.7.021	official_ab_data_validator	AAGPVGSPSPPLDPRGYPY	0.400000	PVRIG-151_HR151	local_pvrig_positive	0.500000	CPA.7.021	PASS	SAFE	100.00
P1MCPUFP__CPUFP500K_0313__00128	GLTPEGYT	0.375000	ADI-56204	official_ab_data_validator	IDSRGEA	0.571429	20	official_ab_data_validator	VVGRDLGSSSYEPVA	0.333333	39	official_ab_data_validator	0.571429	20	PASS	SAFE	76.19
P1MCPUFP__CPUFP500K_0432__00378	GDFSGPLD	0.444444	30H1	local_pvrig_positive	ISASGKIY	0.500000	38	official_ab_data_validator	AASSYGGSSDPYEWEY	0.437500	PVRIG-38	local_pvrig_positive	0.500000	38	PASS	SAFE	100.00
P1MCPUFP__CPUFP500K_0029__00647	GPEQAPYD	0.375000	38H2	local_pvrig_positive	ISADGKTT	0.625000	38	official_ab_data_validator	AGTAAGPGPDPADWRY	0.411765	30	official_ab_data_validator	0.625000	38	PASS	SAFE	58.33
P1MCPUFP__CPUFP500K_0134__00713	GSETGPRD	0.500000	38	official_ab_data_validator	ISGDGKSY	0.500000	CPA.7.010	official_ab_data_validator	AESYLGGLSDPDAYQH	0.312500	PVRIG-38	local_pvrig_positive	0.500000	38	PASS	SAFE	100.00
P1MCPUFP__CPUFP500K_0130__00610	GPELGPVD	0.375000	38	official_ab_data_validator	ISADGKTT	0.625000	38	official_ab_data_validator	AATASGLGDSERDWRY	0.352941	30	official_ab_data_validator	0.625000	38	PASS	SAFE	58.33
P1MCPUFP__CPUFP500K_0128__00809	GPEQAPFD	0.375000	38H2	local_pvrig_positive	ISADGKTY	0.500000	38	official_ab_data_validator	AGGYSGAGSSPSDWLY	0.411765	30	official_ab_data_validator	0.500000	38	PASS	SAFE	100.00
P1MCPUFP__CPUFP500K_0480__00342	GSLFGSGPFD	0.400000	38	official_ab_data_validator	IDSHGTT	0.571429	20	official_ab_data_validator	AAGAQPRGSVPMTESGYSY	0.421053	PVRIG-151_HR151	local_pvrig_positive	0.571429	20	PASS	SAFE	76.19
P1MCPUFP__CPUFP500K_0288__00895	GPGFRVPGVD	0.300000	38	official_ab_data_validator	IGPEGET	0.625000	CPA.7.004	official_ab_data_validator	AAGDSRGGAVPTTESGYTY	0.473684	PVRIG-151_HR151	local_pvrig_positive	0.625000	CPA.7.004	PASS	SAFE	58.33
P1MCPUFP__CPUFP500K_0030__00860	GPELGPGD	0.375000	38	official_ab_data_validator	ISADGKTY	0.500000	38	official_ab_data_validator	AAGRGARSDLATSWTY	0.315789	151	official_ab_data_validator	0.500000	38	PASS	SAFE	100.00
P1MCPUFP__CPUFP500K_0228__00225	GTVLGPGD	0.375000	38	official_ab_data_validator	ISADGKTY	0.500000	38	official_ab_data_validator	AAGYGERSELSTSWTY	0.375000	38	official_ab_data_validator	0.500000	38	PASS	SAFE	100.00
P1MCPUFP__CPUFP500K_0388__00797	GGRRQAGGRG	0.300000	CPA.7.006	official_ab_data_validator	ISSSGTV	0.500000	CPA.7.021	official_ab_data_validator	AMGPSAAPDPPLDPAGYAA	0.315789	151	official_ab_data_validator	0.500000	CPA.7.021	PASS	SAFE	100.00
P1MCPUFP__CPUFP500K_0487__00827	GGRSSPSGRG	0.400000	30	official_ab_data_validator	ISSSGTE	0.625000	CPA.7.021	official_ab_data_validator	ALGESGSPSPPLDPRGYAY	0.368421	151	official_ab_data_validator	0.625000	CPA.7.021	PASS	SAFE	58.33
P1MCPUFP__CPUFP500K_0108__00327	GPGFDRGSFH	0.300000	ADI-56249	official_ab_data_validator	VDREGGT	0.571429	151	official_ab_data_validator	AAGRSPGGTVPADGSGYEY	0.526316	PVRIG-151_HR151	local_pvrig_positive	0.571429	151	PASS	SAFE	76.19
P1MCPUFP__CPUFP500K_0432__00670	GSFSGPLD	0.500000	38	official_ab_data_validator	ISASGKIK	0.500000	38	official_ab_data_validator	AASDRGMTADPDEPQY	0.411765	CPA.7.017	official_ab_data_validator	0.500000	38	PASS	SAFE	100.00
P1MCPUFP__CPUFP500K_0388__00757	GSLLRPDGRS	0.300000	CPA.7.004	official_ab_data_validator	VSASGTV	0.375000	38	official_ab_data_validator	AMGETGSSSPPLSPAGYAY	0.368421	PVRIG-38	local_pvrig_positive	0.375000	38	PASS	SAFE	100.00
P1MCPUFP__CPUFP500K_0397__00076	GPGFRGGPFS	0.400000	CPA.7.021	official_ab_data_validator	VDIAGTT	0.571429	151	official_ab_data_validator	AAGFTGSRAIPTTGEGWSF	0.315789	PVRIG-151_HR151	local_pvrig_positive	0.571429	151	PASS	SAFE	76.19
