submission_id	candidate_id	source_generation_candidate_id	pose_id	parent_id	designed_regions	loop_string	cdr_label_status	cdr1_fully_redesigned	cdr2_fully_redesigned	cdr3_fully_redesigned	cdr1_parent	cdr1_after	cdr1_changed_from_parent	cdr2_parent	cdr2_after	cdr2_changed_from_parent	cdr3_parent	cdr3_after	cdr3_changed_from_parent	sequence_sha256	output_pdb	output_pdb_sha256	audit_verdict	mask_semantics	evidence_path	evidence_sha256
PVRIG_CAND_002	NODE1GEN_229102_source_fixed_pose_mpnn_source_id_P500K__FIXED_POSE_MPNN__2F90E7DCCA05F9E4	P500K__FIXED_POSE_MPNN__2F90E7DCCA05F9E4	FPMPNN_085_case02_pos_10_151H7__pose04	case02_pos_10_151H7	cdr1,cdr2,cdr3	H1,H2,H3	EXACT_SEQUENCE_MATCH_3_OF_3	true	true	true	ASGFTYRPYC	GPGFRDGPYH	true	IDIFGGT	INSEGTV	true	AAGDSPDGRCPPLGQGLNY	AAGTNPSTTLGMSESDYQY	true	2f90e7dcca05f9e40bbafcd02aedc62331d801a899842b89d2b1548363ea31fe	/data1/qlyu/projects/pvrig_1m_fixed_pose_mpnn150k_v1_20260722/generation/workers/gpu_1_slot_0/outputs/FPMPNN_085_case02_pos_10_151H7__pose04_dldesign_1139.pdb	38693ca08fccf49d67df2b487d6e843812433d06672ff4b5d61aefe058fbc188	PASS_ALL_THREE_CDRS_REDESIGNED	H1/H2/H3 residues are designable; non-loop VHH residues and target chain are fixed by loop_string2fixed_res	/data1/qlyu/projects/pvrig_1m_fixed_pose_mpnn150k_v1_20260722/data/fixed_pose_candidates_frozen150k.tsv.gz;/data1/qlyu/projects/pvrig_1m_fixed_pose_mpnn150k_v1_20260722/inputs/fixed_pose_mpnn_tasks.tsv;/data1/qlyu/projects/pvrig_1m_fixed_pose_mpnn150k_v1_20260722/scripts/run_fixed_pose_mpnn_worker.sh;/data/qlyu/software/RFantibody/src/rfantibody/proteinmpnn/sample_features.py;/data1/qlyu/projects/pvrig_1m_fixed_pose_mpnn150k_v1_20260722/generation/workers/gpu_1_slot_0/outputs/FPMPNN_085_case02_pos_10_151H7__pose04_dldesign_1139.pdb	e7d361f44da28e58c16f4482ed013033504e53883d5c044830e154a72f818b26
PVRIG_CAND_004	NODE1GEN_181778_source_fixed_pose_mpnn_source_id_P500K__FIXED_POSE_MPNN__8EDA6734F7A8BD2C	P500K__FIXED_POSE_MPNN__8EDA6734F7A8BD2C	FPMPNN_008_case02_pos_01_PVRIG-151_HR151__pose08	case02_pos_01_PVRIG-151_HR151	cdr1,cdr2,cdr3	H1,H2,H3	EXACT_SEQUENCE_MATCH_3_OF_3	true	true	true	ASGFTYRPYC	GPGFSRGPFS	true	IDIFGGT	VNHEGGT	true	AAGDSPDGRCPPLGQGLNY	AAGYNSGGVVDTTGEGWDY	true	8eda6734f7a8bd2cc5c1986e29a21e43bd2e797a99567c510e921d9b78b03000	/data1/qlyu/projects/pvrig_1m_fixed_pose_mpnn150k_v1_20260722/generation/workers/gpu_1_slot_1/outputs/FPMPNN_008_case02_pos_01_PVRIG-151_HR151__pose08_dldesign_870.pdb	a80524b48da0e8075085e0bd4b75ed60534110193c1e639829fb5a86aeb9e704	PASS_ALL_THREE_CDRS_REDESIGNED	H1/H2/H3 residues are designable; non-loop VHH residues and target chain are fixed by loop_string2fixed_res	/data1/qlyu/projects/pvrig_1m_fixed_pose_mpnn150k_v1_20260722/data/fixed_pose_candidates_frozen150k.tsv.gz;/data1/qlyu/projects/pvrig_1m_fixed_pose_mpnn150k_v1_20260722/inputs/fixed_pose_mpnn_tasks.tsv;/data1/qlyu/projects/pvrig_1m_fixed_pose_mpnn150k_v1_20260722/scripts/run_fixed_pose_mpnn_worker.sh;/data/qlyu/software/RFantibody/src/rfantibody/proteinmpnn/sample_features.py;/data1/qlyu/projects/pvrig_1m_fixed_pose_mpnn150k_v1_20260722/generation/workers/gpu_1_slot_1/outputs/FPMPNN_008_case02_pos_01_PVRIG-151_HR151__pose08_dldesign_870.pdb	0cb260b82b9410fdb81b118f81f4a3609edf35270f5cb0dbfb7ba1ebd296a6f8
PVRIG_CAND_005	NODE1GEN_256613_source_fixed_pose_mpnn_source_id_P500K__FIXED_POSE_MPNN__0A1B353F72DFABBD	P500K__FIXED_POSE_MPNN__0A1B353F72DFABBD	FPMPNN_009_case02_pos_01_PVRIG-151_HR151__pose09	case02_pos_01_PVRIG-151_HR151	cdr1,cdr2,cdr3	H1,H2,H3	EXACT_SEQUENCE_MATCH_3_OF_3	true	true	true	ASGFTYRPYC	GPGLGRGNFH	true	IDIFGGT	VNNEGGT	true	AAGDSPDGRCPPLGQGLNY	AAGLSPSGLVPFDGSGYTH	true	0a1b353f72dfabbd529a15113fe94df71662a6a4214e9560282563641f036a43	/data1/qlyu/projects/pvrig_1m_fixed_pose_mpnn150k_v1_20260722/generation/workers/gpu_2_slot_1/outputs/FPMPNN_009_case02_pos_01_PVRIG-151_HR151__pose09_dldesign_1569.pdb	1a01fe1b1b13a45288f1c15492dc1269930f0e8534b74ecaade0539329817828	PASS_ALL_THREE_CDRS_REDESIGNED	H1/H2/H3 residues are designable; non-loop VHH residues and target chain are fixed by loop_string2fixed_res	/data1/qlyu/projects/pvrig_1m_fixed_pose_mpnn150k_v1_20260722/data/fixed_pose_candidates_frozen150k.tsv.gz;/data1/qlyu/projects/pvrig_1m_fixed_pose_mpnn150k_v1_20260722/inputs/fixed_pose_mpnn_tasks.tsv;/data1/qlyu/projects/pvrig_1m_fixed_pose_mpnn150k_v1_20260722/scripts/run_fixed_pose_mpnn_worker.sh;/data/qlyu/software/RFantibody/src/rfantibody/proteinmpnn/sample_features.py;/data1/qlyu/projects/pvrig_1m_fixed_pose_mpnn150k_v1_20260722/generation/workers/gpu_2_slot_1/outputs/FPMPNN_009_case02_pos_01_PVRIG-151_HR151__pose09_dldesign_1569.pdb	972b2088e2008b28367fc35a0a39746ccecca25f22a8418f5c44496c4d895c83
PVRIG_CAND_006	NODE1GEN_183154_source_fixed_pose_mpnn_source_id_P500K__FIXED_POSE_MPNN__E25C2338B83B903C	P500K__FIXED_POSE_MPNN__E25C2338B83B903C	FPMPNN_001_case02_pos_01_PVRIG-151_HR151__pose01	case02_pos_01_PVRIG-151_HR151	cdr1,cdr2,cdr3	H1,H2,H3	EXACT_SEQUENCE_MATCH_3_OF_3	true	true	true	ASGFTYRPYC	GPGFRGGPYG	true	IDIFGGT	VNSAGTT	true	AAGDSPDGRCPPLGQGLNY	AAGALSSTTLPTTGEGWEF	true	e25c2338b83b903ce3a032c2c5d7f20f42c70d5500dab8a1527c737acae88572	/data1/qlyu/projects/pvrig_1m_fixed_pose_mpnn150k_v1_20260722/generation/workers/gpu_1_slot_0/outputs/FPMPNN_001_case02_pos_01_PVRIG-151_HR151__pose01_dldesign_1138.pdb	8d79b452de95a79f626a989627c62c1adc4a7d21e1ab466f6f887066b1e5de47	PASS_ALL_THREE_CDRS_REDESIGNED	H1/H2/H3 residues are designable; non-loop VHH residues and target chain are fixed by loop_string2fixed_res	/data1/qlyu/projects/pvrig_1m_fixed_pose_mpnn150k_v1_20260722/data/fixed_pose_candidates_frozen150k.tsv.gz;/data1/qlyu/projects/pvrig_1m_fixed_pose_mpnn150k_v1_20260722/inputs/fixed_pose_mpnn_tasks.tsv;/data1/qlyu/projects/pvrig_1m_fixed_pose_mpnn150k_v1_20260722/scripts/run_fixed_pose_mpnn_worker.sh;/data/qlyu/software/RFantibody/src/rfantibody/proteinmpnn/sample_features.py;/data1/qlyu/projects/pvrig_1m_fixed_pose_mpnn150k_v1_20260722/generation/workers/gpu_1_slot_0/outputs/FPMPNN_001_case02_pos_01_PVRIG-151_HR151__pose01_dldesign_1138.pdb	f2fe0d46bbfec1b107c8e378093eb0caed6f3d7625e9c68fa34c2b670bada961
PVRIG_CAND_011	NODE1GEN_154595_source_fixed_pose_mpnn_source_id_P500K__FIXED_POSE_MPNN__9B999365EA60CCE9	P500K__FIXED_POSE_MPNN__9B999365EA60CCE9	FPMPNN_002_case02_pos_01_PVRIG-151_HR151__pose02	case02_pos_01_PVRIG-151_HR151	cdr1,cdr2,cdr3	H1,H2,H3	EXACT_SEQUENCE_MATCH_3_OF_3	true	true	true	ASGFTYRPYC	GPGWTHGDFS	true	IDIFGGT	VNSLGTV	true	AAGDSPDGRCPPLGQGLNY	AAGFLPTGAVPATGEGYDF	true	9b999365ea60cce9bed90db717a83eb5a975287b10092766f2d87053c734947a	/data1/qlyu/projects/pvrig_1m_fixed_pose_mpnn150k_v1_20260722/generation/workers/gpu_2_slot_0/outputs/FPMPNN_002_case02_pos_01_PVRIG-151_HR151__pose02_dldesign_2344.pdb	61e16ba9ef05672464500058f57fbc85c6f97e884c534f4d7d4ce5622e2b1fac	PASS_ALL_THREE_CDRS_REDESIGNED	H1/H2/H3 residues are designable; non-loop VHH residues and target chain are fixed by loop_string2fixed_res	/data1/qlyu/projects/pvrig_1m_fixed_pose_mpnn150k_v1_20260722/data/fixed_pose_candidates_frozen150k.tsv.gz;/data1/qlyu/projects/pvrig_1m_fixed_pose_mpnn150k_v1_20260722/inputs/fixed_pose_mpnn_tasks.tsv;/data1/qlyu/projects/pvrig_1m_fixed_pose_mpnn150k_v1_20260722/scripts/run_fixed_pose_mpnn_worker.sh;/data/qlyu/software/RFantibody/src/rfantibody/proteinmpnn/sample_features.py;/data1/qlyu/projects/pvrig_1m_fixed_pose_mpnn150k_v1_20260722/generation/workers/gpu_2_slot_0/outputs/FPMPNN_002_case02_pos_01_PVRIG-151_HR151__pose02_dldesign_2344.pdb	508cfb7cfd1708b9203767fffe248e65bf5fde694c6c296d8f1d779df9b6c32a
PVRIG_CAND_013	NODE1GEN_191476_source_fixed_pose_mpnn_source_id_P500K__FIXED_POSE_MPNN__310934EF4B70CA47	P500K__FIXED_POSE_MPNN__310934EF4B70CA47	FPMPNN_001_case02_pos_01_PVRIG-151_HR151__pose01	case02_pos_01_PVRIG-151_HR151	cdr1,cdr2,cdr3	H1,H2,H3	EXACT_SEQUENCE_MATCH_3_OF_3	true	true	true	ASGFTYRPYC	GPGFRSGPFS	true	IDIFGGT	VNNAGTT	true	AAGDSPDGRCPPLGQGLNY	AAGPLATTTIPTSGEGWSF	true	310934ef4b70ca477d99486530df44ed41eb9ce18956ac05143fb70aede52a98	/data1/qlyu/projects/pvrig_1m_fixed_pose_mpnn150k_v1_20260722/generation/workers/gpu_1_slot_0/outputs/FPMPNN_001_case02_pos_01_PVRIG-151_HR151__pose01_dldesign_1414.pdb	4797d1758ff1a98765e9b1cdb33518ecc5632a5455de794d078c782b899cb252	PASS_ALL_THREE_CDRS_REDESIGNED	H1/H2/H3 residues are designable; non-loop VHH residues and target chain are fixed by loop_string2fixed_res	/data1/qlyu/projects/pvrig_1m_fixed_pose_mpnn150k_v1_20260722/data/fixed_pose_candidates_frozen150k.tsv.gz;/data1/qlyu/projects/pvrig_1m_fixed_pose_mpnn150k_v1_20260722/inputs/fixed_pose_mpnn_tasks.tsv;/data1/qlyu/projects/pvrig_1m_fixed_pose_mpnn150k_v1_20260722/scripts/run_fixed_pose_mpnn_worker.sh;/data/qlyu/software/RFantibody/src/rfantibody/proteinmpnn/sample_features.py;/data1/qlyu/projects/pvrig_1m_fixed_pose_mpnn150k_v1_20260722/generation/workers/gpu_1_slot_0/outputs/FPMPNN_001_case02_pos_01_PVRIG-151_HR151__pose01_dldesign_1414.pdb	c6d0ac4f37e236413262afb3db9d0b2c1d34272435316d44dfe0ff6a58c9aaa5
PVRIG_CAND_015	NODE1GEN_177961_source_fixed_pose_mpnn_source_id_P500K__FIXED_POSE_MPNN__8431DA62B813A913	P500K__FIXED_POSE_MPNN__8431DA62B813A913	FPMPNN_084_case02_pos_10_151H7__pose03	case02_pos_10_151H7	cdr1,cdr2,cdr3	H1,H2,H3	EXACT_SEQUENCE_MATCH_3_OF_3	true	true	true	ASGFTYRPYC	GPGFRTGPSD	true	IDIFGGT	IDDRGDT	true	AAGDSPDGRCPPLGQGLNY	AAGANPRGYVPMTESGYSY	true	8431da62b813a9130eefe7b613659b6c86a1fcd73817acbb2205a59dc92b7d83	/data1/qlyu/projects/pvrig_1m_fixed_pose_mpnn150k_v1_20260722/generation/workers/gpu_7_slot_2/outputs/FPMPNN_084_case02_pos_10_151H7__pose03_dldesign_389.pdb	3134c448bdff3aad616ddfb43d9fd73378bdaf9f1ef756a5621afe4b5e59cdbb	PASS_ALL_THREE_CDRS_REDESIGNED	H1/H2/H3 residues are designable; non-loop VHH residues and target chain are fixed by loop_string2fixed_res	/data1/qlyu/projects/pvrig_1m_fixed_pose_mpnn150k_v1_20260722/data/fixed_pose_candidates_frozen150k.tsv.gz;/data1/qlyu/projects/pvrig_1m_fixed_pose_mpnn150k_v1_20260722/inputs/fixed_pose_mpnn_tasks.tsv;/data1/qlyu/projects/pvrig_1m_fixed_pose_mpnn150k_v1_20260722/scripts/run_fixed_pose_mpnn_worker.sh;/data/qlyu/software/RFantibody/src/rfantibody/proteinmpnn/sample_features.py;/data1/qlyu/projects/pvrig_1m_fixed_pose_mpnn150k_v1_20260722/generation/workers/gpu_7_slot_2/outputs/FPMPNN_084_case02_pos_10_151H7__pose03_dldesign_389.pdb	6747259648dbaf2e7d96bc4c8e23c5434ff97bdd3c40da74887ac0d4da4ffab4
PVRIG_CAND_016	NODE1GEN_206644_source_fixed_pose_mpnn_source_id_P500K__FIXED_POSE_MPNN__53F648E960398F2F	P500K__FIXED_POSE_MPNN__53F648E960398F2F	FPMPNN_001_case02_pos_01_PVRIG-151_HR151__pose01	case02_pos_01_PVRIG-151_HR151	cdr1,cdr2,cdr3	H1,H2,H3	EXACT_SEQUENCE_MATCH_3_OF_3	true	true	true	ASGFTYRPYC	GPGFRGGPFS	true	IDIFGGT	VNNAGTT	true	AAGDSPDGRCPPLGQGLNY	AAGNTASTAIPTDGSGWSF	true	53f648e960398f2f39dd937778314cced52cb9bf44b3c1949c8c606fcb37ce1c	/data1/qlyu/projects/pvrig_1m_fixed_pose_mpnn150k_v1_20260722/generation/workers/gpu_1_slot_0/outputs/FPMPNN_001_case02_pos_01_PVRIG-151_HR151__pose01_dldesign_2007.pdb	b79c78bd8b413f8018470a4fd27707e448d12a366f9c50f8fb01b3e9e057973d	PASS_ALL_THREE_CDRS_REDESIGNED	H1/H2/H3 residues are designable; non-loop VHH residues and target chain are fixed by loop_string2fixed_res	/data1/qlyu/projects/pvrig_1m_fixed_pose_mpnn150k_v1_20260722/data/fixed_pose_candidates_frozen150k.tsv.gz;/data1/qlyu/projects/pvrig_1m_fixed_pose_mpnn150k_v1_20260722/inputs/fixed_pose_mpnn_tasks.tsv;/data1/qlyu/projects/pvrig_1m_fixed_pose_mpnn150k_v1_20260722/scripts/run_fixed_pose_mpnn_worker.sh;/data/qlyu/software/RFantibody/src/rfantibody/proteinmpnn/sample_features.py;/data1/qlyu/projects/pvrig_1m_fixed_pose_mpnn150k_v1_20260722/generation/workers/gpu_1_slot_0/outputs/FPMPNN_001_case02_pos_01_PVRIG-151_HR151__pose01_dldesign_2007.pdb	f0a865a7448d73b5ed7a5a52cc3d8c89707e5e6787d63455c8d61e82cb190b72
PVRIG_CAND_020	NODE1GEN_258472_source_fixed_pose_mpnn_source_id_P500K__FIXED_POSE_MPNN__2E2B33208D567583	P500K__FIXED_POSE_MPNN__2E2B33208D567583	FPMPNN_035_case02_pos_04_PVRIG-38__pose08	case02_pos_04_PVRIG-38	cdr1,cdr2,cdr3	H1,H2,H3	EXACT_SEQUENCE_MATCH_3_OF_3	true	true	true	PSTYGPSD	GPETGPRD	true	ISAAGRLT	ISGDNKNY	true	AADFAGGSSLFADYKY	AMSWDGGSSDPNSWQY	true	2e2b33208d567583199c25fdd674cda500196f53438ccb93a4a3f2ab65e5cd3a	/data1/qlyu/projects/pvrig_1m_fixed_pose_mpnn150k_v1_20260722/generation/workers/gpu_7_slot_1/outputs/FPMPNN_035_case02_pos_04_PVRIG-38__pose08_dldesign_1863.pdb	01dd92c1d27e08d343d1ea2caad8b713b57565dec1a5e7052a7619ddfb705764	PASS_ALL_THREE_CDRS_REDESIGNED	H1/H2/H3 residues are designable; non-loop VHH residues and target chain are fixed by loop_string2fixed_res	/data1/qlyu/projects/pvrig_1m_fixed_pose_mpnn150k_v1_20260722/data/fixed_pose_candidates_frozen150k.tsv.gz;/data1/qlyu/projects/pvrig_1m_fixed_pose_mpnn150k_v1_20260722/inputs/fixed_pose_mpnn_tasks.tsv;/data1/qlyu/projects/pvrig_1m_fixed_pose_mpnn150k_v1_20260722/scripts/run_fixed_pose_mpnn_worker.sh;/data/qlyu/software/RFantibody/src/rfantibody/proteinmpnn/sample_features.py;/data1/qlyu/projects/pvrig_1m_fixed_pose_mpnn150k_v1_20260722/generation/workers/gpu_7_slot_1/outputs/FPMPNN_035_case02_pos_04_PVRIG-38__pose08_dldesign_1863.pdb	b3ed95f9363dc512b07c1d6368497f6d066315eb83daccca1143f2c8ee6ff02e
PVRIG_CAND_023	NODE1GEN_174576_source_fixed_pose_mpnn_source_id_P500K__FIXED_POSE_MPNN__D5384A7F42146722	P500K__FIXED_POSE_MPNN__D5384A7F42146722	FPMPNN_090_case02_pos_10_151H7__pose09	case02_pos_10_151H7	cdr1,cdr2,cdr3	H1,H2,H3	EXACT_SEQUENCE_MATCH_3_OF_3	true	true	true	ASGFTYRPYC	GPGFGVSGVD	true	IDIFGGT	INSEGEN	true	AAGDSPDGRCPPLGQGLNY	AAGDSLGGLVGTSPSSYTH	true	d5384a7f421467226e67fd1f00ac0602e76aa39a53a23514c9adc7d46ddc5974	/data1/qlyu/projects/pvrig_1m_fixed_pose_mpnn150k_v1_20260722/generation/workers/gpu_6_slot_0/outputs/FPMPNN_090_case02_pos_10_151H7__pose09_dldesign_1071.pdb	5cd08bb55368f469490f98268d0a915518c8ceb11b40925982f0d47b71c55724	PASS_ALL_THREE_CDRS_REDESIGNED	H1/H2/H3 residues are designable; non-loop VHH residues and target chain are fixed by loop_string2fixed_res	/data1/qlyu/projects/pvrig_1m_fixed_pose_mpnn150k_v1_20260722/data/fixed_pose_candidates_frozen150k.tsv.gz;/data1/qlyu/projects/pvrig_1m_fixed_pose_mpnn150k_v1_20260722/inputs/fixed_pose_mpnn_tasks.tsv;/data1/qlyu/projects/pvrig_1m_fixed_pose_mpnn150k_v1_20260722/scripts/run_fixed_pose_mpnn_worker.sh;/data/qlyu/software/RFantibody/src/rfantibody/proteinmpnn/sample_features.py;/data1/qlyu/projects/pvrig_1m_fixed_pose_mpnn150k_v1_20260722/generation/workers/gpu_6_slot_0/outputs/FPMPNN_090_case02_pos_10_151H7__pose09_dldesign_1071.pdb	8ce127e889877b9f391ad856959f417a270bd02c527e9fdde5ac3e06a0eb76a0
PVRIG_CAND_026	NODE1GEN_217675_source_fixed_pose_mpnn_source_id_P500K__FIXED_POSE_MPNN__68DDB4A6D7CBCA89	P500K__FIXED_POSE_MPNN__68DDB4A6D7CBCA89	FPMPNN_083_case02_pos_10_151H7__pose02	case02_pos_10_151H7	cdr1,cdr2,cdr3	H1,H2,H3	EXACT_SEQUENCE_MATCH_3_OF_3	true	true	true	ASGFTYRPYC	GSGFSGGNSH	true	IDIFGGT	VDATGNV	true	AAGDSPDGRCPPLGQGLNY	AAGADPSGTVPMTESGYSF	true	68ddb4a6d7cbca89135ac3b80ca3c2e0ab0995f77e5cbe9376d06c1b191939d6	/data1/qlyu/projects/pvrig_1m_fixed_pose_mpnn150k_v1_20260722/generation/workers/gpu_6_slot_2/outputs/FPMPNN_083_case02_pos_10_151H7__pose02_dldesign_1284.pdb	4c064e4ca0a426bbcb91db909ad445ccd7c722e0cbd48fa8f1c2df7562943517	PASS_ALL_THREE_CDRS_REDESIGNED	H1/H2/H3 residues are designable; non-loop VHH residues and target chain are fixed by loop_string2fixed_res	/data1/qlyu/projects/pvrig_1m_fixed_pose_mpnn150k_v1_20260722/data/fixed_pose_candidates_frozen150k.tsv.gz;/data1/qlyu/projects/pvrig_1m_fixed_pose_mpnn150k_v1_20260722/inputs/fixed_pose_mpnn_tasks.tsv;/data1/qlyu/projects/pvrig_1m_fixed_pose_mpnn150k_v1_20260722/scripts/run_fixed_pose_mpnn_worker.sh;/data/qlyu/software/RFantibody/src/rfantibody/proteinmpnn/sample_features.py;/data1/qlyu/projects/pvrig_1m_fixed_pose_mpnn150k_v1_20260722/generation/workers/gpu_6_slot_2/outputs/FPMPNN_083_case02_pos_10_151H7__pose02_dldesign_1284.pdb	1470449e218bba49311d9a8350482f536add79f70d70b7aa5e61e34f647919c4
PVRIG_CAND_030	NODE1GEN_182669_source_fixed_pose_mpnn_source_id_P500K__FIXED_POSE_MPNN__D4BBD3AB583903E7	P500K__FIXED_POSE_MPNN__D4BBD3AB583903E7	FPMPNN_008_case02_pos_01_PVRIG-151_HR151__pose08	case02_pos_01_PVRIG-151_HR151	cdr1,cdr2,cdr3	H1,H2,H3	EXACT_SEQUENCE_MATCH_3_OF_3	true	true	true	ASGFTYRPYC	GPGFSGGPFS	true	IDIFGGT	VNGEGGT	true	AAGDSPDGRCPPLGQGLNY	AAGRISGGNVPTTGSGWDY	true	d4bbd3ab583903e712b8a157c5de9c1b576d52703658c860d0a3c376321b9084	/data1/qlyu/projects/pvrig_1m_fixed_pose_mpnn150k_v1_20260722/generation/workers/gpu_1_slot_1/outputs/FPMPNN_008_case02_pos_01_PVRIG-151_HR151__pose08_dldesign_899.pdb	9c58ec556ee5d9b93c227c178408f656f2dfbbaadb3fcf338d89ef4af4a20ad4	PASS_ALL_THREE_CDRS_REDESIGNED	H1/H2/H3 residues are designable; non-loop VHH residues and target chain are fixed by loop_string2fixed_res	/data1/qlyu/projects/pvrig_1m_fixed_pose_mpnn150k_v1_20260722/data/fixed_pose_candidates_frozen150k.tsv.gz;/data1/qlyu/projects/pvrig_1m_fixed_pose_mpnn150k_v1_20260722/inputs/fixed_pose_mpnn_tasks.tsv;/data1/qlyu/projects/pvrig_1m_fixed_pose_mpnn150k_v1_20260722/scripts/run_fixed_pose_mpnn_worker.sh;/data/qlyu/software/RFantibody/src/rfantibody/proteinmpnn/sample_features.py;/data1/qlyu/projects/pvrig_1m_fixed_pose_mpnn150k_v1_20260722/generation/workers/gpu_1_slot_1/outputs/FPMPNN_008_case02_pos_01_PVRIG-151_HR151__pose08_dldesign_899.pdb	ea2c5f51dd0bf59081f6d0e3dae02eb20beb0cc58b56182fcb15183946cd855f
PVRIG_CAND_032	NODE1GEN_218195_source_fixed_pose_mpnn_source_id_P500K__FIXED_POSE_MPNN__A6B62FDDBC1A99BE	P500K__FIXED_POSE_MPNN__A6B62FDDBC1A99BE	FPMPNN_087_case02_pos_10_151H7__pose06	case02_pos_10_151H7	cdr1,cdr2,cdr3	H1,H2,H3	EXACT_SEQUENCE_MATCH_3_OF_3	true	true	true	ASGFTYRPYC	GSGPLNGEFN	true	IDIFGGT	INWQGNV	true	AAGDSPDGRCPPLGQGLNY	ALSPDPSSSVPTTPSVYSY	true	a6b62fddbc1a99be89b1d0da09f108aac1f22f3ecde4ef39f2cc9150b06c9ba5	/data1/qlyu/projects/pvrig_1m_fixed_pose_mpnn150k_v1_20260722/generation/workers/gpu_3_slot_0/outputs/FPMPNN_087_case02_pos_10_151H7__pose06_dldesign_1239.pdb	e1ff0a4d634cbb08c9ed376182106e5c06907ea1d649b1805f81d1e9f4a037b4	PASS_ALL_THREE_CDRS_REDESIGNED	H1/H2/H3 residues are designable; non-loop VHH residues and target chain are fixed by loop_string2fixed_res	/data1/qlyu/projects/pvrig_1m_fixed_pose_mpnn150k_v1_20260722/data/fixed_pose_candidates_frozen150k.tsv.gz;/data1/qlyu/projects/pvrig_1m_fixed_pose_mpnn150k_v1_20260722/inputs/fixed_pose_mpnn_tasks.tsv;/data1/qlyu/projects/pvrig_1m_fixed_pose_mpnn150k_v1_20260722/scripts/run_fixed_pose_mpnn_worker.sh;/data/qlyu/software/RFantibody/src/rfantibody/proteinmpnn/sample_features.py;/data1/qlyu/projects/pvrig_1m_fixed_pose_mpnn150k_v1_20260722/generation/workers/gpu_3_slot_0/outputs/FPMPNN_087_case02_pos_10_151H7__pose06_dldesign_1239.pdb	ca2335e4f83dfca5cc4a341e5530258e43a44cdce5d9702ed79ad731baa8e608
PVRIG_CAND_033	NODE1GEN_195165_source_fixed_pose_mpnn_source_id_P500K__FIXED_POSE_MPNN__499D245F888E5DC4	P500K__FIXED_POSE_MPNN__499D245F888E5DC4	FPMPNN_090_case02_pos_10_151H7__pose09	case02_pos_10_151H7	cdr1,cdr2,cdr3	H1,H2,H3	EXACT_SEQUENCE_MATCH_3_OF_3	true	true	true	ASGFTYRPYC	GPGFSVPGVD	true	IDIFGGT	INAEGAN	true	AAGDSPDGRCPPLGQGLNY	AAGNSYGGTVPMTPEGYDY	true	499d245f888e5dc4fe52aa1d54d792b7fb4453dced45581d087ee14d22d900f3	/data1/qlyu/projects/pvrig_1m_fixed_pose_mpnn150k_v1_20260722/generation/workers/gpu_6_slot_0/outputs/FPMPNN_090_case02_pos_10_151H7__pose09_dldesign_2009.pdb	d92ad772d5866553f78209aa890de1ea07123ababef051518141a692c2308f06	PASS_ALL_THREE_CDRS_REDESIGNED	H1/H2/H3 residues are designable; non-loop VHH residues and target chain are fixed by loop_string2fixed_res	/data1/qlyu/projects/pvrig_1m_fixed_pose_mpnn150k_v1_20260722/data/fixed_pose_candidates_frozen150k.tsv.gz;/data1/qlyu/projects/pvrig_1m_fixed_pose_mpnn150k_v1_20260722/inputs/fixed_pose_mpnn_tasks.tsv;/data1/qlyu/projects/pvrig_1m_fixed_pose_mpnn150k_v1_20260722/scripts/run_fixed_pose_mpnn_worker.sh;/data/qlyu/software/RFantibody/src/rfantibody/proteinmpnn/sample_features.py;/data1/qlyu/projects/pvrig_1m_fixed_pose_mpnn150k_v1_20260722/generation/workers/gpu_6_slot_0/outputs/FPMPNN_090_case02_pos_10_151H7__pose09_dldesign_2009.pdb	cd828ee62693d5e1170492af0e0ab6ae106b5b6f49a3e5206fb63a9c959940d1
PVRIG_CAND_034	NODE1GEN_235318_source_fixed_pose_mpnn_source_id_P500K__FIXED_POSE_MPNN__B52C2EC7CC64BFED	P500K__FIXED_POSE_MPNN__B52C2EC7CC64BFED	FPMPNN_085_case02_pos_10_151H7__pose04	case02_pos_10_151H7	cdr1,cdr2,cdr3	H1,H2,H3	EXACT_SEQUENCE_MATCH_3_OF_3	true	true	true	ASGFTYRPYC	GPGFTDGPVH	true	IDIFGGT	VNDEGNV	true	AAGDSPDGRCPPLGQGLNY	AAGVSPGTTLPMSESGYQY	true	b52c2ec7cc64bfed93fde5a69e716b1f9e78a14c3a55dd47770387688ed48f83	/data1/qlyu/projects/pvrig_1m_fixed_pose_mpnn150k_v1_20260722/generation/workers/gpu_1_slot_0/outputs/FPMPNN_085_case02_pos_10_151H7__pose04_dldesign_1246.pdb	64908a31359e0a72aacba780f24e1064f88f62d5ba0f0233009107e92406d11e	PASS_ALL_THREE_CDRS_REDESIGNED	H1/H2/H3 residues are designable; non-loop VHH residues and target chain are fixed by loop_string2fixed_res	/data1/qlyu/projects/pvrig_1m_fixed_pose_mpnn150k_v1_20260722/data/fixed_pose_candidates_frozen150k.tsv.gz;/data1/qlyu/projects/pvrig_1m_fixed_pose_mpnn150k_v1_20260722/inputs/fixed_pose_mpnn_tasks.tsv;/data1/qlyu/projects/pvrig_1m_fixed_pose_mpnn150k_v1_20260722/scripts/run_fixed_pose_mpnn_worker.sh;/data/qlyu/software/RFantibody/src/rfantibody/proteinmpnn/sample_features.py;/data1/qlyu/projects/pvrig_1m_fixed_pose_mpnn150k_v1_20260722/generation/workers/gpu_1_slot_0/outputs/FPMPNN_085_case02_pos_10_151H7__pose04_dldesign_1246.pdb	51e8e33696916e86e9859c247196dec1d2f7b3161887fbe0c58032123637edf8
