submission_id	competition_rank_1_50	mechanism_rank_immutable	candidate_id	official_validator_pass	official_validator_failure_details	uniform_final_verdict	uniform_L1_numbering_integrity	uniform_L2_vhh_features	uniform_L3_developability	uniform_L4_structure_stability	uniform_length	uniform_imgt_ok	uniform_kabat_ok	uniform_imgt_chain_type	uniform_imgt_cdr1_len	uniform_imgt_cdr2_len	uniform_imgt_cdr3_len	uniform_conserved_cys_imgt_H23_H104	uniform_fr4	uniform_fr2_hallmark_score	uniform_fr2_hallmark_residues	uniform_fr2_interface_residues	uniform_fr2_interface_hydrophobic_count	uniform_single_domain_suitability	uniform_abnativ_vhh_score	uniform_abnativ_fr_vhh_score	uniform_sapiens_mean_self_probability	uniform_sapiens_num_suggested_mutations	uniform_mw	uniform_pI	uniform_gravy	uniform_charge_pH7_4	uniform_nglyc_motif_count	uniform_nglyc_motif_hits	uniform_cys_count	uniform_deamidation_NG_NS_NT_count	uniform_isomerization_DG_DS_DD_DT_count	uniform_acid_cleavage_DP_count	uniform_hydrophobic_5_count	uniform_polyreactivity_proxy	uniform_tnp_L_flag	uniform_tnp_L3_flag	uniform_tnp_C_flag	uniform_tnp_PSH_flag	uniform_tnp_PPC_flag	uniform_tnp_PNC_flag	uniform_tnp_PSH	uniform_tnp_PPC	uniform_tnp_PNC	uniform_igfold_coverage	uniform_nanonet_coverage	uniform_nanobodybuilder2_coverage	uniform_fr_rmsd_igfold_vs_nanobodybuilder2	uniform_fr_rmsd_igfold_vs_nanonet	uniform_fr_rmsd_nanobodybuilder2_vs_nanonet	uniform_cdr3_anchor_ca_distance	uniform_L1_reasons	uniform_L2_reasons	uniform_L3_reasons	uniform_L4_reasons	uniform_tnp_completion_status	uniform_tnp_completion_source	uniform_tnp_completion_missing_reason_class	uniform_tnp_completion_log_path	uniform_tnp_completion_result_path	uniform_seq_length	uniform_seq_valid_aa_len	uniform_seq_invalid_aa_count	uniform_seq_mw	uniform_seq_pI	uniform_seq_gravy	uniform_seq_instability_index	uniform_seq_charge_pH7_4	uniform_seq_fr2_hallmark_score	uniform_seq_fr2_hallmark_residues	uniform_seq_simple_liability_total	uniform_seq_description	uniform_seq_aromaticity	uniform_seq_imgt_ok	uniform_seq_imgt_chain_type	uniform_seq_imgt_species	uniform_seq_imgt_v_gene	uniform_seq_imgt_j_gene	uniform_seq_imgt_fr1	uniform_seq_imgt_cdr1	uniform_seq_imgt_fr2	uniform_seq_imgt_cdr2	uniform_seq_imgt_fr3	uniform_seq_imgt_cdr3	uniform_seq_imgt_fr4	uniform_seq_kabat_ok	uniform_seq_kabat_chain_type	uniform_seq_kabat_species	uniform_seq_kabat_v_gene	uniform_seq_kabat_j_gene	uniform_seq_kabat_fr1	uniform_seq_kabat_cdr1	uniform_seq_kabat_fr2	uniform_seq_kabat_cdr2	uniform_seq_kabat_fr3	uniform_seq_kabat_cdr3	uniform_seq_kabat_fr4	uniform_seq_fr2_hallmark_matches	uniform_seq_nglyc_motif_count	uniform_seq_nglyc_motif_hits	uniform_seq_deamidation_NG_NS_NT_count	uniform_seq_deamidation_NG_NS_NT_hits	uniform_seq_deamidation_NH_count	uniform_seq_deamidation_NH_hits	uniform_seq_isomerization_DG_DS_DD_DT_count	uniform_seq_isomerization_DG_DS_DD_DT_hits	uniform_seq_acid_cleavage_DP_count	uniform_seq_acid_cleavage_DP_hits	uniform_seq_oxidation_MW_count	uniform_seq_oxidation_MW_hits	uniform_seq_integrin_RGD_count	uniform_seq_integrin_RGD_hits	uniform_seq_unpaired_cys_possible_count	uniform_seq_unpaired_cys_possible_hits	uniform_seq_poly_basic_4_count	uniform_seq_poly_basic_4_hits	uniform_seq_poly_acidic_4_count	uniform_seq_poly_acidic_4_hits	uniform_seq_hydrophobic_5_count	uniform_seq_hydrophobic_5_hits	uniform_seq_cys_count	uniform_seq_cys_even
PVRIG_CAND_001	1	2	NODE1GEN_112448_source_rfantibody_source_id_PVRIG_RFAb_v2_P5_qkg_L_bb355_mpn01_arm_P5_qkg_L_backbone_P5_qkg_L_bb355_status_NEEDS_RF2_AND_DOCKING	true	[]	REVIEW	PASS	PASS	WARN	NOT_RUN	124	True	True	H	8	8	17	C/C	WGQGTLVTVSS	1.0	H37=F;H44=Q;H45=K;H47=G	H44=Q;H45=K;H47=G	0	good	0.7618233593047604	0.8750969815803207	0.7650156958336611	13	13149.394	5.175	-0.2137	-1.513	0		2	3	3	0	0	low	green	green	green	green	green	green	114.4775	0.0	0.0										WARN:deamidation_NG_NS_NT_count=3:NS@74-75;NT@77-78;NS@84-85;WARN:isomerization_DG_DS_DD_DT_count=3:DG@54-55;DS@62-63;DT@90-91	INFO:structure_modeling_not_requested	ORIGINAL_UNIFORM_FULL_QC	vhh_screen				124	124	0	13149.394	5.175	-0.2137	36.921	-1.513	1.0	H37=F;H44=Q;H45=K;H47=G	9	PVRIG_CAND_001	0.1129	True	H	pig			QVQLVESGGGLVQPGGSLRLSCAAS	GADFSTFS	LGWFRQAPGQQKEGVAS	ITPDGSVT	YYADSVKGRFTISRDNSKNTLYLQMNSLRAEDTAVYYC	AAGPGPISSLSPEYYTY	WGQGTLVTVSS	True	H	pig			QVQLVESGGGLVQPGGSLRLSCAASGADFS	TFSLG	WFRQAPGQQKEGVA	SITPDGSVTYYADSVKG	RFTISRDNSKNTLYLQMNSLRAEDTAVYYCAA	GPGPISSLSPEYYTY	WGQGTLVTVSS	4	0		3	NS@74-75;NT@77-78;NS@84-85	0		3	DG@54-55;DS@62-63;DT@90-91	0		3	W@36-36;M@83-83;W@114-114	0		2	C@22-22;C@96-96	0		0		0		2	True
PVRIG_CAND_002	2	3	NODE1GEN_229102_source_fixed_pose_mpnn_source_id_P500K__FIXED_POSE_MPNN__2F90E7DCCA05F9E4	true	[]	REVIEW	PASS	PASS	WARN	NOT_RUN	127	True	True	H	10	7	19	C/C	WGQGTMVTVSS	0.75	H37=F;H44=E;H45=R;H47=A	H44=E;H45=R;H47=A	1	good	0.7194147620277251	0.8394916861425998	0.7264157206619408	13	13498.771	5.573	-0.3157	-2.432	0		2	2	3	0	0	low	green	green	green	green	green	green	110.31	0.0	0.0										WARN:deamidation_NG_NS_NT_count=2:NS@54-55;NS@85-86;WARN:isomerization_DG_DS_DD_DT_count=3:DG@31-32;DS@63-64;DT@91-92	INFO:structure_modeling_not_requested	ORIGINAL_UNIFORM_FULL_QC	vhh_screen				127	127	0	13498.771	5.573	-0.3157	35.19	-2.432	0.75	H37=F;H44=E;H45=R;H47=A	11	PVRIG_CAND_002	0.1024	True	H	pig			HVQLVESGGGLVQPGGSLRLSCVAS	GPGFRDGPYH	MAWFRQAPGKEREAVAG	INSEGTV	TYADSVKGRFTASRDNAGFSLYLQMNSLRAEDTAVYYC	AAGTNPSTTLGMSESDYQY	WGQGTMVTVSS	True	H	pig			HVQLVESGGGLVQPGGSLRLSCVASGPGFR	DGPYHMA	WFRQAPGKEREAVA	GINSEGTVTYADSVKG	RFTASRDNAGFSLYLQMNSLRAEDTAVYYCAA	GTNPSTTLGMSESDYQY	WGQGTMVTVSS	3	0		2	NS@54-55;NS@85-86	0		3	DG@31-32;DS@63-64;DT@91-92	0		6	M@36-36;W@38-38;M@84-84;M@109-109;W@117-117;M@122-122	0		2	C@22-22;C@97-97	0		0		0		2	True
PVRIG_CAND_003	3	4	P1MCPUFP__CPUFP500K_0188__00519	true	[]	REVIEW	PASS	PASS	WARN	NOT_RUN	127	True	True	H	10	7	19	C/C	WGQGTMVTVSS	0.75	H37=F;H44=E;H45=R;H47=A	H44=E;H45=R;H47=A	1	good	0.7187336845475367	0.8749742405341667	0.7168940524827307	13	13650.023	5.019	-0.3087	-4.425	0		2	1	2	0	0	low	green	green	green	green	green	green	112.2371	0.0403	0.7713										WARN:deamidation_NG_NS_NT_count=1:NS@85-86;WARN:isomerization_DG_DS_DD_DT_count=2:DS@63-64;DT@91-92	INFO:structure_modeling_not_requested	ORIGINAL_UNIFORM_FULL_QC	vhh_screen				127	127	0	13650.023	5.019	-0.3087	34.531	-4.425	0.75	H37=F;H44=E;H45=R;H47=A	10	PVRIG_CAND_003	0.0945	True	H	pig			HVQLVESGGGLVQPGGSLRLSCVAS	GPGFLGPEID	MAWFRQAPGKEREAVAG	IDREGDV	TYADSVKGRFTASRDNAGFSLYLQMNSLRAEDTAVYYC	AAGYQPSSTISMRPDQWEH	WGQGTMVTVSS	True	H	pig			HVQLVESGGGLVQPGGSLRLSCVASGPGFL	GPEIDMA	WFRQAPGKEREAVA	GIDREGDVTYADSVKG	RFTASRDNAGFSLYLQMNSLRAEDTAVYYCAA	GYQPSSTISMRPDQWEH	WGQGTMVTVSS	3	0		1	NS@85-86	0		2	DS@63-64;DT@91-92	0		7	M@36-36;W@38-38;M@84-84;M@109-109;W@114-114;W@117-117;M@122-122	0		2	C@22-22;C@97-97	0		0		0		2	True
PVRIG_CAND_004	4	6	NODE1GEN_181778_source_fixed_pose_mpnn_source_id_P500K__FIXED_POSE_MPNN__8EDA6734F7A8BD2C	true	[]	REVIEW	PASS	PASS	WARN	NOT_RUN	127	True	True	H	10	7	19	C/C	WGQGTQVTVSS	0.75	H37=F;H44=E;H45=R;H47=A	H44=E;H45=R;H47=A	1	good	0.7535514191031597	0.9142877936792149	0.710807942088664	17	13311.427	5.211	-0.3465	-3.429	0		2	1	3	0	0	low	green	green	green	green	green	green	118.2371	0.0234	0.1443										WARN:deamidation_NG_NS_NT_count=1:NS@102-103;WARN:deamidation_NH_count=1:NH@54-55;WARN:isomerization_DG_DS_DD_DT_count=3:DS@63-64;DT@91-92;DT@108-109	INFO:structure_modeling_not_requested	ORIGINAL_UNIFORM_FULL_QC	vhh_screen				127	127	0	13311.427	5.211	-0.3465	28.028	-3.429	0.75	H37=F;H44=E;H45=R;H47=A	11	PVRIG_CAND_004	0.1102	True	H	pig			HVQLVESGGGSVQAGGSLRLSCVAS	GPGFSRGPFS	MAWFRQAPGKEREAVAG	VNHEGGT	TYADSVKGRFTASRDNAGFSLFLQMNDLKPEDTAMYYC	AAGYNSGGVVDTTGEGWDY	WGQGTQVTVSS	True	H	pig			HVQLVESGGGSVQAGGSLRLSCVASGPGFS	RGPFSMA	WFRQAPGKEREAVA	GVNHEGGTTYADSVKG	RFTASRDNAGFSLFLQMNDLKPEDTAMYYCAA	GYNSGGVVDTTGEGWDY	WGQGTQVTVSS	3	0		1	NS@102-103	1	NH@54-55	3	DS@63-64;DT@91-92;DT@108-109	0		6	M@36-36;W@38-38;M@84-84;M@94-94;W@114-114;W@117-117	0		2	C@22-22;C@97-97	0		0		0		2	True
PVRIG_CAND_005	5	8	NODE1GEN_256613_source_fixed_pose_mpnn_source_id_P500K__FIXED_POSE_MPNN__0A1B353F72DFABBD	true	[]	REVIEW	PASS	PASS	WARN	NOT_RUN	127	True	True	H	10	7	19	C/C	WGQGTQVTVSS	0.75	H37=F;H44=E;H45=R;H47=A	H44=E;H45=R;H47=A	1	good	0.7388394017183181	0.915928703026913	0.7152481895438799	14	13205.437	6.303	-0.2772	-1.392	0		2	0	3	0	0	low	green	green	green	green	green	green	105.0218	0.006	0.0										WARN:isomerization_DG_DS_DD_DT_count=3:DS@63-64;DT@91-92;DG@110-111	INFO:structure_modeling_not_requested	ORIGINAL_UNIFORM_FULL_QC	vhh_screen				127	127	0	13205.437	6.303	-0.2772	33.731	-1.392	0.75	H37=F;H44=E;H45=R;H47=A	8	PVRIG_CAND_005	0.0945	True	H	pig			HVQLVESGGGSVQAGGSLRLSCVAS	GPGLGRGNFH	MAWFRQAPGKEREAVAG	VNNEGGT	TYADSVKGRFTASRDNAGFSLFLQMNDLKPEDTAMYYC	AAGLSPSGLVPFDGSGYTH	WGQGTQVTVSS	True	H	pig			HVQLVESGGGSVQAGGSLRLSCVASGPGLG	RGNFHMA	WFRQAPGKEREAVA	GVNNEGGTTYADSVKG	RFTASRDNAGFSLFLQMNDLKPEDTAMYYCAA	GLSPSGLVPFDGSGYTH	WGQGTQVTVSS	3	0		0		0		3	DS@63-64;DT@91-92;DG@110-111	0		5	M@36-36;W@38-38;M@84-84;M@94-94;W@117-117	0		2	C@22-22;C@97-97	0		0		0		2	True
PVRIG_CAND_006	6	9	NODE1GEN_183154_source_fixed_pose_mpnn_source_id_P500K__FIXED_POSE_MPNN__E25C2338B83B903C	true	[]	REVIEW	PASS	PASS	WARN	NOT_RUN	127	True	True	H	10	7	19	C/C	WGQGTQVTVSS	0.75	H37=F;H44=E;H45=R;H47=A	H44=E;H45=R;H47=A	1	good	0.7571584168212157	0.9005168793968651	0.7196914549462321	14	13180.422	5.737	-0.2323	-1.464	0		2	1	2	0	0	low	green	green	green	green	green	green	109.1714	0.0404	0.0607										WARN:deamidation_NG_NS_NT_count=1:NS@54-55;WARN:isomerization_DG_DS_DD_DT_count=2:DS@63-64;DT@91-92	INFO:structure_modeling_not_requested	ORIGINAL_UNIFORM_FULL_QC	vhh_screen				127	127	0	13180.422	5.737	-0.2323	29.571	-1.464	0.75	H37=F;H44=E;H45=R;H47=A	9	PVRIG_CAND_006	0.1024	True	H	pig			HVQLVESGGGSVQAGGSLRLSCVAS	GPGFRGGPYG	MAWFRQAPGKEREAVAG	VNSAGTT	TYADSVKGRFTASRDNAGFSLFLQMNDLKPEDTAMYYC	AAGALSSTTLPTTGEGWEF	WGQGTQVTVSS	True	H	pig			HVQLVESGGGSVQAGGSLRLSCVASGPGFR	GGPYGMA	WFRQAPGKEREAVA	GVNSAGTTTYADSVKG	RFTASRDNAGFSLFLQMNDLKPEDTAMYYCAA	GALSSTTLPTTGEGWEF	WGQGTQVTVSS	3	0		1	NS@54-55	0		2	DS@63-64;DT@91-92	0		6	M@36-36;W@38-38;M@84-84;M@94-94;W@114-114;W@117-117	0		2	C@22-22;C@97-97	0		0		0		2	True
PVRIG_CAND_007	7	14	P1MCPUFP__CPUFP500K_0100__00188	true	[]	REVIEW	PASS	PASS	WARN	NOT_RUN	127	True	True	H	10	7	19	C/C	WGQGTQVTVSS	0.75	H37=F;H44=E;H45=R;H47=A	H44=E;H45=R;H47=A	1	good	0.7747377846388477	0.9139103446827498	0.7207470221892293	16	13277.49	5.716	-0.2591	-1.465	0		2	0	3	0	0	low	green	green	green	green	green	green	108.7746	0.0	0.0										WARN:isomerization_DG_DS_DD_DT_count=3:DS@54-55;DS@63-64;DT@91-92	INFO:structure_modeling_not_requested	ORIGINAL_UNIFORM_FULL_QC	vhh_screen				127	127	0	13277.49	5.716	-0.2591	28.754	-1.465	0.75	H37=F;H44=E;H45=R;H47=A	9	PVRIG_CAND_007	0.1102	True	H	pig			HVQLVESGGGSVQAGGSLRLSCVAS	GPGFRGGPFS	MAWFRQAPGKEREAVAG	IDSTGTT	TYADSVKGRFTASRDNAGFSLFLQMNDLKPEDTAMYYC	AAGFTPTTSLSTTGEGWSY	WGQGTQVTVSS	True	H	pig			HVQLVESGGGSVQAGGSLRLSCVASGPGFR	GGPFSMA	WFRQAPGKEREAVA	GIDSTGTTTYADSVKG	RFTASRDNAGFSLFLQMNDLKPEDTAMYYCAA	GFTPTTSLSTTGEGWSY	WGQGTQVTVSS	3	0		0		0		3	DS@54-55;DS@63-64;DT@91-92	0		6	M@36-36;W@38-38;M@84-84;M@94-94;W@114-114;W@117-117	0		2	C@22-22;C@97-97	0		0		0		2	True
PVRIG_CAND_008	8	16	P1MCPUFP__CPUFP500K_0002__00919	true	[]	REVIEW	PASS	PASS	WARN	NOT_RUN	127	True	True	H	10	7	19	C/C	WGQGTQVTVSS	0.75	H37=F;H44=E;H45=R;H47=A	H44=E;H45=R;H47=A	1	good	0.7452432981660173	0.8937474238256699	0.7072639147105707	14	13224.429	5.161	-0.1732	-3.428	0		2	0	3	0	0	low	green	green	green	green	green	green	112.3955	0.0043	0.0747										WARN:isomerization_DG_DS_DD_DT_count=3:DS@54-55;DS@63-64;DT@91-92	INFO:structure_modeling_not_requested	ORIGINAL_UNIFORM_FULL_QC	vhh_screen				127	127	0	13224.429	5.161	-0.1732	30.843	-3.428	0.75	H37=F;H44=E;H45=R;H47=A	9	PVRIG_CAND_008	0.1102	True	H	pig			HVQLVESGGGSVQAGGSLRLSCVAS	GPGWSHGDFS	MAWFRQAPGKEREAVAG	IDSSGTV	TYADSVKGRFTASRDNAGFSLFLQMNDLKPEDTAMYYC	AAGFLPSGAIPSTGSGYEF	WGQGTQVTVSS	True	H	pig			HVQLVESGGGSVQAGGSLRLSCVASGPGWS	HGDFSMA	WFRQAPGKEREAVA	GIDSSGTVTYADSVKG	RFTASRDNAGFSLFLQMNDLKPEDTAMYYCAA	GFLPSGAIPSTGSGYEF	WGQGTQVTVSS	3	0		0		0		3	DS@54-55;DS@63-64;DT@91-92	0		6	W@29-29;M@36-36;W@38-38;M@84-84;M@94-94;W@117-117	0		2	C@22-22;C@97-97	0		0		0		2	True
PVRIG_CAND_009	9	1	P1MCPUFP__CPUFP500K_0288__00659	true	[]	REVIEW	PASS	WARN	WARN	NOT_RUN	127	True	True	H	10	7	19	C/C	WGQGTMVTVSS	0.75	H37=F;H44=E;H45=R;H47=A	H44=E;H45=R;H47=A	1	borderline	0.6991283244507253	0.8424724298891313	0.7386492340546834	12	13518.871	6.105	-0.289	-1.432	0		2	1	4	0	0	low	green	green	green	green	green	green	85.9776	0.0482	0.3453									WARN:abnativ_vhh_score_borderline=0.699	WARN:deamidation_NG_NS_NT_count=1:NS@85-86;WARN:isomerization_DG_DS_DD_DT_count=4:DS@63-64;DT@91-92;DG@104-105;DG@112-113	INFO:structure_modeling_not_requested	ORIGINAL_UNIFORM_FULL_QC	vhh_screen				127	127	0	13518.871	6.105	-0.289	36.45	-1.432	0.75	H37=F;H44=E;H45=R;H47=A	10	PVRIG_CAND_009	0.1102	True	H	pig			HVQLVESGGGLVQPGGSLRLSCVAS	GPAFRVPGTH	MAWFRQAPGKEREAVAG	IGSEGEK	TYADSVKGRFTASRDNAGFSLYLQMNSLRAEDTAVYYC	AAGQRYDGTVPFTPDGYDF	WGQGTMVTVSS	True	H	pig			HVQLVESGGGLVQPGGSLRLSCVASGPAFR	VPGTHMA	WFRQAPGKEREAVA	GIGSEGEKTYADSVKG	RFTASRDNAGFSLYLQMNSLRAEDTAVYYCAA	GQRYDGTVPFTPDGYDF	WGQGTMVTVSS	3	0		1	NS@85-86	0		4	DS@63-64;DT@91-92;DG@104-105;DG@112-113	0		5	M@36-36;W@38-38;M@84-84;W@117-117;M@122-122	0		2	C@22-22;C@97-97	0		0		0		2	True
PVRIG_CAND_010	10	5	P1MCPUFP__CPUFP500K_0100__00092	true	[]	REVIEW	PASS	PASS	WARN	NOT_RUN	127	True	True	H	10	7	19	C/C	WGQGTQVTVSS	0.75	H37=F;H44=E;H45=R;H47=A	H44=E;H45=R;H47=A	1	good	0.735587349654018	0.9157217102524222	0.7117864469168927	16	13286.61	5.716	-0.1252	-1.462	0		2	0	2	0	0	moderate	green	green	green	amber	green	green	148.5527	0.0	0.0										WARN:tnp_PSH_flag=amber;WARN:isomerization_DG_DS_DD_DT_count=2:DS@63-64;DT@91-92;WARN:polyreactivity_proxy=moderate	INFO:structure_modeling_not_requested	ORIGINAL_UNIFORM_FULL_QC	vhh_screen				127	127	0	13286.61	5.716	-0.1252	36.311	-1.462	0.75	H37=F;H44=E;H45=R;H47=A	10	PVRIG_CAND_010	0.1102	True	H	pig			HVQLVESGGGSVQAGGSLRLSCVAS	GPGFRSGPFD	MAWFRQAPGKEREAVAG	ISIAGTV	TYADSVKGRFTASRDNAGFSLFLQMNDLKPEDTAMYYC	AAGMSGSTTISWSGEGWSF	WGQGTQVTVSS	True	H	pig			HVQLVESGGGSVQAGGSLRLSCVASGPGFR	SGPFDMA	WFRQAPGKEREAVA	GISIAGTVTYADSVKG	RFTASRDNAGFSLFLQMNDLKPEDTAMYYCAA	GMSGSTTISWSGEGWSF	WGQGTQVTVSS	3	0		0		0		2	DS@63-64;DT@91-92	0		8	M@36-36;W@38-38;M@84-84;M@94-94;M@101-101;W@109-109;W@114-114;W@117-117	0		2	C@22-22;C@97-97	0		0		0		2	True
PVRIG_CAND_011	11	7	NODE1GEN_154595_source_fixed_pose_mpnn_source_id_P500K__FIXED_POSE_MPNN__9B999365EA60CCE9	true	[]	REVIEW	PASS	PASS	WARN	NOT_RUN	127	True	True	H	10	7	19	C/C	WGQGTQVTVSS	0.75	H37=F;H44=E;H45=R;H47=A	H44=E;H45=R;H47=A	1	good	0.7567416786827014	0.9015917864640942	0.7081944051191328	15	13261.535	5.161	-0.1409	-3.428	0		2	1	2	0	0	moderate	green	green	green	amber	green	green	149.8454	0.0	0.0573										WARN:tnp_PSH_flag=amber;WARN:deamidation_NG_NS_NT_count=1:NS@54-55;WARN:isomerization_DG_DS_DD_DT_count=2:DS@63-64;DT@91-92;WARN:polyreactivity_proxy=moderate	INFO:structure_modeling_not_requested	ORIGINAL_UNIFORM_FULL_QC	vhh_screen				127	127	0	13261.535	5.161	-0.1409	28.124	-3.428	0.75	H37=F;H44=E;H45=R;H47=A	9	PVRIG_CAND_011	0.1102	True	H	pig			HVQLVESGGGSVQAGGSLRLSCVAS	GPGWTHGDFS	MAWFRQAPGKEREAVAG	VNSLGTV	TYADSVKGRFTASRDNAGFSLFLQMNDLKPEDTAMYYC	AAGFLPTGAVPATGEGYDF	WGQGTQVTVSS	True	H	pig			HVQLVESGGGSVQAGGSLRLSCVASGPGWT	HGDFSMA	WFRQAPGKEREAVA	GVNSLGTVTYADSVKG	RFTASRDNAGFSLFLQMNDLKPEDTAMYYCAA	GFLPTGAVPATGEGYDF	WGQGTQVTVSS	3	0		1	NS@54-55	0		2	DS@63-64;DT@91-92	0		6	W@29-29;M@36-36;W@38-38;M@84-84;M@94-94;W@117-117	0		2	C@22-22;C@97-97	0		0		0		2	True
PVRIG_CAND_012	12	10	P1MCPUFP__CPUFP500K_0188__00282	true	[]	REVIEW	PASS	WARN	WARN	NOT_RUN	127	True	True	H	10	7	19	C/C	WGQGTMVTVSS	0.75	H37=F;H44=E;H45=R;H47=A	H44=E;H45=R;H47=A	1	borderline	0.6983876097837487	0.8627284273477289	0.726265707346574	14	13590.999	6.105	-0.2874	-1.432	0		2	1	3	0	0	low																		WARN:abnativ_vhh_score_borderline=0.698	WARN:tnp_flags_not_available;WARN:deamidation_NG_NS_NT_count=1:NS@85-86;WARN:isomerization_DG_DS_DD_DT_count=3:DS@63-64;DT@91-92;DG@112-113	INFO:structure_modeling_not_requested	TECHNICAL_FAILURE_AFTER_RETRY	supplemental_same_TNP_retry	TECHNICAL_OR_OTHER_MISSING_TNP	/data/qlyu/projects/pvrig_top7500_dualpanel_screen_v1_20260724/run/qc397_final50_submission_freeze_p0p1_v1_20260726/uniform_tnp_completion/logs/PVRIG_CAND_012.log	/data/qlyu/projects/pvrig_top7500_dualpanel_screen_v1_20260724/run/qc397_final50_submission_freeze_p0p1_v1_20260726/uniform_tnp_completion/runs/PVRIG_CAND_012/TNP_Results_SingleSeqEntry_PVRIG_CAND_012.json	127	127	0	13590.999	6.105	-0.2874	34.591	-1.432	0.75	H37=F;H44=E;H45=R;H47=A	10	PVRIG_CAND_012	0.1024	True	H	pig			HVQLVESGGGLVQPGGSLRLSCVAS	GPGFSHPSFD	MAWFRQAPGKEREAVAG	IDREGKV	TYADSVKGRFTASRDNAGFSLYLQMNSLRAEDTAVYYC	AAGYQPSPTLSMREDGYTV	WGQGTMVTVSS	True	H	pig			HVQLVESGGGLVQPGGSLRLSCVASGPGFS	HPSFDMA	WFRQAPGKEREAVA	GIDREGKVTYADSVKG	RFTASRDNAGFSLYLQMNSLRAEDTAVYYCAA	GYQPSPTLSMREDGYTV	WGQGTMVTVSS	3	0		1	NS@85-86	0		3	DS@63-64;DT@91-92;DG@112-113	0		6	M@36-36;W@38-38;M@84-84;M@109-109;W@117-117;M@122-122	0		2	C@22-22;C@97-97	0		0		0		2	True
PVRIG_CAND_013	13	11	NODE1GEN_191476_source_fixed_pose_mpnn_source_id_P500K__FIXED_POSE_MPNN__310934EF4B70CA47	true	[]	REVIEW	PASS	PASS	WARN	NOT_RUN	127	True	True	H	10	7	19	C/C	WGQGTQVTVSS	0.75	H37=F;H44=E;H45=R;H47=A	H44=E;H45=R;H47=A	1	good	0.755278684304778	0.916237065464313	0.7165278620416606	16	13219.501	6.769	-0.2071	-0.463	0		2	0	2	0	0	low	green	green	green	green	green	green	121.4221	0.0	0.0										WARN:isomerization_DG_DS_DD_DT_count=2:DS@63-64;DT@91-92	INFO:structure_modeling_not_requested	ORIGINAL_UNIFORM_FULL_QC	vhh_screen				127	127	0	13219.501	6.769	-0.2071	32.99	-0.463	0.75	H37=F;H44=E;H45=R;H47=A	8	PVRIG_CAND_013	0.1024	True	H	pig			HVQLVESGGGSVQAGGSLRLSCVAS	GPGFRSGPFS	MAWFRQAPGKEREAVAG	VNNAGTT	TYADSVKGRFTASRDNAGFSLFLQMNDLKPEDTAMYYC	AAGPLATTTIPTSGEGWSF	WGQGTQVTVSS	True	H	pig			HVQLVESGGGSVQAGGSLRLSCVASGPGFR	SGPFSMA	WFRQAPGKEREAVA	GVNNAGTTTYADSVKG	RFTASRDNAGFSLFLQMNDLKPEDTAMYYCAA	GPLATTTIPTSGEGWSF	WGQGTQVTVSS	3	0		0		0		2	DS@63-64;DT@91-92	0		6	M@36-36;W@38-38;M@84-84;M@94-94;W@114-114;W@117-117	0		2	C@22-22;C@97-97	0		0		0		2	True
PVRIG_CAND_014	14	12	P1MCPUFP__CPUFP500K_0090__00532	true	[]	REVIEW	PASS	PASS	WARN	NOT_RUN	127	True	True	H	10	7	19	C/C	WGQGTMVTVSS	0.75	H37=F;H44=E;H45=R;H47=A	H44=E;H45=R;H47=A	1	good	0.754284748772138	0.8794290421284227	0.7377122352559735	15	13129.424	6.307	-0.1583	-1.391	0		2	1	3	0	0	low	green	green	green	green	green	green	125.5014	0.012	0.1597										WARN:deamidation_NG_NS_NT_count=1:NS@85-86;WARN:isomerization_DG_DS_DD_DT_count=3:DS@63-64;DT@91-92;DS@101-102	INFO:structure_modeling_not_requested	ORIGINAL_UNIFORM_FULL_QC	vhh_screen				127	127	0	13129.424	6.307	-0.1583	41.739	-1.391	0.75	H37=F;H44=E;H45=R;H47=A	9	PVRIG_CAND_014	0.0866	True	H	pig			HVQLVESGGGLVQPGGSLRLSCVAS	GPAFGVPGVH	MAWFRQAPGKEREAVAG	IGSEGET	TYADSVKGRFTASRDNAGFSLYLQMNSLRAEDTAVYYC	AAGDSRGGVVPTSPSGYTH	WGQGTMVTVSS	True	H	pig			HVQLVESGGGLVQPGGSLRLSCVASGPAFG	VPGVHMA	WFRQAPGKEREAVA	GIGSEGETTYADSVKG	RFTASRDNAGFSLYLQMNSLRAEDTAVYYCAA	GDSRGGVVPTSPSGYTH	WGQGTMVTVSS	3	0		1	NS@85-86	0		3	DS@63-64;DT@91-92;DS@101-102	0		5	M@36-36;W@38-38;M@84-84;W@117-117;M@122-122	0		2	C@22-22;C@97-97	0		0		0		2	True
PVRIG_CAND_015	15	13	NODE1GEN_177961_source_fixed_pose_mpnn_source_id_P500K__FIXED_POSE_MPNN__8431DA62B813A913	true	[]	REVIEW	PASS	PASS	WARN	NOT_RUN	127	True	True	H	10	7	19	C/C	WGQGTMVTVSS	0.75	H37=F;H44=E;H45=R;H47=A	H44=E;H45=R;H47=A	1	good	0.7370540023004155	0.8774462640381977	0.730817738825118	12	13456.737	5.745	-0.3535	-1.469	0		2	1	4	0	0	moderate	green	green	green	amber	green	amber	126.9985	0.0693	1.6397										WARN:tnp_PSH_flag=amber;WARN:tnp_PNC_flag=amber;WARN:deamidation_NG_NS_NT_count=1:NS@85-86;WARN:isomerization_DG_DS_DD_DT_count=4:DD@54-55;DT@58-59;DS@63-64;DT@91-92;WARN:integrin_RGD_count=1:RGD@56-58;WARN:polyreactivity_proxy=moderate	INFO:structure_modeling_not_requested	ORIGINAL_UNIFORM_FULL_QC	vhh_screen				127	127	0	13456.737	5.745	-0.3535	27.339	-1.469	0.75	H37=F;H44=E;H45=R;H47=A	12	PVRIG_CAND_015	0.1024	True	H	pig			HVQLVESGGGLVQPGGSLRLSCVAS	GPGFRTGPSD	MAWFRQAPGKEREAVAG	IDDRGDT	TYADSVKGRFTASRDNAGFSLYLQMNSLRAEDTAVYYC	AAGANPRGYVPMTESGYSY	WGQGTMVTVSS	True	H	pig			HVQLVESGGGLVQPGGSLRLSCVASGPGFR	TGPSDMA	WFRQAPGKEREAVA	GIDDRGDTTYADSVKG	RFTASRDNAGFSLYLQMNSLRAEDTAVYYCAA	GANPRGYVPMTESGYSY	WGQGTMVTVSS	3	0		1	NS@85-86	0		4	DD@54-55;DT@58-59;DS@63-64;DT@91-92	0		6	M@36-36;W@38-38;M@84-84;M@109-109;W@117-117;M@122-122	1	RGD@56-58	2	C@22-22;C@97-97	0		0		0		2	True
PVRIG_CAND_016	16	15	NODE1GEN_206644_source_fixed_pose_mpnn_source_id_P500K__FIXED_POSE_MPNN__53F648E960398F2F	true	[]	REVIEW	PASS	PASS	WARN	NOT_RUN	127	True	True	H	10	7	19	C/C	WGQGTQVTVSS	0.75	H37=F;H44=E;H45=R;H47=A	H44=E;H45=R;H47=A	1	good	0.7606871351960313	0.9154959055645293	0.7151217716232705	14	13136.329	6.765	-0.2354	-0.463	0		2	1	3	0	0	low	green	green	green	green	green	green	120.2736	0.0	0.0										WARN:deamidation_NG_NS_NT_count=1:NT@101-102;WARN:isomerization_DG_DS_DD_DT_count=3:DS@63-64;DT@91-92;DG@110-111	INFO:structure_modeling_not_requested	ORIGINAL_UNIFORM_FULL_QC	vhh_screen				127	127	0	13136.329	6.765	-0.2354	29.09	-0.463	0.75	H37=F;H44=E;H45=R;H47=A	10	PVRIG_CAND_016	0.1024	True	H	pig			HVQLVESGGGSVQAGGSLRLSCVAS	GPGFRGGPFS	MAWFRQAPGKEREAVAG	VNNAGTT	TYADSVKGRFTASRDNAGFSLFLQMNDLKPEDTAMYYC	AAGNTASTAIPTDGSGWSF	WGQGTQVTVSS	True	H	pig			HVQLVESGGGSVQAGGSLRLSCVASGPGFR	GGPFSMA	WFRQAPGKEREAVA	GVNNAGTTTYADSVKG	RFTASRDNAGFSLFLQMNDLKPEDTAMYYCAA	GNTASTAIPTDGSGWSF	WGQGTQVTVSS	3	0		1	NT@101-102	0		3	DS@63-64;DT@91-92;DG@110-111	0		6	M@36-36;W@38-38;M@84-84;M@94-94;W@114-114;W@117-117	0		2	C@22-22;C@97-97	0		0		0		2	True
PVRIG_CAND_017	17	17	P1MCPUFP__CPUFP500K_0287__00804	true	[]	REVIEW	PASS	WARN	WARN	NOT_RUN	127	True	True	H	10	7	19	C/C	WGQGTMVTVSS	0.75	H37=F;H44=E;H45=R;H47=A	H44=E;H45=R;H47=A	1	borderline	0.6730607170518247	0.843563029735539	0.7149501646260225	16	13519.922	5.586	-0.263	-2.429	0		2	1	3	0	0	low																		WARN:abnativ_vhh_score_borderline=0.673	WARN:tnp_flags_not_available;WARN:deamidation_NG_NS_NT_count=1:NS@85-86;WARN:isomerization_DG_DS_DD_DT_count=3:DS@63-64;DT@91-92;DG@112-113	INFO:structure_modeling_not_requested	TECHNICAL_FAILURE_AFTER_RETRY	supplemental_same_TNP_retry	TECHNICAL_OR_OTHER_MISSING_TNP	/data/qlyu/projects/pvrig_top7500_dualpanel_screen_v1_20260724/run/qc397_final50_submission_freeze_p0p1_v1_20260726/uniform_tnp_completion/logs/PVRIG_CAND_017.log	/data/qlyu/projects/pvrig_top7500_dualpanel_screen_v1_20260724/run/qc397_final50_submission_freeze_p0p1_v1_20260726/uniform_tnp_completion/runs/PVRIG_CAND_017/TNP_Results_SingleSeqEntry_PVRIG_CAND_017.json	127	127	0	13519.922	5.586	-0.263	38.827	-2.429	0.75	H37=F;H44=E;H45=R;H47=A	12	PVRIG_CAND_017	0.1024	True	H	pig			HVQLVESGGGLVQPGGSLRLSCVAS	GPGFAGPPWH	MAWFRQAPGKEREAVAG	IDREGKV	TYADSVKGRFTASRDNAGFSLYLQMNSLRAEDTAVYYC	AGSAQVSPDISMSPDGWEY	WGQGTMVTVSS	True	H	pig			HVQLVESGGGLVQPGGSLRLSCVASGPGFA	GPPWHMA	WFRQAPGKEREAVA	GIDREGKVTYADSVKG	RFTASRDNAGFSLYLQMNSLRAEDTAVYYCAG	SAQVSPDISMSPDGWEY	WGQGTMVTVSS	3	0		1	NS@85-86	0		3	DS@63-64;DT@91-92;DG@112-113	0		8	W@34-34;M@36-36;W@38-38;M@84-84;M@109-109;W@114-114;W@117-117;M@122-122	0		2	C@22-22;C@97-97	0		0		0		2	True
PVRIG_CAND_018	18	18	NODE1GEN_127352_source_rfantibody_source_id_PVRIG_RFAb_v2_P6_ekg_L_bb203_mpn04_arm_P6_ekg_L_backbone_P6_ekg_L_bb203_status_NEEDS_RF2_AND_DOCKING	true	[]	REVIEW	PASS	PASS	WARN	NOT_RUN	123	True	True	H	8	8	16	C/C	WGQGTLVTVSS	1.0	H37=F;H44=E;H45=K;H47=G	H44=E;H45=K;H47=G	0	good	0.824067418127318	0.9001453352738589	0.7695916440958778	14	13046.101	4.692	-0.348	-3.513	0		2	3	3	0	0	low	green	green	green	green	green	green	92.5271	0.0	0.0										WARN:pI_unusual=4.69;WARN:deamidation_NG_NS_NT_count=3:NS@74-75;NT@77-78;NS@84-85;WARN:isomerization_DG_DS_DD_DT_count=3:DG@54-55;DS@62-63;DT@90-91	INFO:structure_modeling_not_requested	ORIGINAL_UNIFORM_FULL_QC	vhh_screen				123	123	0	13046.101	4.692	-0.348	35.365	-3.513	1.0	H37=F;H44=E;H45=K;H47=G	9	PVRIG_CAND_018	0.1138	True	H	pig			QVQLVESGGGLVQPGGSLRLSCAAS	GADFSTYS	LGWFRQAPGQEKEGVAS	ISSDGSTT	YYADSVKGRFTISRDNSKNTLYLQMNSLRAEDTAVYYC	AANPDYSGIEPGGYTY	WGQGTLVTVSS	True	H	pig			QVQLVESGGGLVQPGGSLRLSCAASGADFS	TYSLG	WFRQAPGQEKEGVA	SISSDGSTTYYADSVKG	RFTISRDNSKNTLYLQMNSLRAEDTAVYYCAA	NPDYSGIEPGGYTY	WGQGTLVTVSS	4	0		3	NS@74-75;NT@77-78;NS@84-85	0		3	DG@54-55;DS@62-63;DT@90-91	0		3	W@36-36;M@83-83;W@113-113	0		2	C@22-22;C@96-96	0		0		0		2	True
PVRIG_CAND_019	19	19	P1MCPUFP__CPUFP500K_0089__00735	true	[]	REVIEW	PASS	PASS	WARN	NOT_RUN	127	True	True	H	10	7	19	C/C	WGQGTMVTVSS	0.75	H37=F;H44=E;H45=R;H47=A	H44=E;H45=R;H47=A	1	good	0.7070443874671455	0.8784935112390844	0.7235830584797627	14	13531.933	5.483	-0.2244	-3.392	0		2	1	3	0	0	low	green	green	green	green	green	green	102.6113	0.0627	0.08										WARN:deamidation_NG_NS_NT_count=1:NS@85-86;WARN:isomerization_DG_DS_DD_DT_count=3:DS@63-64;DT@91-92;DG@112-113	INFO:structure_modeling_not_requested	ORIGINAL_UNIFORM_FULL_QC	vhh_screen				127	127	0	13531.933	5.483	-0.2244	37.802	-3.392	0.75	H37=F;H44=E;H45=R;H47=A	11	PVRIG_CAND_019	0.1024	True	H	pig			HVQLVESGGGLVQPGGSLRLSCVAS	GPGFSHPGVD	MAWFRQAPGKEREAVAG	IDAEGRV	TYADSVKGRFTASRDNAGFSLYLQMNSLRAEDTAVYYC	AAGYQPSPHISMLPDGWEY	WGQGTMVTVSS	True	H	pig			HVQLVESGGGLVQPGGSLRLSCVASGPGFS	HPGVDMA	WFRQAPGKEREAVA	GIDAEGRVTYADSVKG	RFTASRDNAGFSLYLQMNSLRAEDTAVYYCAA	GYQPSPHISMLPDGWEY	WGQGTMVTVSS	3	0		1	NS@85-86	0		3	DS@63-64;DT@91-92;DG@112-113	0		7	M@36-36;W@38-38;M@84-84;M@109-109;W@114-114;W@117-117;M@122-122	0		2	C@22-22;C@97-97	0		0		0		2	True
PVRIG_CAND_020	20	20	NODE1GEN_258472_source_fixed_pose_mpnn_source_id_P500K__FIXED_POSE_MPNN__2E2B33208D567583	true	[]	REVIEW	PASS	PASS	WARN	NOT_RUN	123	True	True	H	8	8	16	C/C	WGQGTQVTVSS	1.0	H37=F;H44=Q;H45=R;H47=G	H44=Q;H45=R;H47=G	0	good	0.8153462187063585	0.9834566756217955	0.7047729079604028	19	13409.573	6.387	-0.7211	-0.512	0		2	3	3	1	0	low	green	green	green	green	green	green	83.9307	0.0	0.11										WARN:deamidation_NG_NS_NT_count=3:NT@77-78;NS@84-85;NS@108-109;WARN:isomerization_DG_DS_DD_DT_count=3:DS@62-63;DT@90-91;DG@101-102;WARN:acid_cleavage_DP_count=1:DP@106-107	INFO:structure_modeling_not_requested	ORIGINAL_UNIFORM_FULL_QC	vhh_screen				123	123	0	13409.573	6.387	-0.7211	39.326	-0.512	1.0	H37=F;H44=Q;H45=R;H47=G	16	PVRIG_CAND_020	0.1057	True	H	human			QVQLVESGGGSVQAGGSLRLSCAAS	GPETGPRD	MAWFRQAPGKQREGVAT	ISGDNKNY	YYTDSVRGRFTISRDNAKNTMYLQMNSLKPEDTAMYYC	AMSWDGGSSDPNSWQY	WGQGTQVTVSS	True	H	human			QVQLVESGGGSVQAGGSLRLSCAASGPETG	PRDMA	WFRQAPGKQREGVA	TISGDNKNYYYTDSVRG	RFTISRDNAKNTMYLQMNSLKPEDTAMYYCAM	SWDGGSSDPNSWQY	WGQGTQVTVSS	4	0		3	NT@77-78;NS@84-85;NS@108-109	0		3	DS@62-63;DT@90-91;DG@101-102	1	DP@106-107	9	M@34-34;W@36-36;M@79-79;M@83-83;M@93-93;M@98-98;W@100-100;W@110-110;W@113-113	0		2	C@22-22;C@96-96	0		0		0		2	True
PVRIG_CAND_021	21	21	P1MCPUFP__CPUFP500K_0299__00780	true	[]	REVIEW	PASS	PASS	WARN	NOT_RUN	127	True	True	H	10	7	19	C/C	WGQGTQVTVSS	0.75	H37=F;H44=E;H45=R;H47=A	H44=E;H45=R;H47=A	1	good	0.790198629830207	0.9146933231053445	0.7097787835495913	15	13213.45	5.131	-0.1953	-3.428	0		2	0	4	0	0	moderate	green	green	green	amber	green	green	128.319	0.0043	0.0										WARN:tnp_PSH_flag=amber;WARN:isomerization_DG_DS_DD_DT_count=4:DS@54-55;DS@63-64;DT@91-92;DG@110-111;WARN:polyreactivity_proxy=moderate	INFO:structure_modeling_not_requested	ORIGINAL_UNIFORM_FULL_QC	vhh_screen				127	127	0	13213.45	5.131	-0.1953	30.676	-3.428	0.75	H37=F;H44=E;H45=R;H47=A	10	PVRIG_CAND_021	0.1024	True	H	pig			HVQLVESGGGSVQAGGSLRLSCVAS	GPGWQHGSFS	MAWFRQAPGKEREAVAG	VDSTGTV	TYADSVKGRFTASRDNAGFSLFLQMNDLKPEDTAMYYC	AAGLLPSGAIPPDGSGYDF	WGQGTQVTVSS	True	H	pig			HVQLVESGGGSVQAGGSLRLSCVASGPGWQ	HGSFSMA	WFRQAPGKEREAVA	GVDSTGTVTYADSVKG	RFTASRDNAGFSLFLQMNDLKPEDTAMYYCAA	GLLPSGAIPPDGSGYDF	WGQGTQVTVSS	3	0		0		0		4	DS@54-55;DS@63-64;DT@91-92;DG@110-111	0		6	W@29-29;M@36-36;W@38-38;M@84-84;M@94-94;W@117-117	0		2	C@22-22;C@97-97	0		0		0		2	True
PVRIG_CAND_022	22	22	P1MCPUFP__CPUFP500K_0189__00858	true	[]	REVIEW	PASS	PASS	WARN	NOT_RUN	127	True	True	H	10	7	19	C/C	WGQGTMVTVSS	0.75	H37=F;H44=E;H45=R;H47=A	H44=E;H45=R;H47=A	1	good	0.7524538766396984	0.8810785319154006	0.7287556420623024	16	13165.45	5.24	-0.1472	-2.469	0		2	1	2	0	0	low	green	green	green	green	green	green	114.8736	0.0	0.236										WARN:deamidation_NG_NS_NT_count=1:NS@85-86;WARN:isomerization_DG_DS_DD_DT_count=2:DS@63-64;DT@91-92	INFO:structure_modeling_not_requested	ORIGINAL_UNIFORM_FULL_QC	vhh_screen				127	127	0	13165.45	5.24	-0.1472	37.739	-2.469	0.75	H37=F;H44=E;H45=R;H47=A	8	PVRIG_CAND_022	0.1024	True	H	pig			HVQLVESGGGLVQPGGSLRLSCVAS	GPGFGVPGVD	MAWFRQAPGKEREAVAG	IGPEGEV	TYADSVKGRFTASRDNAGFSLYLQMNSLRAEDTAVYYC	AAGRSYGGTVGTSPSAYDY	WGQGTMVTVSS	True	H	pig			HVQLVESGGGLVQPGGSLRLSCVASGPGFG	VPGVDMA	WFRQAPGKEREAVA	GIGPEGEVTYADSVKG	RFTASRDNAGFSLYLQMNSLRAEDTAVYYCAA	GRSYGGTVGTSPSAYDY	WGQGTMVTVSS	3	0		1	NS@85-86	0		2	DS@63-64;DT@91-92	0		5	M@36-36;W@38-38;M@84-84;W@117-117;M@122-122	0		2	C@22-22;C@97-97	0		0		0		2	True
PVRIG_CAND_023	23	23	NODE1GEN_174576_source_fixed_pose_mpnn_source_id_P500K__FIXED_POSE_MPNN__D5384A7F42146722	true	[]	REVIEW	PASS	PASS	WARN	NOT_RUN	127	True	True	H	10	7	19	C/C	WGQGTMVTVSS	0.75	H37=F;H44=E;H45=R;H47=A	H44=E;H45=R;H47=A	1	good	0.7239741947611953	0.865803306049697	0.7309465595799697	13	13114.319	5.19	-0.1496	-3.427	0		2	3	3	0	0	moderate	green	green	green	amber	green	green	131.553	0.0037	0.2809										WARN:tnp_PSH_flag=amber;WARN:deamidation_NG_NS_NT_count=3:NS@54-55;NT@59-60;NS@85-86;WARN:isomerization_DG_DS_DD_DT_count=3:DS@63-64;DT@91-92;DS@101-102;WARN:polyreactivity_proxy=moderate	INFO:structure_modeling_not_requested	ORIGINAL_UNIFORM_FULL_QC	vhh_screen				127	127	0	13114.319	5.19	-0.1496	35.338	-3.427	0.75	H37=F;H44=E;H45=R;H47=A	11	PVRIG_CAND_023	0.0866	True	H	pig			HVQLVESGGGLVQPGGSLRLSCVAS	GPGFGVSGVD	MAWFRQAPGKEREAVAG	INSEGEN	TYADSVKGRFTASRDNAGFSLYLQMNSLRAEDTAVYYC	AAGDSLGGLVGTSPSSYTH	WGQGTMVTVSS	True	H	pig			HVQLVESGGGLVQPGGSLRLSCVASGPGFG	VSGVDMA	WFRQAPGKEREAVA	GINSEGENTYADSVKG	RFTASRDNAGFSLYLQMNSLRAEDTAVYYCAA	GDSLGGLVGTSPSSYTH	WGQGTMVTVSS	3	0		3	NS@54-55;NT@59-60;NS@85-86	0		3	DS@63-64;DT@91-92;DS@101-102	0		5	M@36-36;W@38-38;M@84-84;W@117-117;M@122-122	0		2	C@22-22;C@97-97	0		0		0		2	True
PVRIG_CAND_024	24	24	NODE1GEN_002130_source_rfantibody_source_id_PVRIG_RFAb_v2_P1_ekg_L_bb177_mpn10_arm_P1_ekg_L_backbone_P1_ekg_L_bb177_status_NEEDS_RF2_AND_DOCKING	true	[]	REVIEW	PASS	PASS	WARN	NOT_RUN	123	True	True	H	8	8	16	C/C	WGQGTLVTVSS	1.0	H37=F;H44=E;H45=K;H47=G	H44=E;H45=K;H47=G	0	good	0.8051606892804787	0.9037971308767656	0.7650921191202431	12	13111.179	5.715	-0.3772	-1.475	0		2	3	3	0	0	moderate	green	green	green	amber	green	green	75.351	0.0098	0.0										WARN:tnp_PSH_flag=amber;WARN:deamidation_NG_NS_NT_count=3:NS@74-75;NT@77-78;NS@84-85;WARN:isomerization_DG_DS_DD_DT_count=3:DG@54-55;DS@62-63;DT@90-91;WARN:polyreactivity_proxy=moderate	INFO:structure_modeling_not_requested	ORIGINAL_UNIFORM_FULL_QC	vhh_screen				123	123	0	13111.179	5.715	-0.3772	38.836	-1.475	1.0	H37=F;H44=E;H45=K;H47=G	9	PVRIG_CAND_024	0.1057	True	H	pig			QVQLVESGGGLVQPGGSLRLSCAAS	GGDFSTYS	LGWFRQAPGQEKEGVAS	ISSDGSTT	YYADSVKGRFTISRDNSKNTLYLQMNSLRAEDTAVYYC	AASRTHASLNPESYSY	WGQGTLVTVSS	True	H	pig			QVQLVESGGGLVQPGGSLRLSCAASGGDFS	TYSLG	WFRQAPGQEKEGVA	SISSDGSTTYYADSVKG	RFTISRDNSKNTLYLQMNSLRAEDTAVYYCAA	SRTHASLNPESYSY	WGQGTLVTVSS	4	0		3	NS@74-75;NT@77-78;NS@84-85	0		3	DG@54-55;DS@62-63;DT@90-91	0		3	W@36-36;M@83-83;W@113-113	0		2	C@22-22;C@96-96	0		0		0		2	True
PVRIG_CAND_025	25	25	P1MCPUFP__CPUFP500K_0380__00771	true	[]	REVIEW	PASS	PASS	WARN	NOT_RUN	127	True	True	H	10	7	19	C/C	WGQGTMVTVSS	0.75	H37=F;H44=E;H45=R;H47=A	H44=E;H45=R;H47=A	1	good	0.7483641489338205	0.867933096612339	0.7242126213863316	15	13229.475	5.451	-0.2031	-3.394	0		2	1	5	0	0	low	green	green	green	green	green	green	119.3605	0.0143	1.3785										WARN:deamidation_NG_NS_NT_count=1:NS@85-86;WARN:isomerization_DG_DS_DD_DT_count=5:DS@54-55;DG@56-57;DS@63-64;DT@91-92;DG@112-113	INFO:structure_modeling_not_requested	ORIGINAL_UNIFORM_FULL_QC	vhh_screen				127	127	0	13229.475	5.451	-0.2031	33.52	-3.394	0.75	H37=F;H44=E;H45=R;H47=A	13	PVRIG_CAND_025	0.1024	True	H	pig			HVQLVESGGGLVQPGGSLRLSCVAS	GPGFGGGHSH	MAWFRQAPGKEREAVAG	IDSDGTV	TYADSVKGRFTASRDNAGFSLYLQMNSLRAEDTAVYYC	AAGAWPGGTVPMTEDGYSY	WGQGTMVTVSS	True	H	pig			HVQLVESGGGLVQPGGSLRLSCVASGPGFG	GGHSHMA	WFRQAPGKEREAVA	GIDSDGTVTYADSVKG	RFTASRDNAGFSLYLQMNSLRAEDTAVYYCAA	GAWPGGTVPMTEDGYSY	WGQGTMVTVSS	3	0		1	NS@85-86	0		5	DS@54-55;DG@56-57;DS@63-64;DT@91-92;DG@112-113	0		7	M@36-36;W@38-38;M@84-84;W@102-102;M@109-109;W@117-117;M@122-122	0		2	C@22-22;C@97-97	0		0		0		2	True
PVRIG_CAND_026	26	26	NODE1GEN_217675_source_fixed_pose_mpnn_source_id_P500K__FIXED_POSE_MPNN__68DDB4A6D7CBCA89	true	[]	REVIEW	PASS	PASS	WARN	NOT_RUN	127	True	True	H	10	7	19	C/C	WGQGTMVTVSS	0.75	H37=F;H44=E;H45=R;H47=A	H44=E;H45=R;H47=A	1	good	0.7346191287648692	0.8659845631495154	0.7344851302144331	12	13110.31	5.539	-0.1543	-2.428	1	NVTY@58-61	2	2	2	1	0	low	green	green	green	green	green	green	112.7912	0.0	0.0										WARN:nglyc_motif_count=1:NVTY@58-61;WARN:deamidation_NG_NS_NT_count=2:NS@33-34;NS@85-86;WARN:isomerization_DG_DS_DD_DT_count=2:DS@63-64;DT@91-92;WARN:acid_cleavage_DP_count=1:DP@102-103	INFO:structure_modeling_not_requested	ORIGINAL_UNIFORM_FULL_QC	vhh_screen				127	127	0	13110.31	5.539	-0.1543	29.872	-2.428	0.75	H37=F;H44=E;H45=R;H47=A	12	PVRIG_CAND_026	0.0945	True	H	pig			HVQLVESGGGLVQPGGSLRLSCVAS	GSGFSGGNSH	MAWFRQAPGKEREAVAG	VDATGNV	TYADSVKGRFTASRDNAGFSLYLQMNSLRAEDTAVYYC	AAGADPSGTVPMTESGYSF	WGQGTMVTVSS	True	H	pig			HVQLVESGGGLVQPGGSLRLSCVASGSGFS	GGNSHMA	WFRQAPGKEREAVA	GVDATGNVTYADSVKG	RFTASRDNAGFSLYLQMNSLRAEDTAVYYCAA	GADPSGTVPMTESGYSF	WGQGTMVTVSS	3	1	NVTY@58-61	2	NS@33-34;NS@85-86	0		2	DS@63-64;DT@91-92	1	DP@102-103	6	M@36-36;W@38-38;M@84-84;M@109-109;W@117-117;M@122-122	0		2	C@22-22;C@97-97	0		0		0		2	True
PVRIG_CAND_027	27	27	P1MCPUFP__CPUFP500K_0404__00029	true	[]	REVIEW	PASS	PASS	WARN	NOT_RUN	127	True	True	H	10	7	19	C/C	WGQGTQVTVSS	0.75	H37=F;H44=E;H45=R;H47=A	H44=E;H45=R;H47=A	1	good	0.7526894621582523	0.9153658086097799	0.694881751572376	15	13271.497	5.845	-0.2732	-2.389	0		2	0	3	0	0	low	green	green	green	green	green	green	116.271	0.0481	0.3147										WARN:isomerization_DG_DS_DD_DT_count=3:DS@63-64;DT@91-92;DG@104-105	INFO:structure_modeling_not_requested	ORIGINAL_UNIFORM_FULL_QC	vhh_screen				127	127	0	13271.497	5.845	-0.2732	27.68	-2.389	0.75	H37=F;H44=E;H45=R;H47=A	11	PVRIG_CAND_027	0.1024	True	H	pig			HVQLVESGGGSVQAGGSLRLSCVAS	GPGFGRGPWS	MAWFRQAPGKEREAVAG	VDWEGGT	TYADSVKGRFTASRDNAGFSLFLQMNDLKPEDTAMYYC	AAGHLSDGVVPTTGAGWSH	WGQGTQVTVSS	True	H	pig			HVQLVESGGGSVQAGGSLRLSCVASGPGFG	RGPWSMA	WFRQAPGKEREAVA	GVDWEGGTTYADSVKG	RFTASRDNAGFSLFLQMNDLKPEDTAMYYCAA	GHLSDGVVPTTGAGWSH	WGQGTQVTVSS	3	0		0		0		3	DS@63-64;DT@91-92;DG@104-105	0		8	W@34-34;M@36-36;W@38-38;W@55-55;M@84-84;M@94-94;W@114-114;W@117-117	0		2	C@22-22;C@97-97	0		0		0		2	True
PVRIG_CAND_028	28	28	P1MCPUFP__CPUFP500K_0188__00549	true	[]	REVIEW	PASS	PASS	WARN	NOT_RUN	127	True	True	H	10	7	19	C/C	WGQGTMVTVSS	0.75	H37=F;H44=E;H45=R;H47=A	H44=E;H45=R;H47=A	1	good	0.7087052261468708	0.865500995437131	0.7138314221061649	14	13729.081	5.23	-0.352	-3.429	0		2	1	3	0	0	low																			WARN:tnp_flags_not_available;WARN:deamidation_NG_NS_NT_count=1:NS@85-86;WARN:isomerization_DG_DS_DD_DT_count=3:DS@54-55;DS@63-64;DT@91-92	INFO:structure_modeling_not_requested	TECHNICAL_FAILURE_AFTER_RETRY	supplemental_same_TNP_retry	TECHNICAL_OR_OTHER_MISSING_TNP	/data/qlyu/projects/pvrig_top7500_dualpanel_screen_v1_20260724/run/qc397_final50_submission_freeze_p0p1_v1_20260726/uniform_tnp_completion/logs/PVRIG_CAND_028.log	/data/qlyu/projects/pvrig_top7500_dualpanel_screen_v1_20260724/run/qc397_final50_submission_freeze_p0p1_v1_20260726/uniform_tnp_completion/runs/PVRIG_CAND_028/TNP_Results_SingleSeqEntry_PVRIG_CAND_028.json	127	127	0	13729.081	5.23	-0.352	37.916	-3.429	0.75	H37=F;H44=E;H45=R;H47=A	12	PVRIG_CAND_028	0.1102	True	H	pig			HVQLVESGGGLVQPGGSLRLSCVAS	GPDFGHPGWD	MAWFRQAPGKEREAVAG	IDSEGRV	TYADSVKGRFTASRDNAGFSLYLQMNSLRAEDTAVYYC	AGGYQPSSRISMLPDQWEY	WGQGTMVTVSS	True	H	pig			HVQLVESGGGLVQPGGSLRLSCVASGPDFG	HPGWDMA	WFRQAPGKEREAVA	GIDSEGRVTYADSVKG	RFTASRDNAGFSLYLQMNSLRAEDTAVYYCAG	GYQPSSRISMLPDQWEY	WGQGTMVTVSS	3	0		1	NS@85-86	0		3	DS@54-55;DS@63-64;DT@91-92	0		8	W@34-34;M@36-36;W@38-38;M@84-84;M@109-109;W@114-114;W@117-117;M@122-122	0		2	C@22-22;C@97-97	0		0		0		2	True
PVRIG_CAND_029	29	29	P1MCPUFP__CPUFP500K_0188__00481	true	[]	DEPRIORITIZE_DEVELOPABILITY	PASS	WARN	FAIL	SKIPPED	127	True	True	H	10	7	19	C/C	WGQGTMVTVSS	0.75	H37=F;H44=E;H45=R;H47=A	H44=E;H45=R;H47=A	1	borderline	0.6704603135247111	0.8510848621638786	0.7268421702512254	15	13598.12	6.921	-0.1811	-0.432	0		2	1	3	0	0	high	green	green	green	amber	red	green	127.6209	1.3227	0.0475									WARN:abnativ_vhh_score_borderline=0.670	WARN:tnp_PSH_flag=amber;FAIL:tnp_PPC_flag=red;WARN:deamidation_NG_NS_NT_count=1:NS@85-86;WARN:isomerization_DG_DS_DD_DT_count=3:DS@63-64;DT@91-92;DG@112-113	INFO:skipped_after_L3_fail	ORIGINAL_UNIFORM_FULL_QC	vhh_screen				127	127	0	13598.12	6.921	-0.1811	35.338	-0.432	0.75	H37=F;H44=E;H45=R;H47=A	10	PVRIG_CAND_029	0.0945	True	H	pig			HVQLVESGGGLVQPGGSLRLSCVAS	GPGFTIPPVH	MAWFRQAPGKEREAVAG	IDQEGKV	TYADSVKGRFTASRDNAGFSLYLQMNSLRAEDTAVYYC	AAGYQISSTISMRRDGYEV	WGQGTMVTVSS	True	H	pig			HVQLVESGGGLVQPGGSLRLSCVASGPGFT	IPPVHMA	WFRQAPGKEREAVA	GIDQEGKVTYADSVKG	RFTASRDNAGFSLYLQMNSLRAEDTAVYYCAA	GYQISSTISMRRDGYEV	WGQGTMVTVSS	3	0		1	NS@85-86	0		3	DS@63-64;DT@91-92;DG@112-113	0		6	M@36-36;W@38-38;M@84-84;M@109-109;W@117-117;M@122-122	0		2	C@22-22;C@97-97	0		0		0		2	True
PVRIG_CAND_030	30	30	NODE1GEN_182669_source_fixed_pose_mpnn_source_id_P500K__FIXED_POSE_MPNN__D4BBD3AB583903E7	true	[]	REVIEW	PASS	PASS	WARN	NOT_RUN	127	True	True	H	10	7	19	C/C	WGQGTQVTVSS	0.75	H37=F;H44=E;H45=R;H47=A	H44=E;H45=R;H47=A	1	good	0.7705575379305756	0.9011124864760003	0.714964493394162	16	13079.235	5.716	-0.2787	-1.465	0		2	1	2	0	0	low	green	green	green	green	green	green	95.8595	0.0048	0.0										WARN:deamidation_NG_NS_NT_count=1:NG@54-55;WARN:isomerization_DG_DS_DD_DT_count=2:DS@63-64;DT@91-92	INFO:structure_modeling_not_requested	ORIGINAL_UNIFORM_FULL_QC	vhh_screen				127	127	0	13079.235	5.716	-0.2787	30.851	-1.465	0.75	H37=F;H44=E;H45=R;H47=A	9	PVRIG_CAND_030	0.1024	True	H	pig			HVQLVESGGGSVQAGGSLRLSCVAS	GPGFSGGPFS	MAWFRQAPGKEREAVAG	VNGEGGT	TYADSVKGRFTASRDNAGFSLFLQMNDLKPEDTAMYYC	AAGRISGGNVPTTGSGWDY	WGQGTQVTVSS	True	H	pig			HVQLVESGGGSVQAGGSLRLSCVASGPGFS	GGPFSMA	WFRQAPGKEREAVA	GVNGEGGTTYADSVKG	RFTASRDNAGFSLFLQMNDLKPEDTAMYYCAA	GRISGGNVPTTGSGWDY	WGQGTQVTVSS	3	0		1	NG@54-55	0		2	DS@63-64;DT@91-92	0		6	M@36-36;W@38-38;M@84-84;M@94-94;W@114-114;W@117-117	0		2	C@22-22;C@97-97	0		0		0		2	True
PVRIG_CAND_031	31	31	NODE1GEN_128014_source_rfantibody_source_id_PVRIG_RFAb_v2_P6_ekg_L_bb258_mpn01_arm_P6_ekg_L_backbone_P6_ekg_L_bb258_status_NEEDS_RF2_AND_DOCKING	true	[]	REVIEW	PASS	PASS	WARN	NOT_RUN	124	True	True	H	8	8	17	C/C	WGQGTLVTVSS	1.0	H37=F;H44=E;H45=K;H47=G	H44=E;H45=K;H47=G	0	good	0.7869433041276725	0.9131577381266579	0.7482780515471653	15	13236.39	4.822	-0.3032	-3.506	0		2	3	2	0	0	low	green	green	green	green	green	green	92.7813	0.0677	1.2173										WARN:pI_unusual=4.82;WARN:deamidation_NG_NS_NT_count=3:NS@74-75;NT@77-78;NS@84-85;WARN:isomerization_DG_DS_DD_DT_count=2:DS@62-63;DT@90-91	INFO:structure_modeling_not_requested	ORIGINAL_UNIFORM_FULL_QC	vhh_screen				124	124	0	13236.39	4.822	-0.3032	36.901	-3.506	1.0	H37=F;H44=E;H45=K;H47=G	8	PVRIG_CAND_031	0.1048	True	H	pig			QVQLVESGGGLVQPGGSLRLSCAAS	GADFSKYS	LGWFRQAPGQEKEGVAS	ISSQGLET	YYADSVKGRFTISRDNSKNTLYLQMNSLRAEDTAVYYC	AAGRNDAASLDESAFEF	WGQGTLVTVSS	True	H	pig			QVQLVESGGGLVQPGGSLRLSCAASGADFS	KYSLG	WFRQAPGQEKEGVA	SISSQGLETYYADSVKG	RFTISRDNSKNTLYLQMNSLRAEDTAVYYCAA	GRNDAASLDESAFEF	WGQGTLVTVSS	4	0		3	NS@74-75;NT@77-78;NS@84-85	0		2	DS@62-63;DT@90-91	0		3	W@36-36;M@83-83;W@114-114	0		2	C@22-22;C@96-96	0		0		0		2	True
PVRIG_CAND_032	32	32	NODE1GEN_218195_source_fixed_pose_mpnn_source_id_P500K__FIXED_POSE_MPNN__A6B62FDDBC1A99BE	true	[]	REVIEW	PASS	WARN	WARN	NOT_RUN	127	True	True	H	10	7	19	C/C	WGQGTMVTVSS	0.75	H37=F;H44=E;H45=R;H47=A	H44=E;H45=R;H47=A	1	borderline	0.6820344056798875	0.8459621284178774	0.7197073627424639	14	13460.784	5.7	-0.2118	-1.468	1	NVTY@58-61	2	2	2	1	0	low	green	green	green	green	green	green	112.9238	0.0	0.0									WARN:abnativ_vhh_score_borderline=0.682	WARN:nglyc_motif_count=1:NVTY@58-61;WARN:deamidation_NG_NS_NT_count=2:NG@31-32;NS@85-86;WARN:isomerization_DG_DS_DD_DT_count=2:DS@63-64;DT@91-92;WARN:acid_cleavage_DP_count=1:DP@102-103	INFO:structure_modeling_not_requested	ORIGINAL_UNIFORM_FULL_QC	vhh_screen				127	127	0	13460.784	5.7	-0.2118	34.626	-1.468	0.75	H37=F;H44=E;H45=R;H47=A	12	PVRIG_CAND_032	0.1024	True	H	pig			HVQLVESGGGLVQPGGSLRLSCVAS	GSGPLNGEFN	MAWFRQAPGKEREAVAG	INWQGNV	TYADSVKGRFTASRDNAGFSLYLQMNSLRAEDTAVYYC	ALSPDPSSSVPTTPSVYSY	WGQGTMVTVSS	True	H	pig			HVQLVESGGGLVQPGGSLRLSCVASGSGPL	NGEFNMA	WFRQAPGKEREAVA	GINWQGNVTYADSVKG	RFTASRDNAGFSLYLQMNSLRAEDTAVYYCAL	SPDPSSSVPTTPSVYSY	WGQGTMVTVSS	3	1	NVTY@58-61	2	NG@31-32;NS@85-86	0		2	DS@63-64;DT@91-92	1	DP@102-103	6	M@36-36;W@38-38;W@55-55;M@84-84;W@117-117;M@122-122	0		2	C@22-22;C@97-97	0		0		0		2	True
PVRIG_CAND_033	33	33	NODE1GEN_195165_source_fixed_pose_mpnn_source_id_P500K__FIXED_POSE_MPNN__499D245F888E5DC4	true	[]	REVIEW	PASS	WARN	WARN	NOT_RUN	127	True	True	H	10	7	19	C/C	WGQGTMVTVSS	0.75	H37=F;H44=E;H45=R;H47=A	H44=E;H45=R;H47=A	1	borderline	0.6985878636657237	0.8442683656413932	0.727036400115132	16	13253.535	4.938	-0.1858	-3.469	0		2	3	2	0	0	low	green	green	green	green	green	green	116.2578	0.0	0.1636									WARN:abnativ_vhh_score_borderline=0.699	WARN:pI_unusual=4.94;WARN:deamidation_NG_NS_NT_count=3:NT@59-60;NS@85-86;NS@101-102;WARN:isomerization_DG_DS_DD_DT_count=2:DS@63-64;DT@91-92	INFO:structure_modeling_not_requested	ORIGINAL_UNIFORM_FULL_QC	vhh_screen				127	127	0	13253.535	4.938	-0.1858	29.924	-3.469	0.75	H37=F;H44=E;H45=R;H47=A	11	PVRIG_CAND_033	0.1024	True	H	pig			HVQLVESGGGLVQPGGSLRLSCVAS	GPGFSVPGVD	MAWFRQAPGKEREAVAG	INAEGAN	TYADSVKGRFTASRDNAGFSLYLQMNSLRAEDTAVYYC	AAGNSYGGTVPMTPEGYDY	WGQGTMVTVSS	True	H	pig			HVQLVESGGGLVQPGGSLRLSCVASGPGFS	VPGVDMA	WFRQAPGKEREAVA	GINAEGANTYADSVKG	RFTASRDNAGFSLYLQMNSLRAEDTAVYYCAA	GNSYGGTVPMTPEGYDY	WGQGTMVTVSS	3	0		3	NT@59-60;NS@85-86;NS@101-102	0		2	DS@63-64;DT@91-92	0		6	M@36-36;W@38-38;M@84-84;M@109-109;W@117-117;M@122-122	0		2	C@22-22;C@97-97	0		0		0		2	True
PVRIG_CAND_034	34	34	NODE1GEN_235318_source_fixed_pose_mpnn_source_id_P500K__FIXED_POSE_MPNN__B52C2EC7CC64BFED	true	[]	REVIEW	PASS	WARN	WARN	NOT_RUN	127	True	True	H	10	7	19	C/C	WGQGTMVTVSS	0.75	H37=F;H44=E;H45=R;H47=A	H44=E;H45=R;H47=A	1	borderline	0.6682028932625494	0.8388534824804458	0.7272495031210147	15	13329.633	5.19	-0.2102	-3.43	1	NVTY@58-61	2	1	3	0	0	low	green	green	green	green	green	green	121.4194	0.0	1.1126									WARN:abnativ_vhh_score_borderline=0.668	WARN:nglyc_motif_count=1:NVTY@58-61;WARN:deamidation_NG_NS_NT_count=1:NS@85-86;WARN:isomerization_DG_DS_DD_DT_count=3:DG@31-32;DS@63-64;DT@91-92	INFO:structure_modeling_not_requested	ORIGINAL_UNIFORM_FULL_QC	vhh_screen				127	127	0	13329.633	5.19	-0.2102	38.494	-3.43	0.75	H37=F;H44=E;H45=R;H47=A	11	PVRIG_CAND_034	0.0945	True	H	pig			HVQLVESGGGLVQPGGSLRLSCVAS	GPGFTDGPVH	MAWFRQAPGKEREAVAG	VNDEGNV	TYADSVKGRFTASRDNAGFSLYLQMNSLRAEDTAVYYC	AAGVSPGTTLPMSESGYQY	WGQGTMVTVSS	True	H	pig			HVQLVESGGGLVQPGGSLRLSCVASGPGFT	DGPVHMA	WFRQAPGKEREAVA	GVNDEGNVTYADSVKG	RFTASRDNAGFSLYLQMNSLRAEDTAVYYCAA	GVSPGTTLPMSESGYQY	WGQGTMVTVSS	3	1	NVTY@58-61	1	NS@85-86	0		3	DG@31-32;DS@63-64;DT@91-92	0		6	M@36-36;W@38-38;M@84-84;M@109-109;W@117-117;M@122-122	0		2	C@22-22;C@97-97	0		0		0		2	True
PVRIG_CAND_035	35	37	NODE1GEN_076816_source_rfantibody_source_id_PVRIG_RFAb_v2_P4_ekg_L_bb155_mpn03_arm_P4_ekg_L_backbone_P4_ekg_L_bb155_status_NEEDS_RF2_AND_DOCKING	true	[]	REVIEW	PASS	PASS	WARN	NOT_RUN	124	True	True	H	8	8	17	C/C	WGQGTLVTVSS	1.0	H37=F;H44=E;H45=K;H47=G	H44=E;H45=K;H47=G	0	good	0.7943150956577681	0.9015075399446454	0.7542638419751799	15	13367.56	4.821	-0.3863	-3.514	0		2	3	3	1	0	low	green	green	green	green	green	green	84.145	0.0836	0.6936										WARN:pI_unusual=4.82;WARN:deamidation_NG_NS_NT_count=3:NS@74-75;NT@77-78;NS@84-85;WARN:isomerization_DG_DS_DD_DT_count=3:DG@54-55;DS@62-63;DT@90-91;WARN:acid_cleavage_DP_count=1:DP@107-108	INFO:structure_modeling_not_requested	ORIGINAL_UNIFORM_FULL_QC	vhh_screen				124	124	0	13367.56	4.821	-0.3863	32.94	-3.514	1.0	H37=F;H44=E;H45=K;H47=G	10	PVRIG_CAND_035	0.1048	True	H	pig			QVQLVESGGGLVQPGGSLRLSCAAS	GADFSKYS	LGWFRQAPGQEKEGVAS	ISSDGKTT	YYADSVKGRFTISRDNSKNTLYLQMNSLRAEDTAVYYC	AARLSLDADLDPESYEY	WGQGTLVTVSS	True	H	pig			QVQLVESGGGLVQPGGSLRLSCAASGADFS	KYSLG	WFRQAPGQEKEGVA	SISSDGKTTYYADSVKG	RFTISRDNSKNTLYLQMNSLRAEDTAVYYCAA	RLSLDADLDPESYEY	WGQGTLVTVSS	4	0		3	NS@74-75;NT@77-78;NS@84-85	0		3	DG@54-55;DS@62-63;DT@90-91	1	DP@107-108	3	W@36-36;M@83-83;W@114-114	0		2	C@22-22;C@96-96	0		0		0		2	True
PVRIG_CAND_036	36	40	NODE1GEN_136300_source_rfantibody_source_id_PVRIG_RFAb_v2_P6_qkg_L_bb255_mpn02_arm_P6_qkg_L_backbone_P6_qkg_L_bb255_status_NEEDS_RF2_AND_DOCKING	true	[]	REVIEW	PASS	PASS	WARN	NOT_RUN	124	True	True	H	8	8	17	C/C	WGQGTLVTVSS	1.0	H37=F;H44=Q;H45=K;H47=G	H44=Q;H45=K;H47=G	0	good	0.7629151698910649	0.8885815819918887	0.7586857307093939	12	13290.482	6.76	-0.3597	-0.478	0		2	3	3	0	0	low	green	green	green	green	green	green	92.6871	0.0	0.0										WARN:deamidation_NG_NS_NT_count=3:NS@74-75;NT@77-78;NS@84-85;WARN:isomerization_DG_DS_DD_DT_count=3:DG@54-55;DS@62-63;DT@90-91	INFO:structure_modeling_not_requested	ORIGINAL_UNIFORM_FULL_QC	vhh_screen				124	124	0	13290.482	6.76	-0.3597	49.144	-0.478	1.0	H37=F;H44=Q;H45=K;H47=G	9	PVRIG_CAND_036	0.1129	True	H	pig			QVQLVESGGGLVQPGGSLRLSCAAS	GADFSKYS	LGWFRQAPGQQKEGVAS	ISSDGQHT	YYADSVKGRFTISRDNSKNTLYLQMNSLRAEDTAVYYC	AASPSPFATIEPSSYQY	WGQGTLVTVSS	True	H	pig			QVQLVESGGGLVQPGGSLRLSCAASGADFS	KYSLG	WFRQAPGQQKEGVA	SISSDGQHTYYADSVKG	RFTISRDNSKNTLYLQMNSLRAEDTAVYYCAA	SPSPFATIEPSSYQY	WGQGTLVTVSS	4	0		3	NS@74-75;NT@77-78;NS@84-85	0		3	DG@54-55;DS@62-63;DT@90-91	0		3	W@36-36;M@83-83;W@114-114	0		2	C@22-22;C@96-96	0		0		0		2	True
PVRIG_CAND_037	37	41	NODE1GEN_095824_source_rfantibody_source_id_PVRIG_RFAb_v2_P4_qrg_L_bb358_mpn04_arm_P4_qrg_L_backbone_P4_qrg_L_bb358_status_NEEDS_RF2_AND_DOCKING	true	[]	REVIEW	PASS	PASS	WARN	NOT_RUN	123	True	True	H	8	8	16	C/C	WGQGTLVTVSS	1.0	H37=F;H44=Q;H45=R;H47=G	H44=Q;H45=R;H47=G	0	good	0.8124417842584926	0.9304560529312769	0.7613962181366798	12	13146.418	5.238	-0.3024	-1.512	0		2	3	3	1	0	low	green	green	green	green	green	green	94.6087	0.0	0.4231										WARN:deamidation_NG_NS_NT_count=3:NS@74-75;NT@77-78;NS@84-85;WARN:isomerization_DG_DS_DD_DT_count=3:DG@54-55;DS@62-63;DT@90-91;WARN:acid_cleavage_DP_count=1:DP@106-107	INFO:structure_modeling_not_requested	ORIGINAL_UNIFORM_FULL_QC	vhh_screen				123	123	0	13146.418	5.238	-0.3024	38.483	-1.512	1.0	H37=F;H44=Q;H45=R;H47=G	11	PVRIG_CAND_037	0.1057	True	H	pig			QVQLVESGGGLVQPGGSLRLSCAAS	GADFSKFS	LGWFRQAPGQQREGVAS	ISPDGKTT	YYADSVKGRFTISRDNSKNTLYLQMNSLRAEDTAVYYC	AAGSPMADLDPESYVY	WGQGTLVTVSS	True	H	pig			QVQLVESGGGLVQPGGSLRLSCAASGADFS	KFSLG	WFRQAPGQQREGVA	SISPDGKTTYYADSVKG	RFTISRDNSKNTLYLQMNSLRAEDTAVYYCAA	GSPMADLDPESYVY	WGQGTLVTVSS	4	0		3	NS@74-75;NT@77-78;NS@84-85	0		3	DG@54-55;DS@62-63;DT@90-91	1	DP@106-107	4	W@36-36;M@83-83;M@102-102;W@113-113	0		2	C@22-22;C@96-96	0		0		0		2	True
PVRIG_CAND_038	38	42	NODE1GEN_017313_source_rfantibody_source_id_PVRIG_RFAb_v2_P1_qrg_L_bb054_mpn00_arm_P1_qrg_L_backbone_P1_qrg_L_bb054_status_NEEDS_RF2_AND_DOCKING	true	[]	REVIEW	PASS	PASS	WARN	NOT_RUN	124	True	True	H	8	8	17	C/C	WGQGTLVTVSS	1.0	H37=F;H44=Q;H45=R;H47=G	H44=Q;H45=R;H47=G	0	good	0.8157008125048191	0.9128016087712222	0.770932222825415	12	13259.516	7.952	-0.2984	0.487	0		2	3	4	0	0	low	green	green	green	green	green	green	89.6978	0.0	0.0571										WARN:deamidation_NG_NS_NT_count=3:NS@74-75;NT@77-78;NS@84-85;WARN:isomerization_DG_DS_DD_DT_count=4:DG@54-55;DS@62-63;DT@90-91;DS@100-101	INFO:structure_modeling_not_requested	ORIGINAL_UNIFORM_FULL_QC	vhh_screen				124	124	0	13259.516	7.952	-0.2984	41.498	0.487	1.0	H37=F;H44=Q;H45=R;H47=G	10	PVRIG_CAND_038	0.1048	True	H	pig			QVQLVESGGGLVQPGGSLRLSCAAS	GGDFSRYS	LGWFRQAPGQQREGVAS	ISNDGKTT	YYADSVKGRFTISRDNSKNTLYLQMNSLRAEDTAVYYC	AAADSPLATILPSAYQY	WGQGTLVTVSS	True	H	pig			QVQLVESGGGLVQPGGSLRLSCAASGGDFS	RYSLG	WFRQAPGQQREGVA	SISNDGKTTYYADSVKG	RFTISRDNSKNTLYLQMNSLRAEDTAVYYCAA	ADSPLATILPSAYQY	WGQGTLVTVSS	4	0		3	NS@74-75;NT@77-78;NS@84-85	0		4	DG@54-55;DS@62-63;DT@90-91;DS@100-101	0		3	W@36-36;M@83-83;W@114-114	0		2	C@22-22;C@96-96	0		0		0		2	True
PVRIG_CAND_039	39	43	NODE1GEN_109783_source_rfantibody_source_id_PVRIG_RFAb_v2_P5_qkg_L_bb121_mpn06_arm_P5_qkg_L_backbone_P5_qkg_L_bb121_status_NEEDS_RF2_AND_DOCKING	true	[]	REVIEW	PASS	PASS	WARN	NOT_RUN	124	True	True	H	8	8	17	C/C	WGQGTLVTVSS	1.0	H37=F;H44=Q;H45=K;H47=G	H44=Q;H45=K;H47=G	0	good	0.8109742534583977	0.8819715492856794	0.7595233447894815	16	13255.352	5.208	-0.4145	-1.515	0		2	3	3	0	0	low	green	green	green	green	green	green	92.3807	0.0	0.0924										WARN:deamidation_NG_NS_NT_count=3:NS@74-75;NT@77-78;NS@84-85;WARN:isomerization_DG_DS_DD_DT_count=3:DG@54-55;DS@62-63;DT@90-91	INFO:structure_modeling_not_requested	ORIGINAL_UNIFORM_FULL_QC	vhh_screen				124	124	0	13255.352	5.208	-0.4145	44.267	-1.515	1.0	H37=F;H44=Q;H45=K;H47=G	9	PVRIG_CAND_039	0.1129	True	H	pig			QVQLVESGGGLVQPGGSLRLSCAAS	GGDFSQYS	LGWFRQAPGQQKEGVAS	ISNDGSET	YYADSVKGRFTISRDNSKNTLYLQMNSLRAEDTAVYYC	AASRNPYATLSPGAYDY	WGQGTLVTVSS	True	H	pig			QVQLVESGGGLVQPGGSLRLSCAASGGDFS	QYSLG	WFRQAPGQQKEGVA	SISNDGSETYYADSVKG	RFTISRDNSKNTLYLQMNSLRAEDTAVYYCAA	SRNPYATLSPGAYDY	WGQGTLVTVSS	4	0		3	NS@74-75;NT@77-78;NS@84-85	0		3	DG@54-55;DS@62-63;DT@90-91	0		3	W@36-36;M@83-83;W@114-114	0		2	C@22-22;C@96-96	0		0		0		2	True
PVRIG_CAND_040	40	44	NODE1GEN_100102_source_rfantibody_source_id_PVRIG_RFAb_v2_P5_ekg_L_bb007_mpn10_arm_P5_ekg_L_backbone_P5_ekg_L_bb007_status_NEEDS_RF2_AND_DOCKING	true	[]	REVIEW	PASS	PASS	WARN	NOT_RUN	123	True	True	H	8	8	16	C/C	WGQGTLVTVSS	1.0	H37=F;H44=E;H45=K;H47=G	H44=E;H45=K;H47=G	0	good	0.7938436114492401	0.9191979692663842	0.7687757710388642	12	13013.21	5.693	-0.1846	-1.47	0		2	3	4	1	0	low	green	green	green	green	green	green	116.386	0.1136	0.058										WARN:deamidation_NG_NS_NT_count=3:NS@74-75;NT@77-78;NS@84-85;WARN:isomerization_DG_DS_DD_DT_count=4:DS@30-31;DS@52-53;DS@62-63;DT@90-91;WARN:acid_cleavage_DP_count=1:DP@106-107	INFO:structure_modeling_not_requested	ORIGINAL_UNIFORM_FULL_QC	vhh_screen				123	123	0	13013.21	5.693	-0.1846	38.346	-1.47	1.0	H37=F;H44=E;H45=K;H47=G	11	PVRIG_CAND_040	0.1057	True	H	pig			QVQLVESGGGLVQPGGSLRLSCAAS	GANFDSFS	LGWFRQAPGQEKEGVAS	IDSFGGVT	YYADSVKGRFTISRDNSKNTLYLQMNSLRAEDTAVYYC	AAGTVAATLDPSSYRH	WGQGTLVTVSS	True	H	pig			QVQLVESGGGLVQPGGSLRLSCAASGANFD	SFSLG	WFRQAPGQEKEGVA	SIDSFGGVTYYADSVKG	RFTISRDNSKNTLYLQMNSLRAEDTAVYYCAA	GTVAATLDPSSYRH	WGQGTLVTVSS	4	0		3	NS@74-75;NT@77-78;NS@84-85	0		4	DS@30-31;DS@52-53;DS@62-63;DT@90-91	1	DP@106-107	3	W@36-36;M@83-83;W@113-113	0		2	C@22-22;C@96-96	0		0		0		2	True
PVRIG_CAND_041	41	45	NODE1GEN_109883_source_rfantibody_source_id_PVRIG_RFAb_v2_P5_qkg_L_bb130_mpn02_arm_P5_qkg_L_backbone_P5_qkg_L_bb130_status_NEEDS_RF2_AND_DOCKING	true	[]	REVIEW	PASS	PASS	WARN	NOT_RUN	123	True	True	H	8	8	16	C/C	WGQGTLVTVSS	1.0	H37=F;H44=Q;H45=K;H47=G	H44=Q;H45=K;H47=G	0	good	0.8100767187923191	0.8912079409043047	0.767487672146228	12	13077.161	4.868	-0.3236	-3.475	0		2	3	3	0	0	low	green	green	green	green	green	green	90.8782	0.0	0.1031										WARN:pI_unusual=4.87;WARN:deamidation_NG_NS_NT_count=3:NS@74-75;NT@77-78;NS@84-85;WARN:isomerization_DG_DS_DD_DT_count=3:DG@54-55;DS@62-63;DT@90-91	INFO:structure_modeling_not_requested	ORIGINAL_UNIFORM_FULL_QC	vhh_screen				123	123	0	13077.161	4.868	-0.3236	33.712	-3.475	1.0	H37=F;H44=Q;H45=K;H47=G	9	PVRIG_CAND_041	0.1057	True	H	pig			QVQLVESGGGLVQPGGSLRLSCAAS	GADFSTYS	LGWFRQAPGQQKEGVAS	ISSDGSTT	YYADSVKGRFTISRDNSKNTLYLQMNSLRAEDTAVYYC	AAGHGATDINPELYDY	WGQGTLVTVSS	True	H	pig			QVQLVESGGGLVQPGGSLRLSCAASGADFS	TYSLG	WFRQAPGQQKEGVA	SISSDGSTTYYADSVKG	RFTISRDNSKNTLYLQMNSLRAEDTAVYYCAA	GHGATDINPELYDY	WGQGTLVTVSS	4	0		3	NS@74-75;NT@77-78;NS@84-85	0		3	DG@54-55;DS@62-63;DT@90-91	0		3	W@36-36;M@83-83;W@113-113	0		2	C@22-22;C@96-96	0		0		0		2	True
PVRIG_CAND_042	42	47	P1MCPUFP__CPUFP500K_0030__00860	true	[]	REVIEW	PASS	PASS	WARN	NOT_RUN	123	True	True	H	8	8	16	C/C	WGQGTQVTVSS	1.0	H37=F;H44=Q;H45=R;H47=G	H44=Q;H45=R;H47=G	0	good	0.8094537726693873	0.9450153288798747	0.7270706086608816	14	13161.445	8.638	-0.4919	1.488	0		2	2	3	0	0	low	green	green	green	green	green	green	98.9759	0.0	0.0667										WARN:deamidation_NG_NS_NT_count=2:NT@77-78;NS@84-85;WARN:isomerization_DG_DS_DD_DT_count=3:DG@54-55;DS@62-63;DT@90-91	INFO:structure_modeling_not_requested	ORIGINAL_UNIFORM_FULL_QC	vhh_screen				123	123	0	13161.445	8.638	-0.4919	32.765	1.488	1.0	H37=F;H44=Q;H45=R;H47=G	12	PVRIG_CAND_042	0.0976	True	H	rat			QVQLVESGGGSVQAGGSLRLSCAAS	GPELGPGD	MAWFRQAPGKQREGVAT	ISADGKTY	YYTDSVRGRFTISRDNAKNTMYLQMNSLKPEDTAMYYC	AAGRGARSDLATSWTY	WGQGTQVTVSS	True	H	rat			QVQLVESGGGSVQAGGSLRLSCAASGPELG	PGDMA	WFRQAPGKQREGVA	TISADGKTYYYTDSVRG	RFTISRDNAKNTMYLQMNSLKPEDTAMYYCAA	GRGARSDLATSWTY	WGQGTQVTVSS	4	0		2	NT@77-78;NS@84-85	0		3	DG@54-55;DS@62-63;DT@90-91	0		7	M@34-34;W@36-36;M@79-79;M@83-83;M@93-93;W@110-110;W@113-113	0		2	C@22-22;C@96-96	0		0		0		2	True
PVRIG_CAND_043	43	48	P1MCPUFP__CPUFP500K_0029__00647	true	[]	REVIEW	PASS	PASS	WARN	NOT_RUN	123	True	True	H	8	8	16	C/C	WGQGTQVTVSS	1.0	H37=F;H44=Q;H45=R;H47=G	H44=Q;H45=R;H47=G	0	good	0.8373006251644403	0.9721114166486717	0.7296338229235716	18	13153.378	6.387	-0.5821	-0.512	0		2	2	3	1	0	low	green	green	green	green	green	green	102.9763	0.0471	0.1376										WARN:deamidation_NG_NS_NT_count=2:NT@77-78;NS@84-85;WARN:isomerization_DG_DS_DD_DT_count=3:DG@54-55;DS@62-63;DT@90-91;WARN:acid_cleavage_DP_count=1:DP@106-107	INFO:structure_modeling_not_requested	ORIGINAL_UNIFORM_FULL_QC	vhh_screen				123	123	0	13153.378	6.387	-0.5821	34.808	-0.512	1.0	H37=F;H44=Q;H45=R;H47=G	13	PVRIG_CAND_043	0.0976	True	H	pig			QVQLVESGGGSVQAGGSLRLSCAAS	GPEQAPYD	MAWFRQAPGKQREGVAT	ISADGKTT	YYTDSVRGRFTISRDNAKNTMYLQMNSLKPEDTAMYYC	AGTAAGPGPDPADWRY	WGQGTQVTVSS	True	H	pig			QVQLVESGGGSVQAGGSLRLSCAASGPEQA	PYDMA	WFRQAPGKQREGVA	TISADGKTTYYTDSVRG	RFTISRDNAKNTMYLQMNSLKPEDTAMYYCAG	TAAGPGPDPADWRY	WGQGTQVTVSS	4	0		2	NT@77-78;NS@84-85	0		3	DG@54-55;DS@62-63;DT@90-91	1	DP@106-107	7	M@34-34;W@36-36;M@79-79;M@83-83;M@93-93;W@110-110;W@113-113	0		2	C@22-22;C@96-96	0		0		0		2	True
PVRIG_CAND_044	44	49	P1MCPUFP__CPUFP500K_0090__00860	true	[]	REVIEW	PASS	PASS	WARN	NOT_RUN	127	True	True	H	10	7	19	C/C	WGQGTMVTVSS	0.75	H37=F;H44=E;H45=R;H47=A	H44=E;H45=R;H47=A	1	good	0.7329909210827734	0.8731819977335593	0.7335791258346729	16	13212.553	5.289	-0.1528	-2.465	0		2	1	2	0	0	low	green	green	green	green	green	green	120.117	0.0953	0.3383										WARN:deamidation_NG_NS_NT_count=1:NS@85-86;WARN:isomerization_DG_DS_DD_DT_count=2:DS@63-64;DT@91-92	INFO:structure_modeling_not_requested	ORIGINAL_UNIFORM_FULL_QC	vhh_screen				127	127	0	13212.553	5.289	-0.1528	36.644	-2.465	0.75	H37=F;H44=E;H45=R;H47=A	8	PVRIG_CAND_044	0.0945	True	H	pig			HVQLVESGGGLVQPGGSLRLSCVAS	GPGFGVPGVD	MAWFRQAPGKEREAVAG	IGAEGEV	TYADSVKGRFTASRDNAGFSLYLQMNSLRAEDTAVYYC	AAGRSRGGIVPSTPEGYDY	WGQGTMVTVSS	True	H	pig			HVQLVESGGGLVQPGGSLRLSCVASGPGFG	VPGVDMA	WFRQAPGKEREAVA	GIGAEGEVTYADSVKG	RFTASRDNAGFSLYLQMNSLRAEDTAVYYCAA	GRSRGGIVPSTPEGYDY	WGQGTMVTVSS	3	0		1	NS@85-86	0		2	DS@63-64;DT@91-92	0		5	M@36-36;W@38-38;M@84-84;W@117-117;M@122-122	0		2	C@22-22;C@97-97	0		0		0		2	True
PVRIG_CAND_045	45	35	P1MCPUFP__CPUFP500K_0289__00496	true	[]	REJECT_NOT_VHH_LIKE	PASS	FAIL	SKIPPED	SKIPPED	127	True	True	H	10	7	19	C/C	WGQGTMVTVSS	0.25	H37=F;H44=G;H45=L;H47=A	H44=G;H45=L;H47=A	2	poor	0.7041376898486802	0.8274678804006618	0.7555737177196039	9	13045.416	6.854	-0.1354	-0.354	0		2	1	3	2	0																			FAIL:fr2_hallmark_score_low=0.25;FAIL:missing_key_hydrophilic_fr2_substitutions_H44=G_H45=L;WARN:vl_interface_hydrophobic_count=2	INFO:skipped_after_L2_fail	INFO:skipped_after_L2_fail	TECHNICAL_FAILURE_AFTER_RETRY	supplemental_same_TNP_retry	PATENT_SUCCESS_POOR_L2_POLICY_SKIP	/data/qlyu/projects/pvrig_top7500_dualpanel_screen_v1_20260724/run/qc397_final50_submission_freeze_p0p1_v1_20260726/uniform_tnp_completion/logs/PVRIG_CAND_045.log	/data/qlyu/projects/pvrig_top7500_dualpanel_screen_v1_20260724/run/qc397_final50_submission_freeze_p0p1_v1_20260726/uniform_tnp_completion/runs/PVRIG_CAND_045/TNP_Results_SingleSeqEntry_PVRIG_CAND_045.json	127	127	0	13045.416	6.854	-0.1354	35.276	-0.354	0.25	H37=F;H44=G;H45=L;H47=A	13	PVRIG_CAND_045	0.0787	True	H	pig			EVQLVESGGGLVQPGGSLRLSCVAS	GGRASPGGAG	MAWFRQAPGKGLEAVAG	ISSSGTV	TYADSVKGRFTISRDNAGFSLYLQMNSLRAEDTAVYYC	AMGDSGRADPPLDPRGWAH	WGQGTMVTVSS	True	H	pig			EVQLVESGGGLVQPGGSLRLSCVASGGRAS	PGGAGMA	WFRQAPGKGLEAVA	GISSSGTVTYADSVKG	RFTISRDNAGFSLYLQMNSLRAEDTAVYYCAM	GDSGRADPPLDPRGWAH	WGQGTMVTVSS	1	0		1	NS@85-86	0		3	DS@63-64;DT@91-92;DS@101-102	2	DP@106-107;DP@110-111	7	M@36-36;W@38-38;M@84-84;M@99-99;W@114-114;W@117-117;M@122-122	0		2	C@22-22;C@97-97	0		0		0		2	True
PVRIG_CAND_046	46	36	P1MCPUFP__CPUFP500K_0091__00849	true	[]	REJECT_NOT_VHH_LIKE	PASS	FAIL	SKIPPED	SKIPPED	127	True	True	H	10	7	19	C/C	WGQGTMVTVSS	0.25	H37=F;H44=G;H45=L;H47=A	H44=G;H45=L;H47=A	2	poor	0.7032981540226392	0.837112136855782	0.7521072589447648	10	13096.585	8.067	-0.1	0.604	0		2	1	2	2	0																			FAIL:fr2_hallmark_score_low=0.25;FAIL:missing_key_hydrophilic_fr2_substitutions_H44=G_H45=L;WARN:vl_interface_hydrophobic_count=2	INFO:skipped_after_L2_fail	INFO:skipped_after_L2_fail	TECHNICAL_FAILURE_AFTER_RETRY	supplemental_same_TNP_retry	PATENT_SUCCESS_POOR_L2_POLICY_SKIP	/data/qlyu/projects/pvrig_top7500_dualpanel_screen_v1_20260724/run/qc397_final50_submission_freeze_p0p1_v1_20260726/uniform_tnp_completion/logs/PVRIG_CAND_046.log	/data/qlyu/projects/pvrig_top7500_dualpanel_screen_v1_20260724/run/qc397_final50_submission_freeze_p0p1_v1_20260726/uniform_tnp_completion/runs/PVRIG_CAND_046/TNP_Results_SingleSeqEntry_PVRIG_CAND_046.json	127	127	0	13096.585	8.067	-0.1	33.377	0.604	0.25	H37=F;H44=G;H45=L;H47=A	11	PVRIG_CAND_046	0.0866	True	H	pig			EVQLVESGGGLVQPGGSLRLSCVAS	GGLTRPGGAG	MAWFRQAPGKGLEAVAG	VSATGTV	TYADSVKGRFTISRDNAGFSLYLQMNSLRAEDTAVYYC	AMGPSGRPDPPLDPRGYAY	WGQGTMVTVSS	True	H	pig			EVQLVESGGGLVQPGGSLRLSCVASGGLTR	PGGAGMA	WFRQAPGKGLEAVA	GVSATGTVTYADSVKG	RFTISRDNAGFSLYLQMNSLRAEDTAVYYCAM	GPSGRPDPPLDPRGYAY	WGQGTMVTVSS	1	0		1	NS@85-86	0		2	DS@63-64;DT@91-92	2	DP@106-107;DP@110-111	6	M@36-36;W@38-38;M@84-84;M@99-99;W@117-117;M@122-122	0		2	C@22-22;C@97-97	0		0		0		2	True
PVRIG_CAND_047	47	38	P1MCPUFP__CPUFP500K_0388__00174	true	[]	REJECT_NOT_VHH_LIKE	PASS	FAIL	SKIPPED	SKIPPED	127	True	True	H	10	7	19	C/C	WGQGTMVTVSS	0.25	H37=F;H44=G;H45=L;H47=A	H44=G;H45=L;H47=A	2	poor	0.6886764530914967	0.8063638223433897	0.766140747958369	8	12967.358	8.067	-0.1094	0.603	0		2	1	2	1	0																			FAIL:fr2_hallmark_score_low=0.25;FAIL:missing_key_hydrophilic_fr2_substitutions_H44=G_H45=L;WARN:vl_interface_hydrophobic_count=2;WARN:abnativ_vhh_score_borderline=0.689	INFO:skipped_after_L2_fail	INFO:skipped_after_L2_fail	TECHNICAL_FAILURE_AFTER_RETRY	supplemental_same_TNP_retry	PATENT_SUCCESS_POOR_L2_POLICY_SKIP	/data/qlyu/projects/pvrig_top7500_dualpanel_screen_v1_20260724/run/qc397_final50_submission_freeze_p0p1_v1_20260726/uniform_tnp_completion/logs/PVRIG_CAND_047.log	/data/qlyu/projects/pvrig_top7500_dualpanel_screen_v1_20260724/run/qc397_final50_submission_freeze_p0p1_v1_20260726/uniform_tnp_completion/runs/PVRIG_CAND_047/TNP_Results_SingleSeqEntry_PVRIG_CAND_047.json	127	127	0	12967.358	8.067	-0.1094	39.509	0.603	0.25	H37=F;H44=G;H45=L;H47=A	9	PVRIG_CAND_047	0.0866	True	H	pig			EVQLVESGGGLVQPGGSLRLSCVAS	GGTSRPGGTG	MAWFRQAPGKGLEAVAG	ISGSGTV	TYADSVKGRFTISRDNAGFSLYLQMNSLRAEDTAVYYC	AAGPVGSPSPPLDPRGYPY	WGQGTMVTVSS	True	H	pig			EVQLVESGGGLVQPGGSLRLSCVASGGTSR	PGGTGMA	WFRQAPGKGLEAVA	GISGSGTVTYADSVKG	RFTISRDNAGFSLYLQMNSLRAEDTAVYYCAA	GPVGSPSPPLDPRGYPY	WGQGTMVTVSS	1	0		1	NS@85-86	0		2	DS@63-64;DT@91-92	1	DP@110-111	5	M@36-36;W@38-38;M@84-84;W@117-117;M@122-122	0		2	C@22-22;C@97-97	0		0		0		2	True
PVRIG_CAND_048	48	39	P1MCPUFP__CPUFP500K_0487__00827	true	[]	REJECT_NOT_VHH_LIKE	PASS	FAIL	SKIPPED	SKIPPED	127	True	True	H	10	7	19	C/C	WGQGTMVTVSS	0.25	H37=F;H44=G;H45=L;H47=A	H44=G;H45=L;H47=A	2	poor	0.690613959017498	0.7969390156400706	0.7694603100265046	11	13134.436	6.5	-0.2189	-0.394	0		2	1	2	1	0																			FAIL:fr2_hallmark_score_low=0.25;FAIL:missing_key_hydrophilic_fr2_substitutions_H44=G_H45=L;WARN:vl_interface_hydrophobic_count=2;WARN:abnativ_vhh_score_borderline=0.691	INFO:skipped_after_L2_fail	INFO:skipped_after_L2_fail	TECHNICAL_FAILURE_AFTER_RETRY	supplemental_same_TNP_retry	PATENT_SUCCESS_POOR_L2_POLICY_SKIP	/data/qlyu/projects/pvrig_top7500_dualpanel_screen_v1_20260724/run/qc397_final50_submission_freeze_p0p1_v1_20260726/uniform_tnp_completion/logs/PVRIG_CAND_048.log	/data/qlyu/projects/pvrig_top7500_dualpanel_screen_v1_20260724/run/qc397_final50_submission_freeze_p0p1_v1_20260726/uniform_tnp_completion/runs/PVRIG_CAND_048/TNP_Results_SingleSeqEntry_PVRIG_CAND_048.json	127	127	0	13134.436	6.5	-0.2189	52.98	-0.394	0.25	H37=F;H44=G;H45=L;H47=A	9	PVRIG_CAND_048	0.0866	True	H	pig			EVQLVESGGGLVQPGGSLRLSCVAS	GGRSSPSGRG	MAWFRQAPGKGLEAVAG	ISSSGTE	TYADSVKGRFTISRDNAGFSLYLQMNSLRAEDTAVYYC	ALGESGSPSPPLDPRGYAY	WGQGTMVTVSS	True	H	pig			EVQLVESGGGLVQPGGSLRLSCVASGGRSS	PSGRGMA	WFRQAPGKGLEAVA	GISSSGTETYADSVKG	RFTISRDNAGFSLYLQMNSLRAEDTAVYYCAL	GESGSPSPPLDPRGYAY	WGQGTMVTVSS	1	0		1	NS@85-86	0		2	DS@63-64;DT@91-92	1	DP@110-111	5	M@36-36;W@38-38;M@84-84;W@117-117;M@122-122	0		2	C@22-22;C@97-97	0		0		0		2	True
PVRIG_CAND_049	49	46	P1MCPUFP__CPUFP500K_0188__00645	true	[]	REVIEW	PASS	WARN	WARN	NOT_RUN	127	True	True	H	10	7	19	C/C	WGQGTMVTVSS	0.75	H37=F;H44=E;H45=R;H47=A	H44=E;H45=R;H47=A	1	borderline	0.6670648889597466	0.8497270607507085	0.7280061304840575	15	13564.016	5.603	-0.2244	-2.428	0		2	1	2	0	0	moderate	green	green	green	amber	green	green	130.0518	0.0919	0.3084									WARN:abnativ_vhh_score_borderline=0.667	WARN:tnp_PSH_flag=amber;WARN:deamidation_NG_NS_NT_count=1:NS@85-86;WARN:isomerization_DG_DS_DD_DT_count=2:DS@63-64;DT@91-92;WARN:polyreactivity_proxy=moderate	INFO:structure_modeling_not_requested	ORIGINAL_UNIFORM_FULL_QC	vhh_screen				127	127	0	13564.016	5.603	-0.2244	40.159	-2.428	0.75	H37=F;H44=E;H45=R;H47=A	10	PVRIG_CAND_049	0.0945	True	H	pig			HVQLVESGGGLVQPGGSLRLSCVAS	GPGFSLPGVH	MAWFRQAPGKEREAVAG	IDREGKV	TYADSVKGRFTASRDNAGFSLYLQMNSLRAEDTAVYYC	AAGYQPSTEISMSPDQWEV	WGQGTMVTVSS	True	H	pig			HVQLVESGGGLVQPGGSLRLSCVASGPGFS	LPGVHMA	WFRQAPGKEREAVA	GIDREGKVTYADSVKG	RFTASRDNAGFSLYLQMNSLRAEDTAVYYCAA	GYQPSTEISMSPDQWEV	WGQGTMVTVSS	3	0		1	NS@85-86	0		2	DS@63-64;DT@91-92	0		7	M@36-36;W@38-38;M@84-84;M@109-109;W@114-114;W@117-117;M@122-122	0		2	C@22-22;C@97-97	0		0		0		2	True
PVRIG_CAND_050	50	50	NODE1GEN_128929_source_rfantibody_source_id_PVRIG_RFAb_v2_P6_ekg_L_bb339_mpn06_arm_P6_ekg_L_backbone_P6_ekg_L_bb339_status_NEEDS_RF2_AND_DOCKING	true	[]	REVIEW	PASS	PASS	WARN	NOT_RUN	123	True	True	H	8	8	16	C/C	WGQGTLVTVSS	1.0	H37=F;H44=E;H45=K;H47=G	H44=E;H45=K;H47=G	0	good	0.8000709721615993	0.9013536291523306	0.751740721281527	12	13156.347	5.675	-0.3285	-1.476	0		2	3	3	0	0	moderate	green	green	green	amber	green	green	79.5044	0.0	0.0										WARN:tnp_PSH_flag=amber;WARN:deamidation_NG_NS_NT_count=3:NS@74-75;NT@77-78;NS@84-85;WARN:isomerization_DG_DS_DD_DT_count=3:DG@54-55;DS@62-63;DT@90-91;WARN:polyreactivity_proxy=moderate	INFO:structure_modeling_not_requested	ORIGINAL_UNIFORM_FULL_QC	vhh_screen				123	123	0	13156.347	5.675	-0.3285	39.25	-1.476	1.0	H37=F;H44=E;H45=K;H47=G	9	PVRIG_CAND_050	0.1057	True	H	pig			QVQLVESGGGLVQPGGSLRLSCAAS	GGDFSTYS	LGWFRQAPGQEKEGVAS	ISPDGLHT	YYADSVKGRFTISRDNSKNTLYLQMNSLRAEDTAVYYC	AASTNLSPLNPSQYTY	WGQGTLVTVSS	True	H	pig			QVQLVESGGGLVQPGGSLRLSCAASGGDFS	TYSLG	WFRQAPGQEKEGVA	SISPDGLHTYYADSVKG	RFTISRDNSKNTLYLQMNSLRAEDTAVYYCAA	STNLSPLNPSQYTY	WGQGTLVTVSS	4	0		3	NS@74-75;NT@77-78;NS@84-85	0		3	DG@54-55;DS@62-63;DT@90-91	0		3	W@36-36;M@83-83;W@113-113	0		2	C@22-22;C@96-96	0		0		0		2	True
