submission_id	competition_rank_1_50	mechanism_rank_immutable	candidate_id	parent_cluster	route	profile	developability_grade	developability_hard_fail	hard_fail_reasons	review_reasons	poor_single_domain_split	single_domain_suitability	patent_success_parent_support	abnativ_vhh_score	sapiens_mean_self_probability	tnp_red_count	tnp_amber_count	cdr_nglyc_motif	sequence_cys_count	structurally_exposed_unpaired_cys_count	hydrophobic_5_count	median_largest_hydrophobic_patch_residues	median_largest_hydrophobic_patch_free_sasa_a2	instability_index	instability_index_source	profile_thresholds_json
PVRIG_CAND_001	1	2	NODE1GEN_112448_source_rfantibody_source_id_PVRIG_RFAb_v2_P5_qkg_L_bb355_mpn01_arm_P5_qkg_L_backbone_P5_qkg_L_bb355_status_NEEDS_RF2_AND_DOCKING	GENERATED_RFANTIBODY_P5	rfantibody	PRIMARY	A_LOWER_RISK	false			NOT_POOR_SINGLE_DOMAIN	good	false	0.761823	0.765016	0	0	false	2	0	0	12.500000	638.590701	36.921000	vhh_eval.tsv	"{""abnativ_warn_below"":0.7,""acid_exposure_warn_rows"":4,""instability_warn_at"":40,""patch_hard_area_a2"":1000,""patch_hard_residues"":20,""patch_warn_area_a2"":900,""patch_warn_residues"":15,""sapiens_warn_below"":0.7,""tnp_red_hard_at"":2}"
PVRIG_CAND_002	2	3	NODE1GEN_229102_source_fixed_pose_mpnn_source_id_P500K__FIXED_POSE_MPNN__2F90E7DCCA05F9E4	GENERATED_FIXED_POSE_MPNN	fixed_pose_mpnn	PRIMARY	A_LOWER_RISK	false			NOT_POOR_SINGLE_DOMAIN	good	false	0.719415	0.726416	0	0	false	2	0	0	14.000000	720.971377	35.190000	vhh_eval.tsv	"{""abnativ_warn_below"":0.7,""acid_exposure_warn_rows"":4,""instability_warn_at"":40,""patch_hard_area_a2"":1000,""patch_hard_residues"":20,""patch_warn_area_a2"":900,""patch_warn_residues"":15,""sapiens_warn_below"":0.7,""tnp_red_hard_at"":2}"
PVRIG_CAND_003	3	4	P1MCPUFP__CPUFP500K_0188__00519	positive_pose_source_case02_pos_10_151H7	c2_four_seed	PRIMARY	A_LOWER_RISK	false			NOT_POOR_SINGLE_DOMAIN	good	true	0.718734	0.716894	0	0	false	2	0	0	11.000000	556.015969	34.531000	vhh_eval.tsv	"{""abnativ_warn_below"":0.7,""acid_exposure_warn_rows"":4,""instability_warn_at"":40,""patch_hard_area_a2"":1000,""patch_hard_residues"":20,""patch_warn_area_a2"":900,""patch_warn_residues"":15,""sapiens_warn_below"":0.7,""tnp_red_hard_at"":2}"
PVRIG_CAND_004	4	6	NODE1GEN_181778_source_fixed_pose_mpnn_source_id_P500K__FIXED_POSE_MPNN__8EDA6734F7A8BD2C	GENERATED_FIXED_POSE_MPNN	fixed_pose_mpnn	PRIMARY	A_LOWER_RISK	false			NOT_POOR_SINGLE_DOMAIN	good	false	0.753551	0.710808	0	0	false	2	0	0	13.000000	755.070547	28.028000	vhh_eval.tsv	"{""abnativ_warn_below"":0.7,""acid_exposure_warn_rows"":4,""instability_warn_at"":40,""patch_hard_area_a2"":1000,""patch_hard_residues"":20,""patch_warn_area_a2"":900,""patch_warn_residues"":15,""sapiens_warn_below"":0.7,""tnp_red_hard_at"":2}"
PVRIG_CAND_005	5	8	NODE1GEN_256613_source_fixed_pose_mpnn_source_id_P500K__FIXED_POSE_MPNN__0A1B353F72DFABBD	GENERATED_FIXED_POSE_MPNN	fixed_pose_mpnn	PRIMARY	A_LOWER_RISK	false			NOT_POOR_SINGLE_DOMAIN	good	false	0.738839	0.715248	0	0	false	2	0	0	6.000000	466.479930	33.731000	vhh_eval.tsv	"{""abnativ_warn_below"":0.7,""acid_exposure_warn_rows"":4,""instability_warn_at"":40,""patch_hard_area_a2"":1000,""patch_hard_residues"":20,""patch_warn_area_a2"":900,""patch_warn_residues"":15,""sapiens_warn_below"":0.7,""tnp_red_hard_at"":2}"
PVRIG_CAND_006	6	9	NODE1GEN_183154_source_fixed_pose_mpnn_source_id_P500K__FIXED_POSE_MPNN__E25C2338B83B903C	GENERATED_FIXED_POSE_MPNN	fixed_pose_mpnn	PRIMARY	A_LOWER_RISK	false			NOT_POOR_SINGLE_DOMAIN	good	false	0.757158	0.719691	0	0	false	2	0	0	10.000000	489.877820	29.571000	vhh_eval.tsv	"{""abnativ_warn_below"":0.7,""acid_exposure_warn_rows"":4,""instability_warn_at"":40,""patch_hard_area_a2"":1000,""patch_hard_residues"":20,""patch_warn_area_a2"":900,""patch_warn_residues"":15,""sapiens_warn_below"":0.7,""tnp_red_hard_at"":2}"
PVRIG_CAND_007	7	14	P1MCPUFP__CPUFP500K_0100__00188	positive_pose_source_case02_pos_01_PVRIG-151_HR151	old_top7500	PRIMARY	A_LOWER_RISK	false			NOT_POOR_SINGLE_DOMAIN	good	true	0.774738	0.720747	0	0	false	2	0	0	10.000000	570.680443	28.754000	vhh_eval.tsv	"{""abnativ_warn_below"":0.7,""acid_exposure_warn_rows"":4,""instability_warn_at"":40,""patch_hard_area_a2"":1000,""patch_hard_residues"":20,""patch_warn_area_a2"":900,""patch_warn_residues"":15,""sapiens_warn_below"":0.7,""tnp_red_hard_at"":2}"
PVRIG_CAND_008	8	16	P1MCPUFP__CPUFP500K_0002__00919	positive_pose_source_case02_pos_01_PVRIG-151_HR151	c2_four_seed	PRIMARY	A_LOWER_RISK	false			NOT_POOR_SINGLE_DOMAIN	good	true	0.745243	0.707264	0	0	false	2	0	0	8.000000	405.090224	30.843000	vhh_eval.tsv	"{""abnativ_warn_below"":0.7,""acid_exposure_warn_rows"":4,""instability_warn_at"":40,""patch_hard_area_a2"":1000,""patch_hard_residues"":20,""patch_warn_area_a2"":900,""patch_warn_residues"":15,""sapiens_warn_below"":0.7,""tnp_red_hard_at"":2}"
PVRIG_CAND_009	9	1	P1MCPUFP__CPUFP500K_0288__00659	positive_pose_source_case02_pos_10_151H7	c2_four_seed	PRIMARY	B_REVIEW	false		BORDERLINE_SINGLE_DOMAIN;ABNATIV_BELOW_0.70	NOT_POOR_SINGLE_DOMAIN	borderline	true	0.699128	0.738649	0	0	false	2	0	0	14.000000	895.753516	36.450000	vhh_eval.tsv	"{""abnativ_warn_below"":0.7,""acid_exposure_warn_rows"":4,""instability_warn_at"":40,""patch_hard_area_a2"":1000,""patch_hard_residues"":20,""patch_warn_area_a2"":900,""patch_warn_residues"":15,""sapiens_warn_below"":0.7,""tnp_red_hard_at"":2}"
PVRIG_CAND_010	10	5	P1MCPUFP__CPUFP500K_0100__00092	positive_pose_source_case02_pos_01_PVRIG-151_HR151	c2_four_seed	PRIMARY	B_REVIEW	false		TNP_AMBER_FLAGS_1	NOT_POOR_SINGLE_DOMAIN	good	true	0.735587	0.711786	0	1	false	2	0	0	13.000000	687.284560	36.311000	vhh_eval.tsv	"{""abnativ_warn_below"":0.7,""acid_exposure_warn_rows"":4,""instability_warn_at"":40,""patch_hard_area_a2"":1000,""patch_hard_residues"":20,""patch_warn_area_a2"":900,""patch_warn_residues"":15,""sapiens_warn_below"":0.7,""tnp_red_hard_at"":2}"
PVRIG_CAND_011	11	7	NODE1GEN_154595_source_fixed_pose_mpnn_source_id_P500K__FIXED_POSE_MPNN__9B999365EA60CCE9	GENERATED_FIXED_POSE_MPNN	fixed_pose_mpnn	PRIMARY	B_REVIEW	false		ELEVATED_SURFACE_HYDROPHOBIC_PATCH;TNP_AMBER_FLAGS_1	NOT_POOR_SINGLE_DOMAIN	good	false	0.756742	0.708194	0	1	false	2	0	0	15.500000	877.339511	28.124000	vhh_eval.tsv	"{""abnativ_warn_below"":0.7,""acid_exposure_warn_rows"":4,""instability_warn_at"":40,""patch_hard_area_a2"":1000,""patch_hard_residues"":20,""patch_warn_area_a2"":900,""patch_warn_residues"":15,""sapiens_warn_below"":0.7,""tnp_red_hard_at"":2}"
PVRIG_CAND_012	12	10	P1MCPUFP__CPUFP500K_0188__00282	positive_pose_source_case02_pos_10_151H7	c2_four_seed	PRIMARY	B_REVIEW	false		BORDERLINE_SINGLE_DOMAIN;TNP_FLAGS_MISSING;ABNATIV_BELOW_0.70	NOT_POOR_SINGLE_DOMAIN	borderline	true	0.698388	0.726266	0	0	false	2	0	0	8.000000	466.999528	34.591000	vhh_eval.tsv	"{""abnativ_warn_below"":0.7,""acid_exposure_warn_rows"":4,""instability_warn_at"":40,""patch_hard_area_a2"":1000,""patch_hard_residues"":20,""patch_warn_area_a2"":900,""patch_warn_residues"":15,""sapiens_warn_below"":0.7,""tnp_red_hard_at"":2}"
PVRIG_CAND_013	13	11	NODE1GEN_191476_source_fixed_pose_mpnn_source_id_P500K__FIXED_POSE_MPNN__310934EF4B70CA47	GENERATED_FIXED_POSE_MPNN	fixed_pose_mpnn	PRIMARY	A_LOWER_RISK	false			NOT_POOR_SINGLE_DOMAIN	good	false	0.755279	0.716528	0	0	false	2	0	0	11.000000	527.711822	32.990000	vhh_eval.tsv	"{""abnativ_warn_below"":0.7,""acid_exposure_warn_rows"":4,""instability_warn_at"":40,""patch_hard_area_a2"":1000,""patch_hard_residues"":20,""patch_warn_area_a2"":900,""patch_warn_residues"":15,""sapiens_warn_below"":0.7,""tnp_red_hard_at"":2}"
PVRIG_CAND_014	14	12	P1MCPUFP__CPUFP500K_0090__00532	positive_pose_source_case02_pos_10_151H7	old_top7500	PRIMARY	B_REVIEW	false		INSTABILITY_INDEX_GE_40	NOT_POOR_SINGLE_DOMAIN	good	true	0.754285	0.737712	0	0	false	2	0	0	8.500000	511.124391	41.739000	vhh_eval.tsv	"{""abnativ_warn_below"":0.7,""acid_exposure_warn_rows"":4,""instability_warn_at"":40,""patch_hard_area_a2"":1000,""patch_hard_residues"":20,""patch_warn_area_a2"":900,""patch_warn_residues"":15,""sapiens_warn_below"":0.7,""tnp_red_hard_at"":2}"
PVRIG_CAND_015	15	13	NODE1GEN_177961_source_fixed_pose_mpnn_source_id_P500K__FIXED_POSE_MPNN__8431DA62B813A913	GENERATED_FIXED_POSE_MPNN	fixed_pose_mpnn	PRIMARY	B_REVIEW	false		TNP_AMBER_FLAGS_2	NOT_POOR_SINGLE_DOMAIN	good	false	0.737054	0.730818	0	2	false	2	0	0	13.000000	872.810382	27.339000	vhh_eval.tsv	"{""abnativ_warn_below"":0.7,""acid_exposure_warn_rows"":4,""instability_warn_at"":40,""patch_hard_area_a2"":1000,""patch_hard_residues"":20,""patch_warn_area_a2"":900,""patch_warn_residues"":15,""sapiens_warn_below"":0.7,""tnp_red_hard_at"":2}"
PVRIG_CAND_016	16	15	NODE1GEN_206644_source_fixed_pose_mpnn_source_id_P500K__FIXED_POSE_MPNN__53F648E960398F2F	GENERATED_FIXED_POSE_MPNN	fixed_pose_mpnn	PRIMARY	A_LOWER_RISK	false			NOT_POOR_SINGLE_DOMAIN	good	false	0.760687	0.715122	0	0	false	2	0	0	8.000000	351.363419	29.090000	vhh_eval.tsv	"{""abnativ_warn_below"":0.7,""acid_exposure_warn_rows"":4,""instability_warn_at"":40,""patch_hard_area_a2"":1000,""patch_hard_residues"":20,""patch_warn_area_a2"":900,""patch_warn_residues"":15,""sapiens_warn_below"":0.7,""tnp_red_hard_at"":2}"
PVRIG_CAND_017	17	17	P1MCPUFP__CPUFP500K_0287__00804	positive_pose_source_case02_pos_10_151H7	c2_four_seed	PRIMARY	B_REVIEW	false		BORDERLINE_SINGLE_DOMAIN;ELEVATED_SURFACE_HYDROPHOBIC_PATCH;TNP_FLAGS_MISSING;ABNATIV_BELOW_0.70	NOT_POOR_SINGLE_DOMAIN	borderline	true	0.673061	0.714950	0	0	false	2	0	0	15.500000	968.221064	38.827000	vhh_eval.tsv	"{""abnativ_warn_below"":0.7,""acid_exposure_warn_rows"":4,""instability_warn_at"":40,""patch_hard_area_a2"":1000,""patch_hard_residues"":20,""patch_warn_area_a2"":900,""patch_warn_residues"":15,""sapiens_warn_below"":0.7,""tnp_red_hard_at"":2}"
PVRIG_CAND_018	18	18	NODE1GEN_127352_source_rfantibody_source_id_PVRIG_RFAb_v2_P6_ekg_L_bb203_mpn04_arm_P6_ekg_L_backbone_P6_ekg_L_bb203_status_NEEDS_RF2_AND_DOCKING	GENERATED_RFANTIBODY_P6	rfantibody	PRIMARY	B_REVIEW	false		UNUSUAL_PI	NOT_POOR_SINGLE_DOMAIN	good	false	0.824067	0.769592	0	0	false	2	0	0	13.000000	781.455863	35.365000	vhh_eval.tsv	"{""abnativ_warn_below"":0.7,""acid_exposure_warn_rows"":4,""instability_warn_at"":40,""patch_hard_area_a2"":1000,""patch_hard_residues"":20,""patch_warn_area_a2"":900,""patch_warn_residues"":15,""sapiens_warn_below"":0.7,""tnp_red_hard_at"":2}"
PVRIG_CAND_019	19	19	P1MCPUFP__CPUFP500K_0089__00735	positive_pose_source_case02_pos_10_151H7	c2_four_seed	PRIMARY	B_REVIEW	false		ELEVATED_SURFACE_HYDROPHOBIC_PATCH	NOT_POOR_SINGLE_DOMAIN	good	true	0.707044	0.723583	0	0	false	2	0	0	17.000000	909.573844	37.802000	vhh_eval.tsv	"{""abnativ_warn_below"":0.7,""acid_exposure_warn_rows"":4,""instability_warn_at"":40,""patch_hard_area_a2"":1000,""patch_hard_residues"":20,""patch_warn_area_a2"":900,""patch_warn_residues"":15,""sapiens_warn_below"":0.7,""tnp_red_hard_at"":2}"
PVRIG_CAND_020	20	20	NODE1GEN_258472_source_fixed_pose_mpnn_source_id_P500K__FIXED_POSE_MPNN__2E2B33208D567583	GENERATED_FIXED_POSE_MPNN	fixed_pose_mpnn	PRIMARY	B_REVIEW	false		EXPOSED_ACID_CLIPPING_ROWS_GE_4	NOT_POOR_SINGLE_DOMAIN	good	false	0.815346	0.704773	0	0	false	2	0	0	6.000000	324.444054	39.326000	vhh_eval.tsv	"{""abnativ_warn_below"":0.7,""acid_exposure_warn_rows"":4,""instability_warn_at"":40,""patch_hard_area_a2"":1000,""patch_hard_residues"":20,""patch_warn_area_a2"":900,""patch_warn_residues"":15,""sapiens_warn_below"":0.7,""tnp_red_hard_at"":2}"
PVRIG_CAND_021	21	21	P1MCPUFP__CPUFP500K_0299__00780	positive_pose_source_case02_pos_01_PVRIG-151_HR151	c2_four_seed	PRIMARY	B_REVIEW	false		TNP_AMBER_FLAGS_1	NOT_POOR_SINGLE_DOMAIN	good	true	0.790199	0.709779	0	1	false	2	0	0	11.500000	617.604233	30.676000	vhh_eval.tsv	"{""abnativ_warn_below"":0.7,""acid_exposure_warn_rows"":4,""instability_warn_at"":40,""patch_hard_area_a2"":1000,""patch_hard_residues"":20,""patch_warn_area_a2"":900,""patch_warn_residues"":15,""sapiens_warn_below"":0.7,""tnp_red_hard_at"":2}"
PVRIG_CAND_022	22	22	P1MCPUFP__CPUFP500K_0189__00858	positive_pose_source_case02_pos_10_151H7	old_top7500	PRIMARY	A_LOWER_RISK	false			NOT_POOR_SINGLE_DOMAIN	good	true	0.752454	0.728756	0	0	false	2	0	0	12.500000	659.051978	37.739000	vhh_eval.tsv	"{""abnativ_warn_below"":0.7,""acid_exposure_warn_rows"":4,""instability_warn_at"":40,""patch_hard_area_a2"":1000,""patch_hard_residues"":20,""patch_warn_area_a2"":900,""patch_warn_residues"":15,""sapiens_warn_below"":0.7,""tnp_red_hard_at"":2}"
PVRIG_CAND_023	23	23	NODE1GEN_174576_source_fixed_pose_mpnn_source_id_P500K__FIXED_POSE_MPNN__D5384A7F42146722	GENERATED_FIXED_POSE_MPNN	fixed_pose_mpnn	PRIMARY	B_REVIEW	false		TNP_AMBER_FLAGS_1	NOT_POOR_SINGLE_DOMAIN	good	false	0.723974	0.730947	0	1	false	2	0	0	5.000000	268.795620	35.338000	vhh_eval.tsv	"{""abnativ_warn_below"":0.7,""acid_exposure_warn_rows"":4,""instability_warn_at"":40,""patch_hard_area_a2"":1000,""patch_hard_residues"":20,""patch_warn_area_a2"":900,""patch_warn_residues"":15,""sapiens_warn_below"":0.7,""tnp_red_hard_at"":2}"
PVRIG_CAND_024	24	24	NODE1GEN_002130_source_rfantibody_source_id_PVRIG_RFAb_v2_P1_ekg_L_bb177_mpn10_arm_P1_ekg_L_backbone_P1_ekg_L_bb177_status_NEEDS_RF2_AND_DOCKING	GENERATED_RFANTIBODY_P1	rfantibody	PRIMARY	B_REVIEW	false		TNP_AMBER_FLAGS_1	NOT_POOR_SINGLE_DOMAIN	good	false	0.805161	0.765092	0	1	false	2	0	0	7.500000	423.757505	38.836000	vhh_eval.tsv	"{""abnativ_warn_below"":0.7,""acid_exposure_warn_rows"":4,""instability_warn_at"":40,""patch_hard_area_a2"":1000,""patch_hard_residues"":20,""patch_warn_area_a2"":900,""patch_warn_residues"":15,""sapiens_warn_below"":0.7,""tnp_red_hard_at"":2}"
PVRIG_CAND_025	25	25	P1MCPUFP__CPUFP500K_0380__00771	positive_pose_source_case02_pos_10_151H7	c2_four_seed	PRIMARY	B_REVIEW	false		ELEVATED_SURFACE_HYDROPHOBIC_PATCH	NOT_POOR_SINGLE_DOMAIN	good	true	0.748364	0.724213	0	0	false	2	0	0	15.000000	886.665831	33.520000	vhh_eval.tsv	"{""abnativ_warn_below"":0.7,""acid_exposure_warn_rows"":4,""instability_warn_at"":40,""patch_hard_area_a2"":1000,""patch_hard_residues"":20,""patch_warn_area_a2"":900,""patch_warn_residues"":15,""sapiens_warn_below"":0.7,""tnp_red_hard_at"":2}"
PVRIG_CAND_026	26	26	NODE1GEN_217675_source_fixed_pose_mpnn_source_id_P500K__FIXED_POSE_MPNN__68DDB4A6D7CBCA89	GENERATED_FIXED_POSE_MPNN	fixed_pose_mpnn	PRIMARY	B_REVIEW	false		NON_CDR_N_GLYCOSYLATION_MOTIF	NOT_POOR_SINGLE_DOMAIN	good	false	0.734619	0.734485	0	0	false	2	0	0	11.000000	603.638032	29.872000	vhh_eval.tsv	"{""abnativ_warn_below"":0.7,""acid_exposure_warn_rows"":4,""instability_warn_at"":40,""patch_hard_area_a2"":1000,""patch_hard_residues"":20,""patch_warn_area_a2"":900,""patch_warn_residues"":15,""sapiens_warn_below"":0.7,""tnp_red_hard_at"":2}"
PVRIG_CAND_027	27	27	P1MCPUFP__CPUFP500K_0404__00029	positive_pose_source_case02_pos_01_PVRIG-151_HR151	c2_four_seed	PRIMARY	B_REVIEW	false		SAPIENS_BELOW_0.70	NOT_POOR_SINGLE_DOMAIN	good	true	0.752689	0.694882	0	0	false	2	0	0	10.000000	563.046341	27.680000	vhh_eval.tsv	"{""abnativ_warn_below"":0.7,""acid_exposure_warn_rows"":4,""instability_warn_at"":40,""patch_hard_area_a2"":1000,""patch_hard_residues"":20,""patch_warn_area_a2"":900,""patch_warn_residues"":15,""sapiens_warn_below"":0.7,""tnp_red_hard_at"":2}"
PVRIG_CAND_028	28	28	P1MCPUFP__CPUFP500K_0188__00549	positive_pose_source_case02_pos_10_151H7	c2_four_seed	PRIMARY	B_REVIEW	false		TNP_FLAGS_MISSING	NOT_POOR_SINGLE_DOMAIN	good	true	0.708705	0.713831	0	0	false	2	0	0	11.000000	616.955359	37.916000	vhh_eval.tsv	"{""abnativ_warn_below"":0.7,""acid_exposure_warn_rows"":4,""instability_warn_at"":40,""patch_hard_area_a2"":1000,""patch_hard_residues"":20,""patch_warn_area_a2"":900,""patch_warn_residues"":15,""sapiens_warn_below"":0.7,""tnp_red_hard_at"":2}"
PVRIG_CAND_029	29	29	P1MCPUFP__CPUFP500K_0188__00481	positive_pose_source_case02_pos_10_151H7	c2_four_seed	PRIMARY	B_REVIEW	false		BORDERLINE_SINGLE_DOMAIN;TNP_RED_FLAG_1;TNP_AMBER_FLAGS_1;ABNATIV_BELOW_0.70	NOT_POOR_SINGLE_DOMAIN	borderline	true	0.670460	0.726842	1	1	false	2	0	0	14.000000	705.496927	35.338000	vhh_eval.tsv	"{""abnativ_warn_below"":0.7,""acid_exposure_warn_rows"":4,""instability_warn_at"":40,""patch_hard_area_a2"":1000,""patch_hard_residues"":20,""patch_warn_area_a2"":900,""patch_warn_residues"":15,""sapiens_warn_below"":0.7,""tnp_red_hard_at"":2}"
PVRIG_CAND_030	30	30	NODE1GEN_182669_source_fixed_pose_mpnn_source_id_P500K__FIXED_POSE_MPNN__D4BBD3AB583903E7	GENERATED_FIXED_POSE_MPNN	fixed_pose_mpnn	PRIMARY	A_LOWER_RISK	false			NOT_POOR_SINGLE_DOMAIN	good	false	0.770558	0.714964	0	0	false	2	0	0	12.500000	645.440001	30.851000	vhh_eval.tsv	"{""abnativ_warn_below"":0.7,""acid_exposure_warn_rows"":4,""instability_warn_at"":40,""patch_hard_area_a2"":1000,""patch_hard_residues"":20,""patch_warn_area_a2"":900,""patch_warn_residues"":15,""sapiens_warn_below"":0.7,""tnp_red_hard_at"":2}"
PVRIG_CAND_031	31	31	NODE1GEN_128014_source_rfantibody_source_id_PVRIG_RFAb_v2_P6_ekg_L_bb258_mpn01_arm_P6_ekg_L_backbone_P6_ekg_L_bb258_status_NEEDS_RF2_AND_DOCKING	GENERATED_RFANTIBODY_P6	rfantibody	PRIMARY	B_REVIEW	false		UNUSUAL_PI	NOT_POOR_SINGLE_DOMAIN	good	false	0.786943	0.748278	0	0	false	2	0	0	10.500000	483.063381	36.901000	vhh_eval.tsv	"{""abnativ_warn_below"":0.7,""acid_exposure_warn_rows"":4,""instability_warn_at"":40,""patch_hard_area_a2"":1000,""patch_hard_residues"":20,""patch_warn_area_a2"":900,""patch_warn_residues"":15,""sapiens_warn_below"":0.7,""tnp_red_hard_at"":2}"
PVRIG_CAND_032	32	32	NODE1GEN_218195_source_fixed_pose_mpnn_source_id_P500K__FIXED_POSE_MPNN__A6B62FDDBC1A99BE	GENERATED_FIXED_POSE_MPNN	fixed_pose_mpnn	PRIMARY	B_REVIEW	false		BORDERLINE_SINGLE_DOMAIN;NON_CDR_N_GLYCOSYLATION_MOTIF;ABNATIV_BELOW_0.70	NOT_POOR_SINGLE_DOMAIN	borderline	false	0.682034	0.719707	0	0	false	2	0	0	6.000000	335.431146	34.626000	vhh_eval.tsv	"{""abnativ_warn_below"":0.7,""acid_exposure_warn_rows"":4,""instability_warn_at"":40,""patch_hard_area_a2"":1000,""patch_hard_residues"":20,""patch_warn_area_a2"":900,""patch_warn_residues"":15,""sapiens_warn_below"":0.7,""tnp_red_hard_at"":2}"
PVRIG_CAND_033	33	33	NODE1GEN_195165_source_fixed_pose_mpnn_source_id_P500K__FIXED_POSE_MPNN__499D245F888E5DC4	GENERATED_FIXED_POSE_MPNN	fixed_pose_mpnn	PRIMARY	B_REVIEW	false		BORDERLINE_SINGLE_DOMAIN;ELEVATED_SURFACE_HYDROPHOBIC_PATCH;ABNATIV_BELOW_0.70;UNUSUAL_PI	NOT_POOR_SINGLE_DOMAIN	borderline	false	0.698588	0.727036	0	0	false	2	0	0	18.000000	1070.795792	29.924000	vhh_eval.tsv	"{""abnativ_warn_below"":0.7,""acid_exposure_warn_rows"":4,""instability_warn_at"":40,""patch_hard_area_a2"":1000,""patch_hard_residues"":20,""patch_warn_area_a2"":900,""patch_warn_residues"":15,""sapiens_warn_below"":0.7,""tnp_red_hard_at"":2}"
PVRIG_CAND_034	34	34	NODE1GEN_235318_source_fixed_pose_mpnn_source_id_P500K__FIXED_POSE_MPNN__B52C2EC7CC64BFED	GENERATED_FIXED_POSE_MPNN	fixed_pose_mpnn	PRIMARY	B_REVIEW	false		BORDERLINE_SINGLE_DOMAIN;NON_CDR_N_GLYCOSYLATION_MOTIF;ELEVATED_SURFACE_HYDROPHOBIC_PATCH;ABNATIV_BELOW_0.70	NOT_POOR_SINGLE_DOMAIN	borderline	false	0.668203	0.727250	0	0	false	2	0	0	18.500000	996.423539	38.494000	vhh_eval.tsv	"{""abnativ_warn_below"":0.7,""acid_exposure_warn_rows"":4,""instability_warn_at"":40,""patch_hard_area_a2"":1000,""patch_hard_residues"":20,""patch_warn_area_a2"":900,""patch_warn_residues"":15,""sapiens_warn_below"":0.7,""tnp_red_hard_at"":2}"
PVRIG_CAND_035	35	37	NODE1GEN_076816_source_rfantibody_source_id_PVRIG_RFAb_v2_P4_ekg_L_bb155_mpn03_arm_P4_ekg_L_backbone_P4_ekg_L_bb155_status_NEEDS_RF2_AND_DOCKING	GENERATED_RFANTIBODY_P4	rfantibody	PRIMARY	B_REVIEW	false		EXPOSED_ACID_CLIPPING_ROWS_GE_4;UNUSUAL_PI	NOT_POOR_SINGLE_DOMAIN	good	false	0.794315	0.754264	0	0	false	2	0	0	9.000000	546.508243	32.940000	vhh_eval.tsv	"{""abnativ_warn_below"":0.7,""acid_exposure_warn_rows"":4,""instability_warn_at"":40,""patch_hard_area_a2"":1000,""patch_hard_residues"":20,""patch_warn_area_a2"":900,""patch_warn_residues"":15,""sapiens_warn_below"":0.7,""tnp_red_hard_at"":2}"
PVRIG_CAND_036	36	40	NODE1GEN_136300_source_rfantibody_source_id_PVRIG_RFAb_v2_P6_qkg_L_bb255_mpn02_arm_P6_qkg_L_backbone_P6_qkg_L_bb255_status_NEEDS_RF2_AND_DOCKING	GENERATED_RFANTIBODY_P6	rfantibody	PRIMARY	B_REVIEW	false		INSTABILITY_INDEX_GE_40	NOT_POOR_SINGLE_DOMAIN	good	false	0.762915	0.758686	0	0	false	2	0	0	9.000000	412.225211	49.144000	vhh_eval.tsv	"{""abnativ_warn_below"":0.7,""acid_exposure_warn_rows"":4,""instability_warn_at"":40,""patch_hard_area_a2"":1000,""patch_hard_residues"":20,""patch_warn_area_a2"":900,""patch_warn_residues"":15,""sapiens_warn_below"":0.7,""tnp_red_hard_at"":2}"
PVRIG_CAND_037	37	41	NODE1GEN_095824_source_rfantibody_source_id_PVRIG_RFAb_v2_P4_qrg_L_bb358_mpn04_arm_P4_qrg_L_backbone_P4_qrg_L_bb358_status_NEEDS_RF2_AND_DOCKING	GENERATED_RFANTIBODY_P4	rfantibody	PRIMARY	B_REVIEW	false		EXPOSED_ACID_CLIPPING_ROWS_GE_4	NOT_POOR_SINGLE_DOMAIN	good	false	0.812442	0.761396	0	0	false	2	0	0	13.000000	717.259197	38.483000	vhh_eval.tsv	"{""abnativ_warn_below"":0.7,""acid_exposure_warn_rows"":4,""instability_warn_at"":40,""patch_hard_area_a2"":1000,""patch_hard_residues"":20,""patch_warn_area_a2"":900,""patch_warn_residues"":15,""sapiens_warn_below"":0.7,""tnp_red_hard_at"":2}"
PVRIG_CAND_038	38	42	NODE1GEN_017313_source_rfantibody_source_id_PVRIG_RFAb_v2_P1_qrg_L_bb054_mpn00_arm_P1_qrg_L_backbone_P1_qrg_L_bb054_status_NEEDS_RF2_AND_DOCKING	GENERATED_RFANTIBODY_P1	rfantibody	PRIMARY	B_REVIEW	false		INSTABILITY_INDEX_GE_40	NOT_POOR_SINGLE_DOMAIN	good	false	0.815701	0.770932	0	0	false	2	0	0	8.000000	584.888494	41.498000	vhh_eval.tsv	"{""abnativ_warn_below"":0.7,""acid_exposure_warn_rows"":4,""instability_warn_at"":40,""patch_hard_area_a2"":1000,""patch_hard_residues"":20,""patch_warn_area_a2"":900,""patch_warn_residues"":15,""sapiens_warn_below"":0.7,""tnp_red_hard_at"":2}"
PVRIG_CAND_039	39	43	NODE1GEN_109783_source_rfantibody_source_id_PVRIG_RFAb_v2_P5_qkg_L_bb121_mpn06_arm_P5_qkg_L_backbone_P5_qkg_L_bb121_status_NEEDS_RF2_AND_DOCKING	GENERATED_RFANTIBODY_P5	rfantibody	PRIMARY	B_REVIEW	false		INSTABILITY_INDEX_GE_40	NOT_POOR_SINGLE_DOMAIN	good	false	0.810974	0.759523	0	0	false	2	0	0	9.000000	419.077171	44.267000	vhh_eval.tsv	"{""abnativ_warn_below"":0.7,""acid_exposure_warn_rows"":4,""instability_warn_at"":40,""patch_hard_area_a2"":1000,""patch_hard_residues"":20,""patch_warn_area_a2"":900,""patch_warn_residues"":15,""sapiens_warn_below"":0.7,""tnp_red_hard_at"":2}"
PVRIG_CAND_040	40	44	NODE1GEN_100102_source_rfantibody_source_id_PVRIG_RFAb_v2_P5_ekg_L_bb007_mpn10_arm_P5_ekg_L_backbone_P5_ekg_L_bb007_status_NEEDS_RF2_AND_DOCKING	GENERATED_RFANTIBODY_P5	rfantibody	PRIMARY	B_REVIEW	false		ELEVATED_SURFACE_HYDROPHOBIC_PATCH;EXPOSED_ACID_CLIPPING_ROWS_GE_4	NOT_POOR_SINGLE_DOMAIN	good	false	0.793844	0.768776	0	0	false	2	0	0	14.000000	926.178857	38.346000	vhh_eval.tsv	"{""abnativ_warn_below"":0.7,""acid_exposure_warn_rows"":4,""instability_warn_at"":40,""patch_hard_area_a2"":1000,""patch_hard_residues"":20,""patch_warn_area_a2"":900,""patch_warn_residues"":15,""sapiens_warn_below"":0.7,""tnp_red_hard_at"":2}"
PVRIG_CAND_041	41	45	NODE1GEN_109883_source_rfantibody_source_id_PVRIG_RFAb_v2_P5_qkg_L_bb130_mpn02_arm_P5_qkg_L_backbone_P5_qkg_L_bb130_status_NEEDS_RF2_AND_DOCKING	GENERATED_RFANTIBODY_P5	rfantibody	PRIMARY	B_REVIEW	false		UNUSUAL_PI	NOT_POOR_SINGLE_DOMAIN	good	false	0.810077	0.767488	0	0	false	2	0	0	13.000000	660.414716	33.712000	vhh_eval.tsv	"{""abnativ_warn_below"":0.7,""acid_exposure_warn_rows"":4,""instability_warn_at"":40,""patch_hard_area_a2"":1000,""patch_hard_residues"":20,""patch_warn_area_a2"":900,""patch_warn_residues"":15,""sapiens_warn_below"":0.7,""tnp_red_hard_at"":2}"
PVRIG_CAND_042	42	47	P1MCPUFP__CPUFP500K_0030__00860	positive_pose_source_case02_pos_04_PVRIG-38	old_top7500	PRIMARY	A_LOWER_RISK	false			NOT_POOR_SINGLE_DOMAIN	good	true	0.809454	0.727071	0	0	false	2	0	0	9.000000	476.563081	32.765000	vhh_eval.tsv	"{""abnativ_warn_below"":0.7,""acid_exposure_warn_rows"":4,""instability_warn_at"":40,""patch_hard_area_a2"":1000,""patch_hard_residues"":20,""patch_warn_area_a2"":900,""patch_warn_residues"":15,""sapiens_warn_below"":0.7,""tnp_red_hard_at"":2}"
PVRIG_CAND_043	43	48	P1MCPUFP__CPUFP500K_0029__00647	positive_pose_source_case02_pos_04_PVRIG-38	old_top7500	PRIMARY	B_REVIEW	false		ELEVATED_SURFACE_HYDROPHOBIC_PATCH;EXPOSED_ACID_CLIPPING_ROWS_GE_4	NOT_POOR_SINGLE_DOMAIN	good	true	0.837301	0.729634	0	0	false	2	0	0	17.000000	722.051624	34.808000	vhh_eval.tsv	"{""abnativ_warn_below"":0.7,""acid_exposure_warn_rows"":4,""instability_warn_at"":40,""patch_hard_area_a2"":1000,""patch_hard_residues"":20,""patch_warn_area_a2"":900,""patch_warn_residues"":15,""sapiens_warn_below"":0.7,""tnp_red_hard_at"":2}"
PVRIG_CAND_044	44	49	P1MCPUFP__CPUFP500K_0090__00860	positive_pose_source_case02_pos_10_151H7	old_top7500	PRIMARY	B_REVIEW	false		ELEVATED_SURFACE_HYDROPHOBIC_PATCH	NOT_POOR_SINGLE_DOMAIN	good	true	0.732991	0.733579	0	0	false	2	0	0	17.000000	931.163225	36.644000	vhh_eval.tsv	"{""abnativ_warn_below"":0.7,""acid_exposure_warn_rows"":4,""instability_warn_at"":40,""patch_hard_area_a2"":1000,""patch_hard_residues"":20,""patch_warn_area_a2"":900,""patch_warn_residues"":15,""sapiens_warn_below"":0.7,""tnp_red_hard_at"":2}"
PVRIG_CAND_045	45	35	P1MCPUFP__CPUFP500K_0289__00496	positive_pose_source_case02_pos_11_151H8	c2_four_seed	PRIMARY	C_HIGH_RISK	true	EXTREME_SURFACE_HYDROPHOBIC_PATCH	PATENT_SUCCESS_SCAFFOLD_POOR_SINGLE_DOMAIN_REVIEW;TNP_FLAGS_MISSING;EXPOSED_ACID_CLIPPING_ROWS_GE_4	PATENT_SUCCESS_SCAFFOLD_REVIEW	poor	true	0.704138	0.755574	0	0	false	2	0	0	21.500000	1214.770805	35.276000	vhh_eval.tsv	"{""abnativ_warn_below"":0.7,""acid_exposure_warn_rows"":4,""instability_warn_at"":40,""patch_hard_area_a2"":1000,""patch_hard_residues"":20,""patch_warn_area_a2"":900,""patch_warn_residues"":15,""sapiens_warn_below"":0.7,""tnp_red_hard_at"":2}"
PVRIG_CAND_046	46	36	P1MCPUFP__CPUFP500K_0091__00849	positive_pose_source_case02_pos_11_151H8	c2_four_seed	PRIMARY	B_REVIEW	false		PATENT_SUCCESS_SCAFFOLD_POOR_SINGLE_DOMAIN_REVIEW;ELEVATED_SURFACE_HYDROPHOBIC_PATCH;TNP_FLAGS_MISSING;EXPOSED_ACID_CLIPPING_ROWS_GE_4	PATENT_SUCCESS_SCAFFOLD_REVIEW	poor	true	0.703298	0.752107	0	0	false	2	0	0	19.500000	1094.371476	33.377000	vhh_eval.tsv	"{""abnativ_warn_below"":0.7,""acid_exposure_warn_rows"":4,""instability_warn_at"":40,""patch_hard_area_a2"":1000,""patch_hard_residues"":20,""patch_warn_area_a2"":900,""patch_warn_residues"":15,""sapiens_warn_below"":0.7,""tnp_red_hard_at"":2}"
PVRIG_CAND_047	47	38	P1MCPUFP__CPUFP500K_0388__00174	positive_pose_source_case02_pos_11_151H8	old_top7500	PRIMARY	B_REVIEW	false		PATENT_SUCCESS_SCAFFOLD_POOR_SINGLE_DOMAIN_REVIEW;ELEVATED_SURFACE_HYDROPHOBIC_PATCH;TNP_FLAGS_MISSING;ABNATIV_BELOW_0.70;EXPOSED_ACID_CLIPPING_ROWS_GE_4	PATENT_SUCCESS_SCAFFOLD_REVIEW	poor	true	0.688676	0.766141	0	0	false	2	0	0	17.000000	1109.252195	39.509000	vhh_eval.tsv	"{""abnativ_warn_below"":0.7,""acid_exposure_warn_rows"":4,""instability_warn_at"":40,""patch_hard_area_a2"":1000,""patch_hard_residues"":20,""patch_warn_area_a2"":900,""patch_warn_residues"":15,""sapiens_warn_below"":0.7,""tnp_red_hard_at"":2}"
PVRIG_CAND_048	48	39	P1MCPUFP__CPUFP500K_0487__00827	positive_pose_source_case02_pos_11_151H8	old_top7500	PRIMARY	B_REVIEW	false		PATENT_SUCCESS_SCAFFOLD_POOR_SINGLE_DOMAIN_REVIEW;TNP_FLAGS_MISSING;ABNATIV_BELOW_0.70;INSTABILITY_INDEX_GE_40;EXPOSED_ACID_CLIPPING_ROWS_GE_4	PATENT_SUCCESS_SCAFFOLD_REVIEW	poor	true	0.690614	0.769460	0	0	false	2	0	0	11.500000	692.209865	52.980000	vhh_eval.tsv	"{""abnativ_warn_below"":0.7,""acid_exposure_warn_rows"":4,""instability_warn_at"":40,""patch_hard_area_a2"":1000,""patch_hard_residues"":20,""patch_warn_area_a2"":900,""patch_warn_residues"":15,""sapiens_warn_below"":0.7,""tnp_red_hard_at"":2}"
PVRIG_CAND_049	49	46	P1MCPUFP__CPUFP500K_0188__00645	positive_pose_source_case02_pos_10_151H7	old_top7500	PRIMARY	C_HIGH_RISK	true	EXTREME_SURFACE_HYDROPHOBIC_PATCH	BORDERLINE_SINGLE_DOMAIN;TNP_AMBER_FLAGS_1;ABNATIV_BELOW_0.70;INSTABILITY_INDEX_GE_40	NOT_POOR_SINGLE_DOMAIN	borderline	true	0.667065	0.728006	0	1	false	2	0	0	22.000000	1174.445699	40.159000	vhh_eval.tsv	"{""abnativ_warn_below"":0.7,""acid_exposure_warn_rows"":4,""instability_warn_at"":40,""patch_hard_area_a2"":1000,""patch_hard_residues"":20,""patch_warn_area_a2"":900,""patch_warn_residues"":15,""sapiens_warn_below"":0.7,""tnp_red_hard_at"":2}"
PVRIG_CAND_050	50	50	NODE1GEN_128929_source_rfantibody_source_id_PVRIG_RFAb_v2_P6_ekg_L_bb339_mpn06_arm_P6_ekg_L_backbone_P6_ekg_L_bb339_status_NEEDS_RF2_AND_DOCKING	GENERATED_RFANTIBODY_P6	rfantibody	PRIMARY	C_HIGH_RISK	true	CDR_N_GLYCOSYLATION_MOTIF	TNP_AMBER_FLAGS_1	NOT_POOR_SINGLE_DOMAIN	good	false	0.800071	0.751741	0	1	true	2	0	0	8.500000	449.916280	39.250000	vhh_eval.tsv	"{""abnativ_warn_below"":0.7,""acid_exposure_warn_rows"":4,""instability_warn_at"":40,""patch_hard_area_a2"":1000,""patch_hard_residues"":20,""patch_warn_area_a2"":900,""patch_warn_residues"":15,""sapiens_warn_below"":0.7,""tnp_red_hard_at"":2}"
