candidate_id	final_rank	source_cohort	route	conformation	seed	pdb_path	chain_identity_proxy	c_terminal_residue_sasa_a2	c_terminal_target_min_distance_a	c_terminal_target_contact_4p5a	exit_ray_35a_target_min_perpendicular_distance_a	exit_ray_target_atom_hits_3p5a	exit_ray_severe_crossing_2a	sequence_cys_count	paired_cys_residue_count	unpaired_cys_residue_count	exposed_unpaired_cys_residue_count	minimum_sg_pair_distance_a	vhh_c_terminal_tail_10aa	tail_hydrophobic_count	tail_max_hydrophobic_run
P1MCPUFP__CPUFP500K_0288__00659	1	existing_old_new7500_top200	c2_four_seed	8x6b	42	/data/qlyu/projects/pvrig_top7500_dualpanel_screen_v1_20260724/run/qc397_top20_plus_top10_fusion_developability_v2_20260726/fusion_panel_common4_bundle/representative_complexes/R01__P1MCPUFP__CPUFP500K_0288__00659__8x6b__s42.pdb	1.000000	125.956754	35.019465	False		0	False	2	2	0	0	2.030969	GQGTMVTVSS	3	2
P1MCPUFP__CPUFP500K_0288__00659	1	existing_old_new7500_top200	c2_four_seed	9e6y	42	/data/qlyu/projects/pvrig_top7500_dualpanel_screen_v1_20260724/run/qc397_top20_plus_top10_fusion_developability_v2_20260726/fusion_panel_common4_bundle/representative_complexes/R01__P1MCPUFP__CPUFP500K_0288__00659__9e6y__s42.pdb	1.000000	131.397992	35.247747	False		0	False	2	2	0	0	2.033820	GQGTMVTVSS	3	2
P1MCPUFP__CPUFP500K_0288__00659	1	existing_old_new7500_top200	c2_four_seed	8x6b	917	/data/qlyu/projects/pvrig_top7500_dualpanel_screen_v1_20260724/run/qc397_top20_plus_top10_fusion_developability_v2_20260726/fusion_panel_common4_bundle/representative_complexes/R01__P1MCPUFP__CPUFP500K_0288__00659__8x6b__s917.pdb	1.000000	128.280360	35.077989	False		0	False	2	2	0	0	2.030220	GQGTMVTVSS	3	2
P1MCPUFP__CPUFP500K_0288__00659	1	existing_old_new7500_top200	c2_four_seed	9e6y	917	/data/qlyu/projects/pvrig_top7500_dualpanel_screen_v1_20260724/run/qc397_top20_plus_top10_fusion_developability_v2_20260726/fusion_panel_common4_bundle/representative_complexes/R01__P1MCPUFP__CPUFP500K_0288__00659__9e6y__s917.pdb	1.000000	120.826407	35.078105	False		0	False	2	2	0	0	2.031277	GQGTMVTVSS	3	2
P1MCPUFP__CPUFP500K_0288__00659	1	existing_old_new7500_top200	c2_four_seed	8x6b	1931	/data/qlyu/projects/pvrig_top7500_dualpanel_screen_v1_20260724/run/qc397_top20_plus_top10_fusion_developability_v2_20260726/fusion_panel_common4_bundle/representative_complexes/R01__P1MCPUFP__CPUFP500K_0288__00659__8x6b__s1931.pdb	1.000000	123.579029	36.672740	False		0	False	2	2	0	0	2.031014	GQGTMVTVSS	3	2
P1MCPUFP__CPUFP500K_0288__00659	1	existing_old_new7500_top200	c2_four_seed	9e6y	1931	/data/qlyu/projects/pvrig_top7500_dualpanel_screen_v1_20260724/run/qc397_top20_plus_top10_fusion_developability_v2_20260726/fusion_panel_common4_bundle/representative_complexes/R01__P1MCPUFP__CPUFP500K_0288__00659__9e6y__s1931.pdb	1.000000	128.877262	36.277898	False		0	False	2	2	0	0	2.031501	GQGTMVTVSS	3	2
P1MCPUFP__CPUFP500K_0288__00659	1	existing_old_new7500_top200	c2_four_seed	8x6b	3047	/data/qlyu/projects/pvrig_top7500_dualpanel_screen_v1_20260724/run/qc397_top20_plus_top10_fusion_developability_v2_20260726/fusion_panel_common4_bundle/representative_complexes/R01__P1MCPUFP__CPUFP500K_0288__00659__8x6b__s3047.pdb	1.000000	130.352135	35.106576	False		0	False	2	2	0	0	2.033001	GQGTMVTVSS	3	2
P1MCPUFP__CPUFP500K_0288__00659	1	existing_old_new7500_top200	c2_four_seed	9e6y	3047	/data/qlyu/projects/pvrig_top7500_dualpanel_screen_v1_20260724/run/qc397_top20_plus_top10_fusion_developability_v2_20260726/fusion_panel_common4_bundle/representative_complexes/R01__P1MCPUFP__CPUFP500K_0288__00659__9e6y__s3047.pdb	1.000000	129.222335	38.851761	False		0	False	2	2	0	0	2.031288	GQGTMVTVSS	3	2
NODE1GEN_112448_source_rfantibody_source_id_PVRIG_RFAb_v2_P5_qkg_L_bb355_mpn01_arm_P5_qkg_L_backbone_P5_qkg_L_bb355_status_NEEDS_RF2_AND_DOCKING	2	generated_top3000	rfantibody	8x6b	42	/data/qlyu/projects/pvrig_top7500_dualpanel_screen_v1_20260724/run/qc397_top20_plus_top10_fusion_developability_v2_20260726/fusion_panel_common4_bundle/representative_complexes/R02__NODE1GEN_112448__8x6b__s42.pdb	1.000000	133.679647	35.704060	False		0	False	2	2	0	0	2.031906	GQGTLVTVSS	3	2
NODE1GEN_112448_source_rfantibody_source_id_PVRIG_RFAb_v2_P5_qkg_L_bb355_mpn01_arm_P5_qkg_L_backbone_P5_qkg_L_bb355_status_NEEDS_RF2_AND_DOCKING	2	generated_top3000	rfantibody	9e6y	42	/data/qlyu/projects/pvrig_top7500_dualpanel_screen_v1_20260724/run/qc397_top20_plus_top10_fusion_developability_v2_20260726/fusion_panel_common4_bundle/representative_complexes/R02__NODE1GEN_112448__9e6y__s42.pdb	1.000000	139.485897	32.659493	False	40.615072	0	False	2	2	0	0	2.031370	GQGTLVTVSS	3	2
NODE1GEN_112448_source_rfantibody_source_id_PVRIG_RFAb_v2_P5_qkg_L_bb355_mpn01_arm_P5_qkg_L_backbone_P5_qkg_L_bb355_status_NEEDS_RF2_AND_DOCKING	2	generated_top3000	rfantibody	8x6b	917	/data/qlyu/projects/pvrig_top7500_dualpanel_screen_v1_20260724/run/qc397_top20_plus_top10_fusion_developability_v2_20260726/fusion_panel_common4_bundle/representative_complexes/R02__NODE1GEN_112448__8x6b__s917.pdb	1.000000	138.181152	33.685681	False	52.531906	0	False	2	2	0	0	2.032805	GQGTLVTVSS	3	2
NODE1GEN_112448_source_rfantibody_source_id_PVRIG_RFAb_v2_P5_qkg_L_bb355_mpn01_arm_P5_qkg_L_backbone_P5_qkg_L_bb355_status_NEEDS_RF2_AND_DOCKING	2	generated_top3000	rfantibody	9e6y	917	/data/qlyu/projects/pvrig_top7500_dualpanel_screen_v1_20260724/run/qc397_top20_plus_top10_fusion_developability_v2_20260726/fusion_panel_common4_bundle/representative_complexes/R02__NODE1GEN_112448__9e6y__s917.pdb	1.000000	137.478126	34.040948	False		0	False	2	2	0	0	2.031867	GQGTLVTVSS	3	2
NODE1GEN_112448_source_rfantibody_source_id_PVRIG_RFAb_v2_P5_qkg_L_bb355_mpn01_arm_P5_qkg_L_backbone_P5_qkg_L_bb355_status_NEEDS_RF2_AND_DOCKING	2	generated_top3000	rfantibody	8x6b	1931	/data/qlyu/projects/pvrig_top7500_dualpanel_screen_v1_20260724/run/qc397_top20_plus_top10_fusion_developability_v2_20260726/fusion_panel_common4_bundle/representative_complexes/R02__NODE1GEN_112448__8x6b__s1931.pdb	1.000000	135.011515	31.490279	False		0	False	2	2	0	0	2.031881	GQGTLVTVSS	3	2
NODE1GEN_112448_source_rfantibody_source_id_PVRIG_RFAb_v2_P5_qkg_L_bb355_mpn01_arm_P5_qkg_L_backbone_P5_qkg_L_bb355_status_NEEDS_RF2_AND_DOCKING	2	generated_top3000	rfantibody	9e6y	1931	/data/qlyu/projects/pvrig_top7500_dualpanel_screen_v1_20260724/run/qc397_top20_plus_top10_fusion_developability_v2_20260726/fusion_panel_common4_bundle/representative_complexes/R02__NODE1GEN_112448__9e6y__s1931.pdb	1.000000	137.811198	35.197328	False		0	False	2	2	0	0	2.032670	GQGTLVTVSS	3	2
NODE1GEN_112448_source_rfantibody_source_id_PVRIG_RFAb_v2_P5_qkg_L_bb355_mpn01_arm_P5_qkg_L_backbone_P5_qkg_L_bb355_status_NEEDS_RF2_AND_DOCKING	2	generated_top3000	rfantibody	8x6b	3047	/data/qlyu/projects/pvrig_top7500_dualpanel_screen_v1_20260724/run/qc397_top20_plus_top10_fusion_developability_v2_20260726/fusion_panel_common4_bundle/representative_complexes/R02__NODE1GEN_112448__8x6b__s3047.pdb	1.000000	146.776905	34.663013	False		0	False	2	2	0	0	2.031931	GQGTLVTVSS	3	2
NODE1GEN_112448_source_rfantibody_source_id_PVRIG_RFAb_v2_P5_qkg_L_bb355_mpn01_arm_P5_qkg_L_backbone_P5_qkg_L_bb355_status_NEEDS_RF2_AND_DOCKING	2	generated_top3000	rfantibody	9e6y	3047	/data/qlyu/projects/pvrig_top7500_dualpanel_screen_v1_20260724/run/qc397_top20_plus_top10_fusion_developability_v2_20260726/fusion_panel_common4_bundle/representative_complexes/R02__NODE1GEN_112448__9e6y__s3047.pdb	1.000000	139.120886	33.638296	False		0	False	2	2	0	0	2.031538	GQGTLVTVSS	3	2
NODE1GEN_229102_source_fixed_pose_mpnn_source_id_P500K__FIXED_POSE_MPNN__2F90E7DCCA05F9E4	3	generated_top3000	fixed_pose_mpnn	8x6b	42	/data/qlyu/projects/pvrig_top7500_dualpanel_screen_v1_20260724/run/qc397_top20_plus_top10_fusion_developability_v2_20260726/fusion_panel_common4_bundle/representative_complexes/R03__NODE1GEN_229102_source_fixed_pose_mpnn_source_id_P500K__FIXED_POSE_MPNN__2F90E7DCCA05F9E4__8x6b__s42.pdb	1.000000	125.571972	36.550285	False	50.548276	0	False	2	2	0	0	2.031423	GQGTMVTVSS	3	2
NODE1GEN_229102_source_fixed_pose_mpnn_source_id_P500K__FIXED_POSE_MPNN__2F90E7DCCA05F9E4	3	generated_top3000	fixed_pose_mpnn	9e6y	42	/data/qlyu/projects/pvrig_top7500_dualpanel_screen_v1_20260724/run/qc397_top20_plus_top10_fusion_developability_v2_20260726/fusion_panel_common4_bundle/representative_complexes/R03__NODE1GEN_229102_source_fixed_pose_mpnn_source_id_P500K__FIXED_POSE_MPNN__2F90E7DCCA05F9E4__9e6y__s42.pdb	1.000000	128.869492	36.829782	False	41.075098	0	False	2	2	0	0	2.030709	GQGTMVTVSS	3	2
NODE1GEN_229102_source_fixed_pose_mpnn_source_id_P500K__FIXED_POSE_MPNN__2F90E7DCCA05F9E4	3	generated_top3000	fixed_pose_mpnn	8x6b	917	/data/qlyu/projects/pvrig_top7500_dualpanel_screen_v1_20260724/run/qc397_top20_plus_top10_fusion_developability_v2_20260726/fusion_panel_common4_bundle/representative_complexes/R03__NODE1GEN_229102_source_fixed_pose_mpnn_source_id_P500K__FIXED_POSE_MPNN__2F90E7DCCA05F9E4__8x6b__s917.pdb	1.000000	125.202018	34.141897	False	51.937736	0	False	2	2	0	0	2.030301	GQGTMVTVSS	3	2
NODE1GEN_229102_source_fixed_pose_mpnn_source_id_P500K__FIXED_POSE_MPNN__2F90E7DCCA05F9E4	3	generated_top3000	fixed_pose_mpnn	9e6y	917	/data/qlyu/projects/pvrig_top7500_dualpanel_screen_v1_20260724/run/qc397_top20_plus_top10_fusion_developability_v2_20260726/fusion_panel_common4_bundle/representative_complexes/R03__NODE1GEN_229102_source_fixed_pose_mpnn_source_id_P500K__FIXED_POSE_MPNN__2F90E7DCCA05F9E4__9e6y__s917.pdb	1.000000	122.735407	35.947050	False	44.749456	0	False	2	2	0	0	2.030730	GQGTMVTVSS	3	2
NODE1GEN_229102_source_fixed_pose_mpnn_source_id_P500K__FIXED_POSE_MPNN__2F90E7DCCA05F9E4	3	generated_top3000	fixed_pose_mpnn	8x6b	1931	/data/qlyu/projects/pvrig_top7500_dualpanel_screen_v1_20260724/run/qc397_top20_plus_top10_fusion_developability_v2_20260726/fusion_panel_common4_bundle/representative_complexes/R03__NODE1GEN_229102_source_fixed_pose_mpnn_source_id_P500K__FIXED_POSE_MPNN__2F90E7DCCA05F9E4__8x6b__s1931.pdb	1.000000	123.416253	37.089738	False		0	False	2	2	0	0	2.030563	GQGTMVTVSS	3	2
NODE1GEN_229102_source_fixed_pose_mpnn_source_id_P500K__FIXED_POSE_MPNN__2F90E7DCCA05F9E4	3	generated_top3000	fixed_pose_mpnn	9e6y	1931	/data/qlyu/projects/pvrig_top7500_dualpanel_screen_v1_20260724/run/qc397_top20_plus_top10_fusion_developability_v2_20260726/fusion_panel_common4_bundle/representative_complexes/R03__NODE1GEN_229102_source_fixed_pose_mpnn_source_id_P500K__FIXED_POSE_MPNN__2F90E7DCCA05F9E4__9e6y__s1931.pdb	1.000000	122.903293	37.154850	False		0	False	2	2	0	0	2.029186	GQGTMVTVSS	3	2
NODE1GEN_229102_source_fixed_pose_mpnn_source_id_P500K__FIXED_POSE_MPNN__2F90E7DCCA05F9E4	3	generated_top3000	fixed_pose_mpnn	8x6b	3047	/data/qlyu/projects/pvrig_top7500_dualpanel_screen_v1_20260724/run/qc397_top20_plus_top10_fusion_developability_v2_20260726/fusion_panel_common4_bundle/representative_complexes/R03__NODE1GEN_229102_source_fixed_pose_mpnn_source_id_P500K__FIXED_POSE_MPNN__2F90E7DCCA05F9E4__8x6b__s3047.pdb	1.000000	132.281073	33.702621	False		0	False	2	2	0	0	2.030337	GQGTMVTVSS	3	2
NODE1GEN_229102_source_fixed_pose_mpnn_source_id_P500K__FIXED_POSE_MPNN__2F90E7DCCA05F9E4	3	generated_top3000	fixed_pose_mpnn	9e6y	3047	/data/qlyu/projects/pvrig_top7500_dualpanel_screen_v1_20260724/run/qc397_top20_plus_top10_fusion_developability_v2_20260726/fusion_panel_common4_bundle/representative_complexes/R03__NODE1GEN_229102_source_fixed_pose_mpnn_source_id_P500K__FIXED_POSE_MPNN__2F90E7DCCA05F9E4__9e6y__s3047.pdb	1.000000	123.046299	37.137479	False		0	False	2	2	0	0	2.030055	GQGTMVTVSS	3	2
P1MCPUFP__CPUFP500K_0188__00519	4	existing_old_new7500_top200	c2_four_seed	8x6b	42	/data/qlyu/projects/pvrig_top7500_dualpanel_screen_v1_20260724/run/qc397_top20_plus_top10_fusion_developability_v2_20260726/fusion_panel_common4_bundle/representative_complexes/R04__P1MCPUFP__CPUFP500K_0188__00519__8x6b__s42.pdb	1.000000	122.178214	36.803504	False		0	False	2	2	0	0	2.029848	GQGTMVTVSS	3	2
P1MCPUFP__CPUFP500K_0188__00519	4	existing_old_new7500_top200	c2_four_seed	9e6y	42	/data/qlyu/projects/pvrig_top7500_dualpanel_screen_v1_20260724/run/qc397_top20_plus_top10_fusion_developability_v2_20260726/fusion_panel_common4_bundle/representative_complexes/R04__P1MCPUFP__CPUFP500K_0188__00519__9e6y__s42.pdb	1.000000	119.573540	28.715816	False		0	False	2	2	0	0	2.029622	GQGTMVTVSS	3	2
P1MCPUFP__CPUFP500K_0188__00519	4	existing_old_new7500_top200	c2_four_seed	8x6b	917	/data/qlyu/projects/pvrig_top7500_dualpanel_screen_v1_20260724/run/qc397_top20_plus_top10_fusion_developability_v2_20260726/fusion_panel_common4_bundle/representative_complexes/R04__P1MCPUFP__CPUFP500K_0188__00519__8x6b__s917.pdb	1.000000	127.096607	37.738122	False		0	False	2	2	0	0	2.030622	GQGTMVTVSS	3	2
P1MCPUFP__CPUFP500K_0188__00519	4	existing_old_new7500_top200	c2_four_seed	9e6y	917	/data/qlyu/projects/pvrig_top7500_dualpanel_screen_v1_20260724/run/qc397_top20_plus_top10_fusion_developability_v2_20260726/fusion_panel_common4_bundle/representative_complexes/R04__P1MCPUFP__CPUFP500K_0188__00519__9e6y__s917.pdb	1.000000	128.285470	32.063565	False		0	False	2	2	0	0	2.030332	GQGTMVTVSS	3	2
P1MCPUFP__CPUFP500K_0188__00519	4	existing_old_new7500_top200	c2_four_seed	8x6b	1931	/data/qlyu/projects/pvrig_top7500_dualpanel_screen_v1_20260724/run/qc397_top20_plus_top10_fusion_developability_v2_20260726/fusion_panel_common4_bundle/representative_complexes/R04__P1MCPUFP__CPUFP500K_0188__00519__8x6b__s1931.pdb	1.000000	117.397883	30.970966	False		0	False	2	2	0	0	2.031989	GQGTMVTVSS	3	2
P1MCPUFP__CPUFP500K_0188__00519	4	existing_old_new7500_top200	c2_four_seed	9e6y	1931	/data/qlyu/projects/pvrig_top7500_dualpanel_screen_v1_20260724/run/qc397_top20_plus_top10_fusion_developability_v2_20260726/fusion_panel_common4_bundle/representative_complexes/R04__P1MCPUFP__CPUFP500K_0188__00519__9e6y__s1931.pdb	1.000000	135.601360	30.038968	False		0	False	2	2	0	0	2.030635	GQGTMVTVSS	3	2
P1MCPUFP__CPUFP500K_0188__00519	4	existing_old_new7500_top200	c2_four_seed	8x6b	3047	/data/qlyu/projects/pvrig_top7500_dualpanel_screen_v1_20260724/run/qc397_top20_plus_top10_fusion_developability_v2_20260726/fusion_panel_common4_bundle/representative_complexes/R04__P1MCPUFP__CPUFP500K_0188__00519__8x6b__s3047.pdb	1.000000	134.397376	37.947928	False		0	False	2	2	0	0	2.029698	GQGTMVTVSS	3	2
P1MCPUFP__CPUFP500K_0188__00519	4	existing_old_new7500_top200	c2_four_seed	9e6y	3047	/data/qlyu/projects/pvrig_top7500_dualpanel_screen_v1_20260724/run/qc397_top20_plus_top10_fusion_developability_v2_20260726/fusion_panel_common4_bundle/representative_complexes/R04__P1MCPUFP__CPUFP500K_0188__00519__9e6y__s3047.pdb	1.000000	140.874711	31.986056	False		0	False	2	2	0	0	2.030021	GQGTMVTVSS	3	2
P1MCPUFP__CPUFP500K_0100__00092	5	existing_old_new7500_top200	c2_four_seed	8x6b	42	/data/qlyu/projects/pvrig_top7500_dualpanel_screen_v1_20260724/run/qc397_top20_plus_top10_fusion_developability_v2_20260726/fusion_panel_common4_bundle/representative_complexes/R05__P1MCPUFP__CPUFP500K_0100__00092__8x6b__s42.pdb	1.000000	124.718883	36.943482	False		0	False	2	2	0	0	2.031444	GQGTQVTVSS	2	1
P1MCPUFP__CPUFP500K_0100__00092	5	existing_old_new7500_top200	c2_four_seed	9e6y	42	/data/qlyu/projects/pvrig_top7500_dualpanel_screen_v1_20260724/run/qc397_top20_plus_top10_fusion_developability_v2_20260726/fusion_panel_common4_bundle/representative_complexes/R05__P1MCPUFP__CPUFP500K_0100__00092__9e6y__s42.pdb	1.000000	130.340009	34.747932	False		0	False	2	2	0	0	2.031487	GQGTQVTVSS	2	1
P1MCPUFP__CPUFP500K_0100__00092	5	existing_old_new7500_top200	c2_four_seed	8x6b	917	/data/qlyu/projects/pvrig_top7500_dualpanel_screen_v1_20260724/run/qc397_top20_plus_top10_fusion_developability_v2_20260726/fusion_panel_common4_bundle/representative_complexes/R05__P1MCPUFP__CPUFP500K_0100__00092__8x6b__s917.pdb	1.000000	121.327240	37.517176	False	59.260337	0	False	2	2	0	0	2.031436	GQGTQVTVSS	2	1
P1MCPUFP__CPUFP500K_0100__00092	5	existing_old_new7500_top200	c2_four_seed	9e6y	917	/data/qlyu/projects/pvrig_top7500_dualpanel_screen_v1_20260724/run/qc397_top20_plus_top10_fusion_developability_v2_20260726/fusion_panel_common4_bundle/representative_complexes/R05__P1MCPUFP__CPUFP500K_0100__00092__9e6y__s917.pdb	1.000000	121.919200	37.827230	False	59.971523	0	False	2	2	0	0	2.030832	GQGTQVTVSS	2	1
P1MCPUFP__CPUFP500K_0100__00092	5	existing_old_new7500_top200	c2_four_seed	8x6b	1931	/data/qlyu/projects/pvrig_top7500_dualpanel_screen_v1_20260724/run/qc397_top20_plus_top10_fusion_developability_v2_20260726/fusion_panel_common4_bundle/representative_complexes/R05__P1MCPUFP__CPUFP500K_0100__00092__8x6b__s1931.pdb	1.000000	123.339954	35.588086	False		0	False	2	2	0	0	2.031359	GQGTQVTVSS	2	1
P1MCPUFP__CPUFP500K_0100__00092	5	existing_old_new7500_top200	c2_four_seed	9e6y	1931	/data/qlyu/projects/pvrig_top7500_dualpanel_screen_v1_20260724/run/qc397_top20_plus_top10_fusion_developability_v2_20260726/fusion_panel_common4_bundle/representative_complexes/R05__P1MCPUFP__CPUFP500K_0100__00092__9e6y__s1931.pdb	1.000000	121.327240	36.943309	False		0	False	2	2	0	0	2.030971	GQGTQVTVSS	2	1
P1MCPUFP__CPUFP500K_0100__00092	5	existing_old_new7500_top200	c2_four_seed	8x6b	3047	/data/qlyu/projects/pvrig_top7500_dualpanel_screen_v1_20260724/run/qc397_top20_plus_top10_fusion_developability_v2_20260726/fusion_panel_common4_bundle/representative_complexes/R05__P1MCPUFP__CPUFP500K_0100__00092__8x6b__s3047.pdb	1.000000	131.122035	36.883123	False	59.656743	0	False	2	2	0	0	2.031199	GQGTQVTVSS	2	1
P1MCPUFP__CPUFP500K_0100__00092	5	existing_old_new7500_top200	c2_four_seed	9e6y	3047	/data/qlyu/projects/pvrig_top7500_dualpanel_screen_v1_20260724/run/qc397_top20_plus_top10_fusion_developability_v2_20260726/fusion_panel_common4_bundle/representative_complexes/R05__P1MCPUFP__CPUFP500K_0100__00092__9e6y__s3047.pdb	1.000000	117.528761	37.501172	False		0	False	2	2	0	0	2.031197	GQGTQVTVSS	2	1
NODE1GEN_181778_source_fixed_pose_mpnn_source_id_P500K__FIXED_POSE_MPNN__8EDA6734F7A8BD2C	6	generated_top3000	fixed_pose_mpnn	8x6b	42	/data/qlyu/projects/pvrig_top7500_dualpanel_screen_v1_20260724/run/qc397_top20_plus_top10_fusion_developability_v2_20260726/fusion_panel_common4_bundle/representative_complexes/R06__NODE1GEN_181778_source_fixed_pose_mpnn_source_id_P500K__FIXED_POSE_MPNN__8EDA6734F7A8BD2C__8x6b__s42.pdb	1.000000	117.074864	27.354177	False		0	False	2	2	0	0	2.030842	GQGTQVTVSS	2	1
NODE1GEN_181778_source_fixed_pose_mpnn_source_id_P500K__FIXED_POSE_MPNN__8EDA6734F7A8BD2C	6	generated_top3000	fixed_pose_mpnn	9e6y	42	/data/qlyu/projects/pvrig_top7500_dualpanel_screen_v1_20260724/run/qc397_top20_plus_top10_fusion_developability_v2_20260726/fusion_panel_common4_bundle/representative_complexes/R06__NODE1GEN_181778_source_fixed_pose_mpnn_source_id_P500K__FIXED_POSE_MPNN__8EDA6734F7A8BD2C__9e6y__s42.pdb	1.000000	125.717679	27.064692	False		0	False	2	2	0	0	2.032789	GQGTQVTVSS	2	1
NODE1GEN_181778_source_fixed_pose_mpnn_source_id_P500K__FIXED_POSE_MPNN__8EDA6734F7A8BD2C	6	generated_top3000	fixed_pose_mpnn	8x6b	917	/data/qlyu/projects/pvrig_top7500_dualpanel_screen_v1_20260724/run/qc397_top20_plus_top10_fusion_developability_v2_20260726/fusion_panel_common4_bundle/representative_complexes/R06__NODE1GEN_181778_source_fixed_pose_mpnn_source_id_P500K__FIXED_POSE_MPNN__8EDA6734F7A8BD2C__8x6b__s917.pdb	1.000000	123.931914	35.363526	False		0	False	2	2	0	0	2.031495	GQGTQVTVSS	2	1
NODE1GEN_181778_source_fixed_pose_mpnn_source_id_P500K__FIXED_POSE_MPNN__8EDA6734F7A8BD2C	6	generated_top3000	fixed_pose_mpnn	9e6y	917	/data/qlyu/projects/pvrig_top7500_dualpanel_screen_v1_20260724/run/qc397_top20_plus_top10_fusion_developability_v2_20260726/fusion_panel_common4_bundle/representative_complexes/R06__NODE1GEN_181778_source_fixed_pose_mpnn_source_id_P500K__FIXED_POSE_MPNN__8EDA6734F7A8BD2C__9e6y__s917.pdb	1.000000	128.835311	34.839290	False		0	False	2	2	0	0	2.031470	GQGTQVTVSS	2	1
NODE1GEN_181778_source_fixed_pose_mpnn_source_id_P500K__FIXED_POSE_MPNN__8EDA6734F7A8BD2C	6	generated_top3000	fixed_pose_mpnn	8x6b	1931	/data/qlyu/projects/pvrig_top7500_dualpanel_screen_v1_20260724/run/qc397_top20_plus_top10_fusion_developability_v2_20260726/fusion_panel_common4_bundle/representative_complexes/R06__NODE1GEN_181778_source_fixed_pose_mpnn_source_id_P500K__FIXED_POSE_MPNN__8EDA6734F7A8BD2C__8x6b__s1931.pdb	1.000000	124.893827	34.006956	False		0	False	2	2	0	0	2.031842	GQGTQVTVSS	2	1
NODE1GEN_181778_source_fixed_pose_mpnn_source_id_P500K__FIXED_POSE_MPNN__8EDA6734F7A8BD2C	6	generated_top3000	fixed_pose_mpnn	9e6y	1931	/data/qlyu/projects/pvrig_top7500_dualpanel_screen_v1_20260724/run/qc397_top20_plus_top10_fusion_developability_v2_20260726/fusion_panel_common4_bundle/representative_complexes/R06__NODE1GEN_181778_source_fixed_pose_mpnn_source_id_P500K__FIXED_POSE_MPNN__8EDA6734F7A8BD2C__9e6y__s1931.pdb	1.000000	116.751971	38.071614	False		0	False	2	2	0	0	2.030541	GQGTQVTVSS	2	1
NODE1GEN_181778_source_fixed_pose_mpnn_source_id_P500K__FIXED_POSE_MPNN__8EDA6734F7A8BD2C	6	generated_top3000	fixed_pose_mpnn	8x6b	3047	/data/qlyu/projects/pvrig_top7500_dualpanel_screen_v1_20260724/run/qc397_top20_plus_top10_fusion_developability_v2_20260726/fusion_panel_common4_bundle/representative_complexes/R06__NODE1GEN_181778_source_fixed_pose_mpnn_source_id_P500K__FIXED_POSE_MPNN__8EDA6734F7A8BD2C__8x6b__s3047.pdb	1.000000	116.561905	33.572808	False		0	False	2	2	0	0	2.029846	GQGTQVTVSS	2	1
NODE1GEN_181778_source_fixed_pose_mpnn_source_id_P500K__FIXED_POSE_MPNN__8EDA6734F7A8BD2C	6	generated_top3000	fixed_pose_mpnn	9e6y	3047	/data/qlyu/projects/pvrig_top7500_dualpanel_screen_v1_20260724/run/qc397_top20_plus_top10_fusion_developability_v2_20260726/fusion_panel_common4_bundle/representative_complexes/R06__NODE1GEN_181778_source_fixed_pose_mpnn_source_id_P500K__FIXED_POSE_MPNN__8EDA6734F7A8BD2C__9e6y__s3047.pdb	1.000000	129.516157	29.385750	False		0	False	2	2	0	0	2.030394	GQGTQVTVSS	2	1
NODE1GEN_154595_source_fixed_pose_mpnn_source_id_P500K__FIXED_POSE_MPNN__9B999365EA60CCE9	7	generated_top3000	fixed_pose_mpnn	8x6b	42	/data/qlyu/projects/pvrig_top7500_dualpanel_screen_v1_20260724/run/qc397_top20_plus_top10_fusion_developability_v2_20260726/fusion_panel_common4_bundle/representative_complexes/R07__NODE1GEN_154595_source_fixed_pose_mpnn_source_id_P500K__FIXED_POSE_MPNN__9B999365EA60CCE9__8x6b__s42.pdb	1.000000	124.575877	32.631839	False		0	False	2	2	0	0	2.031926	GQGTQVTVSS	2	1
NODE1GEN_154595_source_fixed_pose_mpnn_source_id_P500K__FIXED_POSE_MPNN__9B999365EA60CCE9	7	generated_top3000	fixed_pose_mpnn	9e6y	42	/data/qlyu/projects/pvrig_top7500_dualpanel_screen_v1_20260724/run/qc397_top20_plus_top10_fusion_developability_v2_20260726/fusion_panel_common4_bundle/representative_complexes/R07__NODE1GEN_154595_source_fixed_pose_mpnn_source_id_P500K__FIXED_POSE_MPNN__9B999365EA60CCE9__9e6y__s42.pdb	1.000000	124.158862	32.079657	False		0	False	2	2	0	0	2.032356	GQGTQVTVSS	2	1
NODE1GEN_154595_source_fixed_pose_mpnn_source_id_P500K__FIXED_POSE_MPNN__9B999365EA60CCE9	7	generated_top3000	fixed_pose_mpnn	8x6b	917	/data/qlyu/projects/pvrig_top7500_dualpanel_screen_v1_20260724/run/qc397_top20_plus_top10_fusion_developability_v2_20260726/fusion_panel_common4_bundle/representative_complexes/R07__NODE1GEN_154595_source_fixed_pose_mpnn_source_id_P500K__FIXED_POSE_MPNN__9B999365EA60CCE9__8x6b__s917.pdb	1.000000	130.340009	32.894870	False		0	False	2	2	0	0	2.032280	GQGTQVTVSS	2	1
NODE1GEN_154595_source_fixed_pose_mpnn_source_id_P500K__FIXED_POSE_MPNN__9B999365EA60CCE9	7	generated_top3000	fixed_pose_mpnn	9e6y	917	/data/qlyu/projects/pvrig_top7500_dualpanel_screen_v1_20260724/run/qc397_top20_plus_top10_fusion_developability_v2_20260726/fusion_panel_common4_bundle/representative_complexes/R07__NODE1GEN_154595_source_fixed_pose_mpnn_source_id_P500K__FIXED_POSE_MPNN__9B999365EA60CCE9__9e6y__s917.pdb	1.000000	134.133545	34.699417	False		0	False	2	2	0	0	2.031781	GQGTQVTVSS	2	1
NODE1GEN_154595_source_fixed_pose_mpnn_source_id_P500K__FIXED_POSE_MPNN__9B999365EA60CCE9	7	generated_top3000	fixed_pose_mpnn	8x6b	1931	/data/qlyu/projects/pvrig_top7500_dualpanel_screen_v1_20260724/run/qc397_top20_plus_top10_fusion_developability_v2_20260726/fusion_panel_common4_bundle/representative_complexes/R07__NODE1GEN_154595_source_fixed_pose_mpnn_source_id_P500K__FIXED_POSE_MPNN__9B999365EA60CCE9__8x6b__s1931.pdb	1.000000	130.566957	33.117974	False		0	False	2	2	0	0	2.030863	GQGTQVTVSS	2	1
NODE1GEN_154595_source_fixed_pose_mpnn_source_id_P500K__FIXED_POSE_MPNN__9B999365EA60CCE9	7	generated_top3000	fixed_pose_mpnn	9e6y	1931	/data/qlyu/projects/pvrig_top7500_dualpanel_screen_v1_20260724/run/qc397_top20_plus_top10_fusion_developability_v2_20260726/fusion_panel_common4_bundle/representative_complexes/R07__NODE1GEN_154595_source_fixed_pose_mpnn_source_id_P500K__FIXED_POSE_MPNN__9B999365EA60CCE9__9e6y__s1931.pdb	1.000000	119.028516	32.503697	False		0	False	2	2	0	0	2.032719	GQGTQVTVSS	2	1
NODE1GEN_154595_source_fixed_pose_mpnn_source_id_P500K__FIXED_POSE_MPNN__9B999365EA60CCE9	7	generated_top3000	fixed_pose_mpnn	8x6b	3047	/data/qlyu/projects/pvrig_top7500_dualpanel_screen_v1_20260724/run/qc397_top20_plus_top10_fusion_developability_v2_20260726/fusion_panel_common4_bundle/representative_complexes/R07__NODE1GEN_154595_source_fixed_pose_mpnn_source_id_P500K__FIXED_POSE_MPNN__9B999365EA60CCE9__8x6b__s3047.pdb	1.000000	130.931969	32.683709	False		0	False	2	2	0	0	2.030397	GQGTQVTVSS	2	1
NODE1GEN_154595_source_fixed_pose_mpnn_source_id_P500K__FIXED_POSE_MPNN__9B999365EA60CCE9	7	generated_top3000	fixed_pose_mpnn	9e6y	3047	/data/qlyu/projects/pvrig_top7500_dualpanel_screen_v1_20260724/run/qc397_top20_plus_top10_fusion_developability_v2_20260726/fusion_panel_common4_bundle/representative_complexes/R07__NODE1GEN_154595_source_fixed_pose_mpnn_source_id_P500K__FIXED_POSE_MPNN__9B999365EA60CCE9__9e6y__s3047.pdb	1.000000	119.314526	32.321111	False		0	False	2	2	0	0	2.031592	GQGTQVTVSS	2	1
NODE1GEN_256613_source_fixed_pose_mpnn_source_id_P500K__FIXED_POSE_MPNN__0A1B353F72DFABBD	8	generated_top3000	fixed_pose_mpnn	8x6b	42	/data/qlyu/projects/pvrig_top7500_dualpanel_screen_v1_20260724/run/qc397_top20_plus_top10_fusion_developability_v2_20260726/fusion_panel_common4_bundle/representative_complexes/R08__NODE1GEN_256613_source_fixed_pose_mpnn_source_id_P500K__FIXED_POSE_MPNN__0A1B353F72DFABBD__8x6b__s42.pdb	1.000000	120.175553	27.200245	False		0	False	2	2	0	0	2.032935	GQGTQVTVSS	2	1
NODE1GEN_256613_source_fixed_pose_mpnn_source_id_P500K__FIXED_POSE_MPNN__0A1B353F72DFABBD	8	generated_top3000	fixed_pose_mpnn	9e6y	42	/data/qlyu/projects/pvrig_top7500_dualpanel_screen_v1_20260724/run/qc397_top20_plus_top10_fusion_developability_v2_20260726/fusion_panel_common4_bundle/representative_complexes/R08__NODE1GEN_256613_source_fixed_pose_mpnn_source_id_P500K__FIXED_POSE_MPNN__0A1B353F72DFABBD__9e6y__s42.pdb	1.000000	125.759797	28.552700	False		0	False	2	2	0	0	2.032841	GQGTQVTVSS	2	1
NODE1GEN_256613_source_fixed_pose_mpnn_source_id_P500K__FIXED_POSE_MPNN__0A1B353F72DFABBD	8	generated_top3000	fixed_pose_mpnn	8x6b	917	/data/qlyu/projects/pvrig_top7500_dualpanel_screen_v1_20260724/run/qc397_top20_plus_top10_fusion_developability_v2_20260726/fusion_panel_common4_bundle/representative_complexes/R08__NODE1GEN_256613_source_fixed_pose_mpnn_source_id_P500K__FIXED_POSE_MPNN__0A1B353F72DFABBD__8x6b__s917.pdb	1.000000	125.675854	28.881291	False		0	False	2	2	0	0	2.030520	GQGTQVTVSS	2	1
NODE1GEN_256613_source_fixed_pose_mpnn_source_id_P500K__FIXED_POSE_MPNN__0A1B353F72DFABBD	8	generated_top3000	fixed_pose_mpnn	9e6y	917	/data/qlyu/projects/pvrig_top7500_dualpanel_screen_v1_20260724/run/qc397_top20_plus_top10_fusion_developability_v2_20260726/fusion_panel_common4_bundle/representative_complexes/R08__NODE1GEN_256613_source_fixed_pose_mpnn_source_id_P500K__FIXED_POSE_MPNN__0A1B353F72DFABBD__9e6y__s917.pdb	1.000000	127.175608	28.306281	False		0	False	2	2	0	0	2.031577	GQGTQVTVSS	2	1
NODE1GEN_256613_source_fixed_pose_mpnn_source_id_P500K__FIXED_POSE_MPNN__0A1B353F72DFABBD	8	generated_top3000	fixed_pose_mpnn	8x6b	1931	/data/qlyu/projects/pvrig_top7500_dualpanel_screen_v1_20260724/run/qc397_top20_plus_top10_fusion_developability_v2_20260726/fusion_panel_common4_bundle/representative_complexes/R08__NODE1GEN_256613_source_fixed_pose_mpnn_source_id_P500K__FIXED_POSE_MPNN__0A1B353F72DFABBD__8x6b__s1931.pdb	1.000000	118.902747	29.089281	False		0	False	2	2	0	0	2.033749	GQGTQVTVSS	2	1
NODE1GEN_256613_source_fixed_pose_mpnn_source_id_P500K__FIXED_POSE_MPNN__0A1B353F72DFABBD	8	generated_top3000	fixed_pose_mpnn	9e6y	1931	/data/qlyu/projects/pvrig_top7500_dualpanel_screen_v1_20260724/run/qc397_top20_plus_top10_fusion_developability_v2_20260726/fusion_panel_common4_bundle/representative_complexes/R08__NODE1GEN_256613_source_fixed_pose_mpnn_source_id_P500K__FIXED_POSE_MPNN__0A1B353F72DFABBD__9e6y__s1931.pdb	1.000000	116.071125	27.437692	False		0	False	2	2	0	0	2.032915	GQGTQVTVSS	2	1
NODE1GEN_256613_source_fixed_pose_mpnn_source_id_P500K__FIXED_POSE_MPNN__0A1B353F72DFABBD	8	generated_top3000	fixed_pose_mpnn	8x6b	3047	/data/qlyu/projects/pvrig_top7500_dualpanel_screen_v1_20260724/run/qc397_top20_plus_top10_fusion_developability_v2_20260726/fusion_panel_common4_bundle/representative_complexes/R08__NODE1GEN_256613_source_fixed_pose_mpnn_source_id_P500K__FIXED_POSE_MPNN__0A1B353F72DFABBD__8x6b__s3047.pdb	1.000000	119.129696	30.095283	False		0	False	2	2	0	0	2.031736	GQGTQVTVSS	2	1
NODE1GEN_256613_source_fixed_pose_mpnn_source_id_P500K__FIXED_POSE_MPNN__0A1B353F72DFABBD	8	generated_top3000	fixed_pose_mpnn	9e6y	3047	/data/qlyu/projects/pvrig_top7500_dualpanel_screen_v1_20260724/run/qc397_top20_plus_top10_fusion_developability_v2_20260726/fusion_panel_common4_bundle/representative_complexes/R08__NODE1GEN_256613_source_fixed_pose_mpnn_source_id_P500K__FIXED_POSE_MPNN__0A1B353F72DFABBD__9e6y__s3047.pdb	1.000000	123.747083	29.317443	False		0	False	2	2	0	0	2.031665	GQGTQVTVSS	2	1
NODE1GEN_183154_source_fixed_pose_mpnn_source_id_P500K__FIXED_POSE_MPNN__E25C2338B83B903C	9	generated_top3000	fixed_pose_mpnn	8x6b	42	/data/qlyu/projects/pvrig_top7500_dualpanel_screen_v1_20260724/run/qc397_top20_plus_top10_fusion_developability_v2_20260726/fusion_panel_common4_bundle/representative_complexes/R09__NODE1GEN_183154_source_fixed_pose_mpnn_source_id_P500K__FIXED_POSE_MPNN__E25C2338B83B903C__8x6b__s42.pdb	1.000000	122.432159	32.345784	False		0	False	2	2	0	0	2.032634	GQGTQVTVSS	2	1
NODE1GEN_183154_source_fixed_pose_mpnn_source_id_P500K__FIXED_POSE_MPNN__E25C2338B83B903C	9	generated_top3000	fixed_pose_mpnn	9e6y	42	/data/qlyu/projects/pvrig_top7500_dualpanel_screen_v1_20260724/run/qc397_top20_plus_top10_fusion_developability_v2_20260726/fusion_panel_common4_bundle/representative_complexes/R09__NODE1GEN_183154_source_fixed_pose_mpnn_source_id_P500K__FIXED_POSE_MPNN__E25C2338B83B903C__9e6y__s42.pdb	1.000000	117.861833	28.723895	False		0	False	2	2	0	0	2.032173	GQGTQVTVSS	2	1
NODE1GEN_183154_source_fixed_pose_mpnn_source_id_P500K__FIXED_POSE_MPNN__E25C2338B83B903C	9	generated_top3000	fixed_pose_mpnn	8x6b	917	/data/qlyu/projects/pvrig_top7500_dualpanel_screen_v1_20260724/run/qc397_top20_plus_top10_fusion_developability_v2_20260726/fusion_panel_common4_bundle/representative_complexes/R09__NODE1GEN_183154_source_fixed_pose_mpnn_source_id_P500K__FIXED_POSE_MPNN__E25C2338B83B903C__8x6b__s917.pdb	1.000000	127.360438	29.975468	False		0	False	2	2	0	0	2.032873	GQGTQVTVSS	2	1
NODE1GEN_183154_source_fixed_pose_mpnn_source_id_P500K__FIXED_POSE_MPNN__E25C2338B83B903C	9	generated_top3000	fixed_pose_mpnn	9e6y	917	/data/qlyu/projects/pvrig_top7500_dualpanel_screen_v1_20260724/run/qc397_top20_plus_top10_fusion_developability_v2_20260726/fusion_panel_common4_bundle/representative_complexes/R09__NODE1GEN_183154_source_fixed_pose_mpnn_source_id_P500K__FIXED_POSE_MPNN__E25C2338B83B903C__9e6y__s917.pdb	1.000000	124.158862	32.038420	False		0	False	2	2	0	0	2.033309	GQGTQVTVSS	2	1
NODE1GEN_183154_source_fixed_pose_mpnn_source_id_P500K__FIXED_POSE_MPNN__E25C2338B83B903C	9	generated_top3000	fixed_pose_mpnn	8x6b	1931	/data/qlyu/projects/pvrig_top7500_dualpanel_screen_v1_20260724/run/qc397_top20_plus_top10_fusion_developability_v2_20260726/fusion_panel_common4_bundle/representative_complexes/R09__NODE1GEN_183154_source_fixed_pose_mpnn_source_id_P500K__FIXED_POSE_MPNN__E25C2338B83B903C__8x6b__s1931.pdb	1.000000	116.477961	30.249549	False		0	False	2	2	0	0	2.032611	GQGTQVTVSS	2	1
NODE1GEN_183154_source_fixed_pose_mpnn_source_id_P500K__FIXED_POSE_MPNN__E25C2338B83B903C	9	generated_top3000	fixed_pose_mpnn	9e6y	1931	/data/qlyu/projects/pvrig_top7500_dualpanel_screen_v1_20260724/run/qc397_top20_plus_top10_fusion_developability_v2_20260726/fusion_panel_common4_bundle/representative_complexes/R09__NODE1GEN_183154_source_fixed_pose_mpnn_source_id_P500K__FIXED_POSE_MPNN__E25C2338B83B903C__9e6y__s1931.pdb	1.000000	131.122035	28.801166	False		0	False	2	2	0	0	2.033549	GQGTQVTVSS	2	1
NODE1GEN_183154_source_fixed_pose_mpnn_source_id_P500K__FIXED_POSE_MPNN__E25C2338B83B903C	9	generated_top3000	fixed_pose_mpnn	8x6b	3047	/data/qlyu/projects/pvrig_top7500_dualpanel_screen_v1_20260724/run/qc397_top20_plus_top10_fusion_developability_v2_20260726/fusion_panel_common4_bundle/representative_complexes/R09__NODE1GEN_183154_source_fixed_pose_mpnn_source_id_P500K__FIXED_POSE_MPNN__E25C2338B83B903C__8x6b__s3047.pdb	1.000000	117.528761	25.953070	False		0	False	2	2	0	0	2.033319	GQGTQVTVSS	2	1
NODE1GEN_183154_source_fixed_pose_mpnn_source_id_P500K__FIXED_POSE_MPNN__E25C2338B83B903C	9	generated_top3000	fixed_pose_mpnn	9e6y	3047	/data/qlyu/projects/pvrig_top7500_dualpanel_screen_v1_20260724/run/qc397_top20_plus_top10_fusion_developability_v2_20260726/fusion_panel_common4_bundle/representative_complexes/R09__NODE1GEN_183154_source_fixed_pose_mpnn_source_id_P500K__FIXED_POSE_MPNN__E25C2338B83B903C__9e6y__s3047.pdb	1.000000	127.587387	31.824981	False		0	False	2	2	0	0	2.031662	GQGTQVTVSS	2	1
P1MCPUFP__CPUFP500K_0188__00282	10	existing_old_new7500_top200	c2_four_seed	8x6b	42	/data/qlyu/projects/pvrig_top7500_dualpanel_screen_v1_20260724/run/qc397_top20_plus_top10_fusion_developability_v2_20260726/fusion_panel_common4_bundle/representative_complexes/R10__P1MCPUFP__CPUFP500K_0188__00282__8x6b__s42.pdb	1.000000	129.373152	32.853071	False		0	False	2	2	0	0	2.032360	GQGTMVTVSS	3	2
P1MCPUFP__CPUFP500K_0188__00282	10	existing_old_new7500_top200	c2_four_seed	9e6y	42	/data/qlyu/projects/pvrig_top7500_dualpanel_screen_v1_20260724/run/qc397_top20_plus_top10_fusion_developability_v2_20260726/fusion_panel_common4_bundle/representative_complexes/R10__P1MCPUFP__CPUFP500K_0188__00282__9e6y__s42.pdb	1.000000	129.706224	36.310477	False		0	False	2	2	0	0	2.031646	GQGTMVTVSS	3	2
P1MCPUFP__CPUFP500K_0188__00282	10	existing_old_new7500_top200	c2_four_seed	8x6b	917	/data/qlyu/projects/pvrig_top7500_dualpanel_screen_v1_20260724/run/qc397_top20_plus_top10_fusion_developability_v2_20260726/fusion_panel_common4_bundle/representative_complexes/R10__P1MCPUFP__CPUFP500K_0188__00282__8x6b__s917.pdb	1.000000	128.744310	35.621118	False		0	False	2	2	0	0	2.031486	GQGTMVTVSS	3	2
P1MCPUFP__CPUFP500K_0188__00282	10	existing_old_new7500_top200	c2_four_seed	9e6y	917	/data/qlyu/projects/pvrig_top7500_dualpanel_screen_v1_20260724/run/qc397_top20_plus_top10_fusion_developability_v2_20260726/fusion_panel_common4_bundle/representative_complexes/R10__P1MCPUFP__CPUFP500K_0188__00282__9e6y__s917.pdb	1.000000	140.953712	36.704976	False		0	False	2	2	0	0	2.032868	GQGTMVTVSS	3	2
P1MCPUFP__CPUFP500K_0188__00282	10	existing_old_new7500_top200	c2_four_seed	8x6b	1931	/data/qlyu/projects/pvrig_top7500_dualpanel_screen_v1_20260724/run/qc397_top20_plus_top10_fusion_developability_v2_20260726/fusion_panel_common4_bundle/representative_complexes/R10__P1MCPUFP__CPUFP500K_0188__00282__8x6b__s1931.pdb	1.000000	133.731651	36.927487	False	50.834660	0	False	2	2	0	0	2.032331	GQGTMVTVSS	3	2
P1MCPUFP__CPUFP500K_0188__00282	10	existing_old_new7500_top200	c2_four_seed	9e6y	1931	/data/qlyu/projects/pvrig_top7500_dualpanel_screen_v1_20260724/run/qc397_top20_plus_top10_fusion_developability_v2_20260726/fusion_panel_common4_bundle/representative_complexes/R10__P1MCPUFP__CPUFP500K_0188__00282__9e6y__s1931.pdb	1.000000	133.731651	36.608816	False		0	False	2	2	0	0	2.031808	GQGTMVTVSS	3	2
P1MCPUFP__CPUFP500K_0188__00282	10	existing_old_new7500_top200	c2_four_seed	8x6b	3047	/data/qlyu/projects/pvrig_top7500_dualpanel_screen_v1_20260724/run/qc397_top20_plus_top10_fusion_developability_v2_20260726/fusion_panel_common4_bundle/representative_complexes/R10__P1MCPUFP__CPUFP500K_0188__00282__8x6b__s3047.pdb	1.000000	120.165500	35.092625	False		0	False	2	2	0	0	2.033337	GQGTMVTVSS	3	2
P1MCPUFP__CPUFP500K_0188__00282	10	existing_old_new7500_top200	c2_four_seed	9e6y	3047	/data/qlyu/projects/pvrig_top7500_dualpanel_screen_v1_20260724/run/qc397_top20_plus_top10_fusion_developability_v2_20260726/fusion_panel_common4_bundle/representative_complexes/R10__P1MCPUFP__CPUFP500K_0188__00282__9e6y__s3047.pdb	1.000000	126.114755	37.259713	False		0	False	2	2	0	0	2.032810	GQGTMVTVSS	3	2
NODE1GEN_191476_source_fixed_pose_mpnn_source_id_P500K__FIXED_POSE_MPNN__310934EF4B70CA47	11	generated_top3000	fixed_pose_mpnn	8x6b	42	/data/qlyu/projects/pvrig_top7500_dualpanel_screen_v1_20260724/run/qc397_top20_plus_top10_fusion_developability_v2_20260726/fusion_panel_common4_bundle/representative_complexes/R11__NODE1GEN_191476_source_fixed_pose_mpnn_source_id_P500K__FIXED_POSE_MPNN__310934EF4B70CA47__8x6b__s42.pdb	1.000000	115.617228	31.398106	False		0	False	2	2	0	0	2.033717	GQGTQVTVSS	2	1
NODE1GEN_191476_source_fixed_pose_mpnn_source_id_P500K__FIXED_POSE_MPNN__310934EF4B70CA47	11	generated_top3000	fixed_pose_mpnn	9e6y	42	/data/qlyu/projects/pvrig_top7500_dualpanel_screen_v1_20260724/run/qc397_top20_plus_top10_fusion_developability_v2_20260726/fusion_panel_common4_bundle/representative_complexes/R11__NODE1GEN_191476_source_fixed_pose_mpnn_source_id_P500K__FIXED_POSE_MPNN__310934EF4B70CA47__9e6y__s42.pdb	1.000000	117.037982	33.437324	False		0	False	2	2	0	0	2.032203	GQGTQVTVSS	2	1
NODE1GEN_191476_source_fixed_pose_mpnn_source_id_P500K__FIXED_POSE_MPNN__310934EF4B70CA47	11	generated_top3000	fixed_pose_mpnn	8x6b	917	/data/qlyu/projects/pvrig_top7500_dualpanel_screen_v1_20260724/run/qc397_top20_plus_top10_fusion_developability_v2_20260726/fusion_panel_common4_bundle/representative_complexes/R11__NODE1GEN_191476_source_fixed_pose_mpnn_source_id_P500K__FIXED_POSE_MPNN__310934EF4B70CA47__8x6b__s917.pdb	1.000000	116.732033	30.811903	False		0	False	2	2	0	0	2.034641	GQGTQVTVSS	2	1
NODE1GEN_191476_source_fixed_pose_mpnn_source_id_P500K__FIXED_POSE_MPNN__310934EF4B70CA47	11	generated_top3000	fixed_pose_mpnn	9e6y	917	/data/qlyu/projects/pvrig_top7500_dualpanel_screen_v1_20260724/run/qc397_top20_plus_top10_fusion_developability_v2_20260726/fusion_panel_common4_bundle/representative_complexes/R11__NODE1GEN_191476_source_fixed_pose_mpnn_source_id_P500K__FIXED_POSE_MPNN__310934EF4B70CA47__9e6y__s917.pdb	1.000000	119.193701	31.544806	False		0	False	2	2	0	0	2.034811	GQGTQVTVSS	2	1
NODE1GEN_191476_source_fixed_pose_mpnn_source_id_P500K__FIXED_POSE_MPNN__310934EF4B70CA47	11	generated_top3000	fixed_pose_mpnn	8x6b	1931	/data/qlyu/projects/pvrig_top7500_dualpanel_screen_v1_20260724/run/qc397_top20_plus_top10_fusion_developability_v2_20260726/fusion_panel_common4_bundle/representative_complexes/R11__NODE1GEN_191476_source_fixed_pose_mpnn_source_id_P500K__FIXED_POSE_MPNN__310934EF4B70CA47__8x6b__s1931.pdb	1.000000	121.058466	33.315933	False		0	False	2	2	0	0	2.033218	GQGTQVTVSS	2	1
NODE1GEN_191476_source_fixed_pose_mpnn_source_id_P500K__FIXED_POSE_MPNN__310934EF4B70CA47	11	generated_top3000	fixed_pose_mpnn	9e6y	1931	/data/qlyu/projects/pvrig_top7500_dualpanel_screen_v1_20260724/run/qc397_top20_plus_top10_fusion_developability_v2_20260726/fusion_panel_common4_bundle/representative_complexes/R11__NODE1GEN_191476_source_fixed_pose_mpnn_source_id_P500K__FIXED_POSE_MPNN__310934EF4B70CA47__9e6y__s1931.pdb	1.000000	122.474278	33.570701	False		0	False	2	2	0	0	2.035179	GQGTQVTVSS	2	1
NODE1GEN_191476_source_fixed_pose_mpnn_source_id_P500K__FIXED_POSE_MPNN__310934EF4B70CA47	11	generated_top3000	fixed_pose_mpnn	8x6b	3047	/data/qlyu/projects/pvrig_top7500_dualpanel_screen_v1_20260724/run/qc397_top20_plus_top10_fusion_developability_v2_20260726/fusion_panel_common4_bundle/representative_complexes/R11__NODE1GEN_191476_source_fixed_pose_mpnn_source_id_P500K__FIXED_POSE_MPNN__310934EF4B70CA47__8x6b__s3047.pdb	1.000000	120.323501	33.700998	False		0	False	2	2	0	0	2.031799	GQGTQVTVSS	2	1
NODE1GEN_191476_source_fixed_pose_mpnn_source_id_P500K__FIXED_POSE_MPNN__310934EF4B70CA47	11	generated_top3000	fixed_pose_mpnn	9e6y	3047	/data/qlyu/projects/pvrig_top7500_dualpanel_screen_v1_20260724/run/qc397_top20_plus_top10_fusion_developability_v2_20260726/fusion_panel_common4_bundle/representative_complexes/R11__NODE1GEN_191476_source_fixed_pose_mpnn_source_id_P500K__FIXED_POSE_MPNN__310934EF4B70CA47__9e6y__s3047.pdb	1.000000	124.629996	32.956667	False		0	False	2	2	0	0	2.034710	GQGTQVTVSS	2	1
P1MCPUFP__CPUFP500K_0090__00532	12	existing_old_new7500_top200	old_top7500	8x6b	42	/data/qlyu/projects/pvrig_top7500_dualpanel_screen_v1_20260724/run/qc397_top20_plus_top10_fusion_developability_v2_20260726/fusion_panel_common4_bundle/representative_complexes/R12__P1MCPUFP__CPUFP500K_0090__00532__8x6b__s42.pdb	1.000000	129.323389	36.661829	False	41.475157	0	False	2	2	0	0	2.031665	GQGTMVTVSS	3	2
P1MCPUFP__CPUFP500K_0090__00532	12	existing_old_new7500_top200	old_top7500	9e6y	42	/data/qlyu/projects/pvrig_top7500_dualpanel_screen_v1_20260724/run/qc397_top20_plus_top10_fusion_developability_v2_20260726/fusion_panel_common4_bundle/representative_complexes/R12__P1MCPUFP__CPUFP500K_0090__00532__9e6y__s42.pdb	1.000000	125.202018	38.214629	False	48.068133	0	False	2	2	0	0	2.031199	GQGTMVTVSS	3	2
P1MCPUFP__CPUFP500K_0090__00532	12	existing_old_new7500_top200	old_top7500	8x6b	917	/data/qlyu/projects/pvrig_top7500_dualpanel_screen_v1_20260724/run/qc397_top20_plus_top10_fusion_developability_v2_20260726/fusion_panel_common4_bundle/representative_complexes/R12__P1MCPUFP__CPUFP500K_0090__00532__8x6b__s917.pdb	1.000000	130.046354	38.220942	False		0	False	2	2	0	0	2.032787	GQGTMVTVSS	3	2
P1MCPUFP__CPUFP500K_0090__00532	12	existing_old_new7500_top200	old_top7500	9e6y	917	/data/qlyu/projects/pvrig_top7500_dualpanel_screen_v1_20260724/run/qc397_top20_plus_top10_fusion_developability_v2_20260726/fusion_panel_common4_bundle/representative_complexes/R12__P1MCPUFP__CPUFP500K_0090__00532__9e6y__s917.pdb	1.000000	122.370396	34.938708	False	45.636661	0	False	2	2	0	0	2.032812	GQGTMVTVSS	3	2
P1MCPUFP__CPUFP500K_0090__00532	12	existing_old_new7500_top200	old_top7500	8x6b	1931	/data/qlyu/projects/pvrig_top7500_dualpanel_screen_v1_20260724/run/qc397_top20_plus_top10_fusion_developability_v2_20260726/fusion_panel_common4_bundle/representative_complexes/R12__P1MCPUFP__CPUFP500K_0090__00532__8x6b__s1931.pdb	1.000000	131.753118	38.211091	False	47.977730	0	False	2	2	0	0	2.032405	GQGTMVTVSS	3	2
P1MCPUFP__CPUFP500K_0090__00532	12	existing_old_new7500_top200	old_top7500	9e6y	1931	/data/qlyu/projects/pvrig_top7500_dualpanel_screen_v1_20260724/run/qc397_top20_plus_top10_fusion_developability_v2_20260726/fusion_panel_common4_bundle/representative_complexes/R12__P1MCPUFP__CPUFP500K_0090__00532__9e6y__s1931.pdb	1.000000	126.987783	34.576289	False	38.706180	0	False	2	2	0	0	2.032081	GQGTMVTVSS	3	2
P1MCPUFP__CPUFP500K_0090__00532	12	existing_old_new7500_top200	old_top7500	8x6b	3047	/data/qlyu/projects/pvrig_top7500_dualpanel_screen_v1_20260724/run/qc397_top20_plus_top10_fusion_developability_v2_20260726/fusion_panel_common4_bundle/representative_complexes/R12__P1MCPUFP__CPUFP500K_0090__00532__8x6b__s3047.pdb	1.000000	122.962355	35.162396	False	39.551867	0	False	2	2	0	0	2.032224	GQGTMVTVSS	3	2
P1MCPUFP__CPUFP500K_0090__00532	12	existing_old_new7500_top200	old_top7500	9e6y	3047	/data/qlyu/projects/pvrig_top7500_dualpanel_screen_v1_20260724/run/qc397_top20_plus_top10_fusion_developability_v2_20260726/fusion_panel_common4_bundle/representative_complexes/R12__P1MCPUFP__CPUFP500K_0090__00532__9e6y__s3047.pdb	1.000000	125.571972	35.511666	False	39.872568	0	False	2	2	0	0	2.031849	GQGTMVTVSS	3	2
NODE1GEN_177961_source_fixed_pose_mpnn_source_id_P500K__FIXED_POSE_MPNN__8431DA62B813A913	13	generated_top3000	fixed_pose_mpnn	8x6b	42	/data/qlyu/projects/pvrig_top7500_dualpanel_screen_v1_20260724/run/qc397_top20_plus_top10_fusion_developability_v2_20260726/fusion_panel_common4_bundle/representative_complexes/R13__NODE1GEN_177961_source_fixed_pose_mpnn_source_id_P500K__FIXED_POSE_MPNN__8431DA62B813A913__8x6b__s42.pdb	1.000000	136.306501	37.209045	False		0	False	2	2	0	0	2.032019	GQGTMVTVSS	3	2
NODE1GEN_177961_source_fixed_pose_mpnn_source_id_P500K__FIXED_POSE_MPNN__8431DA62B813A913	13	generated_top3000	fixed_pose_mpnn	9e6y	42	/data/qlyu/projects/pvrig_top7500_dualpanel_screen_v1_20260724/run/qc397_top20_plus_top10_fusion_developability_v2_20260726/fusion_panel_common4_bundle/representative_complexes/R13__NODE1GEN_177961_source_fixed_pose_mpnn_source_id_P500K__FIXED_POSE_MPNN__8431DA62B813A913__9e6y__s42.pdb	1.000000	140.701882	30.926797	False		0	False	2	2	0	0	2.031277	GQGTMVTVSS	3	2
NODE1GEN_177961_source_fixed_pose_mpnn_source_id_P500K__FIXED_POSE_MPNN__8431DA62B813A913	13	generated_top3000	fixed_pose_mpnn	8x6b	917	/data/qlyu/projects/pvrig_top7500_dualpanel_screen_v1_20260724/run/qc397_top20_plus_top10_fusion_developability_v2_20260726/fusion_panel_common4_bundle/representative_complexes/R13__NODE1GEN_177961_source_fixed_pose_mpnn_source_id_P500K__FIXED_POSE_MPNN__8431DA62B813A913__8x6b__s917.pdb	1.000000	128.033640	37.617895	False		0	False	2	2	0	0	2.031627	GQGTMVTVSS	3	2
NODE1GEN_177961_source_fixed_pose_mpnn_source_id_P500K__FIXED_POSE_MPNN__8431DA62B813A913	13	generated_top3000	fixed_pose_mpnn	9e6y	917	/data/qlyu/projects/pvrig_top7500_dualpanel_screen_v1_20260724/run/qc397_top20_plus_top10_fusion_developability_v2_20260726/fusion_panel_common4_bundle/representative_complexes/R13__NODE1GEN_177961_source_fixed_pose_mpnn_source_id_P500K__FIXED_POSE_MPNN__8431DA62B813A913__9e6y__s917.pdb	1.000000	137.722312	30.209704	False		0	False	2	2	0	0	2.030919	GQGTMVTVSS	3	2
NODE1GEN_177961_source_fixed_pose_mpnn_source_id_P500K__FIXED_POSE_MPNN__8431DA62B813A913	13	generated_top3000	fixed_pose_mpnn	8x6b	1931	/data/qlyu/projects/pvrig_top7500_dualpanel_screen_v1_20260724/run/qc397_top20_plus_top10_fusion_developability_v2_20260726/fusion_panel_common4_bundle/representative_complexes/R13__NODE1GEN_177961_source_fixed_pose_mpnn_source_id_P500K__FIXED_POSE_MPNN__8431DA62B813A913__8x6b__s1931.pdb	1.000000	138.319214	36.942917	False		0	False	2	2	0	0	2.031430	GQGTMVTVSS	3	2
NODE1GEN_177961_source_fixed_pose_mpnn_source_id_P500K__FIXED_POSE_MPNN__8431DA62B813A913	13	generated_top3000	fixed_pose_mpnn	9e6y	1931	/data/qlyu/projects/pvrig_top7500_dualpanel_screen_v1_20260724/run/qc397_top20_plus_top10_fusion_developability_v2_20260726/fusion_panel_common4_bundle/representative_complexes/R13__NODE1GEN_177961_source_fixed_pose_mpnn_source_id_P500K__FIXED_POSE_MPNN__8431DA62B813A913__9e6y__s1931.pdb	1.000000	128.487537	37.624134	False		0	False	2	2	0	0	2.030328	GQGTMVTVSS	3	2
NODE1GEN_177961_source_fixed_pose_mpnn_source_id_P500K__FIXED_POSE_MPNN__8431DA62B813A913	13	generated_top3000	fixed_pose_mpnn	8x6b	3047	/data/qlyu/projects/pvrig_top7500_dualpanel_screen_v1_20260724/run/qc397_top20_plus_top10_fusion_developability_v2_20260726/fusion_panel_common4_bundle/representative_complexes/R13__NODE1GEN_177961_source_fixed_pose_mpnn_source_id_P500K__FIXED_POSE_MPNN__8431DA62B813A913__8x6b__s3047.pdb	1.000000	141.890744	36.668287	False		0	False	2	2	0	0	2.031620	GQGTMVTVSS	3	2
NODE1GEN_177961_source_fixed_pose_mpnn_source_id_P500K__FIXED_POSE_MPNN__8431DA62B813A913	13	generated_top3000	fixed_pose_mpnn	9e6y	3047	/data/qlyu/projects/pvrig_top7500_dualpanel_screen_v1_20260724/run/qc397_top20_plus_top10_fusion_developability_v2_20260726/fusion_panel_common4_bundle/representative_complexes/R13__NODE1GEN_177961_source_fixed_pose_mpnn_source_id_P500K__FIXED_POSE_MPNN__8431DA62B813A913__9e6y__s3047.pdb	1.000000	142.344642	33.323808	False		0	False	2	2	0	0	2.031146	GQGTMVTVSS	3	2
P1MCPUFP__CPUFP500K_0100__00188	14	existing_old_new7500_top200	old_top7500	8x6b	42	/data/qlyu/projects/pvrig_top7500_dualpanel_screen_v1_20260724/run/qc397_top20_plus_top10_fusion_developability_v2_20260726/fusion_panel_common4_bundle/representative_complexes/R14__P1MCPUFP__CPUFP500K_0100__00188__8x6b__s42.pdb	1.000000	114.966206	36.766495	False		0	False	2	2	0	0	2.031780	GQGTQVTVSS	2	1
P1MCPUFP__CPUFP500K_0100__00188	14	existing_old_new7500_top200	old_top7500	9e6y	42	/data/qlyu/projects/pvrig_top7500_dualpanel_screen_v1_20260724/run/qc397_top20_plus_top10_fusion_developability_v2_20260726/fusion_panel_common4_bundle/representative_complexes/R14__P1MCPUFP__CPUFP500K_0100__00188__9e6y__s42.pdb	1.000000	118.633680	30.323480	False		0	False	2	2	0	0	2.031516	GQGTQVTVSS	2	1
P1MCPUFP__CPUFP500K_0100__00188	14	existing_old_new7500_top200	old_top7500	8x6b	917	/data/qlyu/projects/pvrig_top7500_dualpanel_screen_v1_20260724/run/qc397_top20_plus_top10_fusion_developability_v2_20260726/fusion_panel_common4_bundle/representative_complexes/R14__P1MCPUFP__CPUFP500K_0100__00188__8x6b__s917.pdb	1.000000	124.945831	32.856062	False		0	False	2	2	0	0	2.030625	GQGTQVTVSS	2	1
P1MCPUFP__CPUFP500K_0100__00188	14	existing_old_new7500_top200	old_top7500	9e6y	917	/data/qlyu/projects/pvrig_top7500_dualpanel_screen_v1_20260724/run/qc397_top20_plus_top10_fusion_developability_v2_20260726/fusion_panel_common4_bundle/representative_complexes/R14__P1MCPUFP__CPUFP500K_0100__00188__9e6y__s917.pdb	1.000000	119.541475	33.951467	False		0	False	2	2	0	0	2.032381	GQGTQVTVSS	2	1
P1MCPUFP__CPUFP500K_0100__00188	14	existing_old_new7500_top200	old_top7500	8x6b	1931	/data/qlyu/projects/pvrig_top7500_dualpanel_screen_v1_20260724/run/qc397_top20_plus_top10_fusion_developability_v2_20260726/fusion_panel_common4_bundle/representative_complexes/R14__P1MCPUFP__CPUFP500K_0100__00188__8x6b__s1931.pdb	1.000000	120.693455	34.406770	False		0	False	2	2	0	0	2.030951	GQGTQVTVSS	2	1
P1MCPUFP__CPUFP500K_0100__00188	14	existing_old_new7500_top200	old_top7500	9e6y	1931	/data/qlyu/projects/pvrig_top7500_dualpanel_screen_v1_20260724/run/qc397_top20_plus_top10_fusion_developability_v2_20260726/fusion_panel_common4_bundle/representative_complexes/R14__P1MCPUFP__CPUFP500K_0100__00188__9e6y__s1931.pdb	1.000000	132.717734	31.146184	False		0	False	2	2	0	0	2.031933	GQGTQVTVSS	2	1
P1MCPUFP__CPUFP500K_0100__00188	14	existing_old_new7500_top200	old_top7500	8x6b	3047	/data/qlyu/projects/pvrig_top7500_dualpanel_screen_v1_20260724/run/qc397_top20_plus_top10_fusion_developability_v2_20260726/fusion_panel_common4_bundle/representative_complexes/R14__P1MCPUFP__CPUFP500K_0100__00188__8x6b__s3047.pdb	1.000000	127.814336	36.730585	False		0	False	2	2	0	0	2.029643	GQGTQVTVSS	2	1
P1MCPUFP__CPUFP500K_0100__00188	14	existing_old_new7500_top200	old_top7500	9e6y	3047	/data/qlyu/projects/pvrig_top7500_dualpanel_screen_v1_20260724/run/qc397_top20_plus_top10_fusion_developability_v2_20260726/fusion_panel_common4_bundle/representative_complexes/R14__P1MCPUFP__CPUFP500K_0100__00188__9e6y__s3047.pdb	1.000000	126.398525	33.979734	False		0	False	2	2	0	0	2.029560	GQGTQVTVSS	2	1
NODE1GEN_206644_source_fixed_pose_mpnn_source_id_P500K__FIXED_POSE_MPNN__53F648E960398F2F	15	generated_top3000	fixed_pose_mpnn	8x6b	42	/data/qlyu/projects/pvrig_top7500_dualpanel_screen_v1_20260724/run/qc397_top20_plus_top10_fusion_developability_v2_20260726/fusion_panel_common4_bundle/representative_complexes/R15__NODE1GEN_206644_source_fixed_pose_mpnn_source_id_P500K__FIXED_POSE_MPNN__53F648E960398F2F__8x6b__s42.pdb	1.000000	117.264930	32.920137	False		0	False	2	2	0	0	2.032478	GQGTQVTVSS	2	1
NODE1GEN_206644_source_fixed_pose_mpnn_source_id_P500K__FIXED_POSE_MPNN__53F648E960398F2F	15	generated_top3000	fixed_pose_mpnn	9e6y	42	/data/qlyu/projects/pvrig_top7500_dualpanel_screen_v1_20260724/run/qc397_top20_plus_top10_fusion_developability_v2_20260726/fusion_panel_common4_bundle/representative_complexes/R15__NODE1GEN_206644_source_fixed_pose_mpnn_source_id_P500K__FIXED_POSE_MPNN__53F648E960398F2F__9e6y__s42.pdb	1.000000	121.882318	25.804683	False		0	False	2	2	0	0	2.032136	GQGTQVTVSS	2	1
NODE1GEN_206644_source_fixed_pose_mpnn_source_id_P500K__FIXED_POSE_MPNN__53F648E960398F2F	15	generated_top3000	fixed_pose_mpnn	8x6b	917	/data/qlyu/projects/pvrig_top7500_dualpanel_screen_v1_20260724/run/qc397_top20_plus_top10_fusion_developability_v2_20260726/fusion_panel_common4_bundle/representative_complexes/R15__NODE1GEN_206644_source_fixed_pose_mpnn_source_id_P500K__FIXED_POSE_MPNN__53F648E960398F2F__8x6b__s917.pdb	1.000000	115.252217	33.019871	False		0	False	2	2	0	0	2.033377	GQGTQVTVSS	2	1
NODE1GEN_206644_source_fixed_pose_mpnn_source_id_P500K__FIXED_POSE_MPNN__53F648E960398F2F	15	generated_top3000	fixed_pose_mpnn	9e6y	917	/data/qlyu/projects/pvrig_top7500_dualpanel_screen_v1_20260724/run/qc397_top20_plus_top10_fusion_developability_v2_20260726/fusion_panel_common4_bundle/representative_complexes/R15__NODE1GEN_206644_source_fixed_pose_mpnn_source_id_P500K__FIXED_POSE_MPNN__53F648E960398F2F__9e6y__s917.pdb	1.000000	120.239558	27.060557	False		0	False	2	2	0	0	2.033098	GQGTQVTVSS	2	1
NODE1GEN_206644_source_fixed_pose_mpnn_source_id_P500K__FIXED_POSE_MPNN__53F648E960398F2F	15	generated_top3000	fixed_pose_mpnn	8x6b	1931	/data/qlyu/projects/pvrig_top7500_dualpanel_screen_v1_20260724/run/qc397_top20_plus_top10_fusion_developability_v2_20260726/fusion_panel_common4_bundle/representative_complexes/R15__NODE1GEN_206644_source_fixed_pose_mpnn_source_id_P500K__FIXED_POSE_MPNN__53F648E960398F2F__8x6b__s1931.pdb	1.000000	111.591801	30.202939	False		0	False	2	2	0	0	2.034096	GQGTQVTVSS	2	1
NODE1GEN_206644_source_fixed_pose_mpnn_source_id_P500K__FIXED_POSE_MPNN__53F648E960398F2F	15	generated_top3000	fixed_pose_mpnn	9e6y	1931	/data/qlyu/projects/pvrig_top7500_dualpanel_screen_v1_20260724/run/qc397_top20_plus_top10_fusion_developability_v2_20260726/fusion_panel_common4_bundle/representative_complexes/R15__NODE1GEN_206644_source_fixed_pose_mpnn_source_id_P500K__FIXED_POSE_MPNN__53F648E960398F2F__9e6y__s1931.pdb	1.000000	119.045753	30.016816	False		0	False	2	2	0	0	2.033763	GQGTQVTVSS	2	1
NODE1GEN_206644_source_fixed_pose_mpnn_source_id_P500K__FIXED_POSE_MPNN__53F648E960398F2F	15	generated_top3000	fixed_pose_mpnn	8x6b	3047	/data/qlyu/projects/pvrig_top7500_dualpanel_screen_v1_20260724/run/qc397_top20_plus_top10_fusion_developability_v2_20260726/fusion_panel_common4_bundle/representative_complexes/R15__NODE1GEN_206644_source_fixed_pose_mpnn_source_id_P500K__FIXED_POSE_MPNN__53F648E960398F2F__8x6b__s3047.pdb	1.000000	118.226844	25.925279	False		0	False	2	2	0	0	2.031740	GQGTQVTVSS	2	1
NODE1GEN_206644_source_fixed_pose_mpnn_source_id_P500K__FIXED_POSE_MPNN__53F648E960398F2F	15	generated_top3000	fixed_pose_mpnn	9e6y	3047	/data/qlyu/projects/pvrig_top7500_dualpanel_screen_v1_20260724/run/qc397_top20_plus_top10_fusion_developability_v2_20260726/fusion_panel_common4_bundle/representative_complexes/R15__NODE1GEN_206644_source_fixed_pose_mpnn_source_id_P500K__FIXED_POSE_MPNN__53F648E960398F2F__9e6y__s3047.pdb	1.000000	120.693455	26.598949	False		0	False	2	2	0	0	2.032515	GQGTQVTVSS	2	1
P1MCPUFP__CPUFP500K_0002__00919	16	existing_old_new7500_top200	c2_four_seed	8x6b	42	/data/qlyu/projects/pvrig_top7500_dualpanel_screen_v1_20260724/run/qc397_top20_plus_top10_fusion_developability_v2_20260726/fusion_panel_common4_bundle/representative_complexes/R16__P1MCPUFP__CPUFP500K_0002__00919__8x6b__s42.pdb	1.000000	112.706605	34.144326	False		0	False	2	2	0	0	2.033097	GQGTQVTVSS	2	1
P1MCPUFP__CPUFP500K_0002__00919	16	existing_old_new7500_top200	c2_four_seed	9e6y	42	/data/qlyu/projects/pvrig_top7500_dualpanel_screen_v1_20260724/run/qc397_top20_plus_top10_fusion_developability_v2_20260726/fusion_panel_common4_bundle/representative_complexes/R16__P1MCPUFP__CPUFP500K_0002__00919__9e6y__s42.pdb	1.000000	116.727090	29.653796	False		0	False	2	2	0	0	2.032710	GQGTQVTVSS	2	1
P1MCPUFP__CPUFP500K_0002__00919	16	existing_old_new7500_top200	c2_four_seed	8x6b	917	/data/qlyu/projects/pvrig_top7500_dualpanel_screen_v1_20260724/run/qc397_top20_plus_top10_fusion_developability_v2_20260726/fusion_panel_common4_bundle/representative_complexes/R16__P1MCPUFP__CPUFP500K_0002__00919__8x6b__s917.pdb	1.000000	121.719374	28.975929	False		0	False	2	2	0	0	2.032753	GQGTQVTVSS	2	1
P1MCPUFP__CPUFP500K_0002__00919	16	existing_old_new7500_top200	c2_four_seed	9e6y	917	/data/qlyu/projects/pvrig_top7500_dualpanel_screen_v1_20260724/run/qc397_top20_plus_top10_fusion_developability_v2_20260726/fusion_panel_common4_bundle/representative_complexes/R16__P1MCPUFP__CPUFP500K_0002__00919__9e6y__s917.pdb	1.000000	118.818804	28.826784	False		0	False	2	2	0	0	2.033268	GQGTQVTVSS	2	1
P1MCPUFP__CPUFP500K_0002__00919	16	existing_old_new7500_top200	c2_four_seed	8x6b	1931	/data/qlyu/projects/pvrig_top7500_dualpanel_screen_v1_20260724/run/qc397_top20_plus_top10_fusion_developability_v2_20260726/fusion_panel_common4_bundle/representative_complexes/R16__P1MCPUFP__CPUFP500K_0002__00919__8x6b__s1931.pdb	1.000000	126.420704	33.885522	False		0	False	2	2	0	0	2.033173	GQGTQVTVSS	2	1
P1MCPUFP__CPUFP500K_0002__00919	16	existing_old_new7500_top200	c2_four_seed	9e6y	1931	/data/qlyu/projects/pvrig_top7500_dualpanel_screen_v1_20260724/run/qc397_top20_plus_top10_fusion_developability_v2_20260726/fusion_panel_common4_bundle/representative_complexes/R16__P1MCPUFP__CPUFP500K_0002__00919__9e6y__s1931.pdb	1.000000	115.913124	29.024447	False		0	False	2	2	0	0	2.033816	GQGTQVTVSS	2	1
P1MCPUFP__CPUFP500K_0002__00919	16	existing_old_new7500_top200	c2_four_seed	8x6b	3047	/data/qlyu/projects/pvrig_top7500_dualpanel_screen_v1_20260724/run/qc397_top20_plus_top10_fusion_developability_v2_20260726/fusion_panel_common4_bundle/representative_complexes/R16__P1MCPUFP__CPUFP500K_0002__00919__8x6b__s3047.pdb	1.000000	118.226844	28.901167	False		0	False	2	2	0	0	2.032792	GQGTQVTVSS	2	1
P1MCPUFP__CPUFP500K_0002__00919	16	existing_old_new7500_top200	c2_four_seed	9e6y	3047	/data/qlyu/projects/pvrig_top7500_dualpanel_screen_v1_20260724/run/qc397_top20_plus_top10_fusion_developability_v2_20260726/fusion_panel_common4_bundle/representative_complexes/R16__P1MCPUFP__CPUFP500K_0002__00919__9e6y__s3047.pdb	1.000000	122.992180	33.677871	False		0	False	2	2	0	0	2.033185	GQGTQVTVSS	2	1
P1MCPUFP__CPUFP500K_0287__00804	17	existing_old_new7500_top200	c2_four_seed	8x6b	42	/data/qlyu/projects/pvrig_top7500_dualpanel_screen_v1_20260724/run/qc397_top20_plus_top10_fusion_developability_v2_20260726/fusion_panel_common4_bundle/representative_complexes/R17__P1MCPUFP__CPUFP500K_0287__00804__8x6b__s42.pdb	1.000000	120.096553	36.228878	False	42.332044	0	False	2	2	0	0	2.031344	GQGTMVTVSS	3	2
P1MCPUFP__CPUFP500K_0287__00804	17	existing_old_new7500_top200	c2_four_seed	9e6y	42	/data/qlyu/projects/pvrig_top7500_dualpanel_screen_v1_20260724/run/qc397_top20_plus_top10_fusion_developability_v2_20260726/fusion_panel_common4_bundle/representative_complexes/R17__P1MCPUFP__CPUFP500K_0287__00804__9e6y__s42.pdb	1.000000	136.114319	27.586094	False		0	False	2	2	0	0	2.031897	GQGTMVTVSS	3	2
P1MCPUFP__CPUFP500K_0287__00804	17	existing_old_new7500_top200	c2_four_seed	8x6b	917	/data/qlyu/projects/pvrig_top7500_dualpanel_screen_v1_20260724/run/qc397_top20_plus_top10_fusion_developability_v2_20260726/fusion_panel_common4_bundle/representative_complexes/R17__P1MCPUFP__CPUFP500K_0287__00804__8x6b__s917.pdb	1.000000	129.316331	26.060105	False		0	False	2	2	0	0	2.031614	GQGTMVTVSS	3	2
P1MCPUFP__CPUFP500K_0287__00804	17	existing_old_new7500_top200	c2_four_seed	9e6y	917	/data/qlyu/projects/pvrig_top7500_dualpanel_screen_v1_20260724/run/qc397_top20_plus_top10_fusion_developability_v2_20260726/fusion_panel_common4_bundle/representative_complexes/R17__P1MCPUFP__CPUFP500K_0287__00804__9e6y__s917.pdb	1.000000	126.938606	25.983842	False		0	False	2	2	0	0	2.032634	GQGTMVTVSS	3	2
P1MCPUFP__CPUFP500K_0287__00804	17	existing_old_new7500_top200	c2_four_seed	8x6b	1931	/data/qlyu/projects/pvrig_top7500_dualpanel_screen_v1_20260724/run/qc397_top20_plus_top10_fusion_developability_v2_20260726/fusion_panel_common4_bundle/representative_complexes/R17__P1MCPUFP__CPUFP500K_0287__00804__8x6b__s1931.pdb	1.000000	128.739367	26.892355	False		0	False	2	2	0	0	2.032894	GQGTMVTVSS	3	2
P1MCPUFP__CPUFP500K_0287__00804	17	existing_old_new7500_top200	c2_four_seed	9e6y	1931	/data/qlyu/projects/pvrig_top7500_dualpanel_screen_v1_20260724/run/qc397_top20_plus_top10_fusion_developability_v2_20260726/fusion_panel_common4_bundle/representative_complexes/R17__P1MCPUFP__CPUFP500K_0287__00804__9e6y__s1931.pdb	1.000000	124.634939	26.689211	False		0	False	2	2	0	0	2.033460	GQGTMVTVSS	3	2
P1MCPUFP__CPUFP500K_0287__00804	17	existing_old_new7500_top200	c2_four_seed	8x6b	3047	/data/qlyu/projects/pvrig_top7500_dualpanel_screen_v1_20260724/run/qc397_top20_plus_top10_fusion_developability_v2_20260726/fusion_panel_common4_bundle/representative_complexes/R17__P1MCPUFP__CPUFP500K_0287__00804__8x6b__s3047.pdb	1.000000	123.752026	41.778946	False	51.148059	0	False	2	2	0	0	2.032995	GQGTMVTVSS	3	2
P1MCPUFP__CPUFP500K_0287__00804	17	existing_old_new7500_top200	c2_four_seed	9e6y	3047	/data/qlyu/projects/pvrig_top7500_dualpanel_screen_v1_20260724/run/qc397_top20_plus_top10_fusion_developability_v2_20260726/fusion_panel_common4_bundle/representative_complexes/R17__P1MCPUFP__CPUFP500K_0287__00804__9e6y__s3047.pdb	1.000000	124.977771	28.691412	False		0	False	2	2	0	0	2.034318	GQGTMVTVSS	3	2
NODE1GEN_127352_source_rfantibody_source_id_PVRIG_RFAb_v2_P6_ekg_L_bb203_mpn04_arm_P6_ekg_L_backbone_P6_ekg_L_bb203_status_NEEDS_RF2_AND_DOCKING	18	generated_top3000	rfantibody	8x6b	42	/data/qlyu/projects/pvrig_top7500_dualpanel_screen_v1_20260724/run/qc397_top20_plus_top10_fusion_developability_v2_20260726/fusion_panel_common4_bundle/representative_complexes/R18__NODE1GEN_127352__8x6b__s42.pdb	1.000000	129.227445	31.951757	False		0	False	2	2	0	0	2.033233	GQGTLVTVSS	3	2
NODE1GEN_127352_source_rfantibody_source_id_PVRIG_RFAb_v2_P6_ekg_L_bb203_mpn04_arm_P6_ekg_L_backbone_P6_ekg_L_bb203_status_NEEDS_RF2_AND_DOCKING	18	generated_top3000	rfantibody	9e6y	42	/data/qlyu/projects/pvrig_top7500_dualpanel_screen_v1_20260724/run/qc397_top20_plus_top10_fusion_developability_v2_20260726/fusion_panel_common4_bundle/representative_complexes/R18__NODE1GEN_127352__9e6y__s42.pdb	1.000000	126.474823	32.053192	False		0	False	2	2	0	0	2.032632	GQGTLVTVSS	3	2
NODE1GEN_127352_source_rfantibody_source_id_PVRIG_RFAb_v2_P6_ekg_L_bb203_mpn04_arm_P6_ekg_L_backbone_P6_ekg_L_bb203_status_NEEDS_RF2_AND_DOCKING	18	generated_top3000	rfantibody	8x6b	917	/data/qlyu/projects/pvrig_top7500_dualpanel_screen_v1_20260724/run/qc397_top20_plus_top10_fusion_developability_v2_20260726/fusion_panel_common4_bundle/representative_complexes/R18__NODE1GEN_127352__8x6b__s917.pdb	1.000000	131.832119	31.418242	False		0	False	2	2	0	0	2.032484	GQGTLVTVSS	3	2
NODE1GEN_127352_source_rfantibody_source_id_PVRIG_RFAb_v2_P6_ekg_L_bb203_mpn04_arm_P6_ekg_L_backbone_P6_ekg_L_bb203_status_NEEDS_RF2_AND_DOCKING	18	generated_top3000	rfantibody	9e6y	917	/data/qlyu/projects/pvrig_top7500_dualpanel_screen_v1_20260724/run/qc397_top20_plus_top10_fusion_developability_v2_20260726/fusion_panel_common4_bundle/representative_complexes/R18__NODE1GEN_127352__9e6y__s917.pdb	1.000000	121.260534	31.863467	False		0	False	2	2	0	0	2.034050	GQGTLVTVSS	3	2
NODE1GEN_127352_source_rfantibody_source_id_PVRIG_RFAb_v2_P6_ekg_L_bb203_mpn04_arm_P6_ekg_L_backbone_P6_ekg_L_bb203_status_NEEDS_RF2_AND_DOCKING	18	generated_top3000	rfantibody	8x6b	1931	/data/qlyu/projects/pvrig_top7500_dualpanel_screen_v1_20260724/run/qc397_top20_plus_top10_fusion_developability_v2_20260726/fusion_panel_common4_bundle/representative_complexes/R18__NODE1GEN_127352__8x6b__s1931.pdb	1.000000	130.194302	31.572694	False	48.884306	0	False	2	2	0	0	2.033497	GQGTLVTVSS	3	2
NODE1GEN_127352_source_rfantibody_source_id_PVRIG_RFAb_v2_P6_ekg_L_bb203_mpn04_arm_P6_ekg_L_backbone_P6_ekg_L_bb203_status_NEEDS_RF2_AND_DOCKING	18	generated_top3000	rfantibody	9e6y	1931	/data/qlyu/projects/pvrig_top7500_dualpanel_screen_v1_20260724/run/qc397_top20_plus_top10_fusion_developability_v2_20260726/fusion_panel_common4_bundle/representative_complexes/R18__NODE1GEN_127352__9e6y__s1931.pdb	1.000000	117.605060	32.080925	False	49.888076	0	False	2	2	0	0	2.033839	GQGTLVTVSS	3	2
NODE1GEN_127352_source_rfantibody_source_id_PVRIG_RFAb_v2_P6_ekg_L_bb203_mpn04_arm_P6_ekg_L_backbone_P6_ekg_L_bb203_status_NEEDS_RF2_AND_DOCKING	18	generated_top3000	rfantibody	8x6b	3047	/data/qlyu/projects/pvrig_top7500_dualpanel_screen_v1_20260724/run/qc397_top20_plus_top10_fusion_developability_v2_20260726/fusion_panel_common4_bundle/representative_complexes/R18__NODE1GEN_127352__8x6b__s3047.pdb	1.000000	129.513456	27.866355	False	44.436431	0	False	2	2	0	0	2.032905	GQGTLVTVSS	3	2
NODE1GEN_127352_source_rfantibody_source_id_PVRIG_RFAb_v2_P6_ekg_L_bb203_mpn04_arm_P6_ekg_L_backbone_P6_ekg_L_bb203_status_NEEDS_RF2_AND_DOCKING	18	generated_top3000	rfantibody	9e6y	3047	/data/qlyu/projects/pvrig_top7500_dualpanel_screen_v1_20260724/run/qc397_top20_plus_top10_fusion_developability_v2_20260726/fusion_panel_common4_bundle/representative_complexes/R18__NODE1GEN_127352__9e6y__s3047.pdb	1.000000	129.370450	33.347831	False	49.141192	0	False	2	2	0	0	2.033348	GQGTLVTVSS	3	2
P1MCPUFP__CPUFP500K_0089__00735	19	existing_old_new7500_top200	c2_four_seed	8x6b	42	/data/qlyu/projects/pvrig_top7500_dualpanel_screen_v1_20260724/run/qc397_top20_plus_top10_fusion_developability_v2_20260726/fusion_panel_common4_bundle/representative_complexes/R19__P1MCPUFP__CPUFP500K_0089__00735__8x6b__s42.pdb	1.000000	129.849229	33.598958	False		0	False	2	2	0	0	2.031545	GQGTMVTVSS	3	2
P1MCPUFP__CPUFP500K_0089__00735	19	existing_old_new7500_top200	c2_four_seed	9e6y	42	/data/qlyu/projects/pvrig_top7500_dualpanel_screen_v1_20260724/run/qc397_top20_plus_top10_fusion_developability_v2_20260726/fusion_panel_common4_bundle/representative_complexes/R19__P1MCPUFP__CPUFP500K_0089__00735__9e6y__s42.pdb	1.000000	127.397446	34.982586	False		0	False	2	2	0	0	2.032500	GQGTMVTVSS	3	2
P1MCPUFP__CPUFP500K_0089__00735	19	existing_old_new7500_top200	c2_four_seed	8x6b	917	/data/qlyu/projects/pvrig_top7500_dualpanel_screen_v1_20260724/run/qc397_top20_plus_top10_fusion_developability_v2_20260726/fusion_panel_common4_bundle/representative_complexes/R19__P1MCPUFP__CPUFP500K_0089__00735__8x6b__s917.pdb	1.000000	128.517361	31.480961	False		0	False	2	2	0	0	2.031792	GQGTMVTVSS	3	2
P1MCPUFP__CPUFP500K_0089__00735	19	existing_old_new7500_top200	c2_four_seed	9e6y	917	/data/qlyu/projects/pvrig_top7500_dualpanel_screen_v1_20260724/run/qc397_top20_plus_top10_fusion_developability_v2_20260726/fusion_panel_common4_bundle/representative_complexes/R19__P1MCPUFP__CPUFP500K_0089__00735__9e6y__s917.pdb	1.000000	129.706224	32.032456	False		0	False	2	2	0	0	2.031454	GQGTMVTVSS	3	2
P1MCPUFP__CPUFP500K_0089__00735	19	existing_old_new7500_top200	c2_four_seed	8x6b	1931	/data/qlyu/projects/pvrig_top7500_dualpanel_screen_v1_20260724/run/qc397_top20_plus_top10_fusion_developability_v2_20260726/fusion_panel_common4_bundle/representative_complexes/R19__P1MCPUFP__CPUFP500K_0089__00735__8x6b__s1931.pdb	1.000000	124.392995	33.295735	False		0	False	2	2	0	0	2.032064	GQGTMVTVSS	3	2
P1MCPUFP__CPUFP500K_0089__00735	19	existing_old_new7500_top200	c2_four_seed	9e6y	1931	/data/qlyu/projects/pvrig_top7500_dualpanel_screen_v1_20260724/run/qc397_top20_plus_top10_fusion_developability_v2_20260726/fusion_panel_common4_bundle/representative_complexes/R19__P1MCPUFP__CPUFP500K_0089__00735__9e6y__s1931.pdb	1.000000	129.242273	33.458690	False		0	False	2	2	0	0	2.032371	GQGTMVTVSS	3	2
P1MCPUFP__CPUFP500K_0089__00735	19	existing_old_new7500_top200	c2_four_seed	8x6b	3047	/data/qlyu/projects/pvrig_top7500_dualpanel_screen_v1_20260724/run/qc397_top20_plus_top10_fusion_developability_v2_20260726/fusion_panel_common4_bundle/representative_complexes/R19__P1MCPUFP__CPUFP500K_0089__00735__8x6b__s3047.pdb	1.000000	122.242219	33.341704	False		0	False	2	2	0	0	2.030505	GQGTMVTVSS	3	2
P1MCPUFP__CPUFP500K_0089__00735	19	existing_old_new7500_top200	c2_four_seed	9e6y	3047	/data/qlyu/projects/pvrig_top7500_dualpanel_screen_v1_20260724/run/qc397_top20_plus_top10_fusion_developability_v2_20260726/fusion_panel_common4_bundle/representative_complexes/R19__P1MCPUFP__CPUFP500K_0089__00735__9e6y__s3047.pdb	1.000000	121.275362	35.497274	False		0	False	2	2	0	0	2.031374	GQGTMVTVSS	3	2
NODE1GEN_258472_source_fixed_pose_mpnn_source_id_P500K__FIXED_POSE_MPNN__2E2B33208D567583	20	generated_top3000	fixed_pose_mpnn	8x6b	42	/data/qlyu/projects/pvrig_top7500_dualpanel_screen_v1_20260724/run/qc397_top20_plus_top10_fusion_developability_v2_20260726/fusion_panel_common4_bundle/representative_complexes/R20__NODE1GEN_258472_source_fixed_pose_mpnn_source_id_P500K__FIXED_POSE_MPNN__2E2B33208D567583__8x6b__s42.pdb	1.000000	117.935891	29.887522	False		0	False	2	2	0	0	2.030539	GQGTQVTVSS	2	1
NODE1GEN_258472_source_fixed_pose_mpnn_source_id_P500K__FIXED_POSE_MPNN__2E2B33208D567583	20	generated_top3000	fixed_pose_mpnn	9e6y	42	/data/qlyu/projects/pvrig_top7500_dualpanel_screen_v1_20260724/run/qc397_top20_plus_top10_fusion_developability_v2_20260726/fusion_panel_common4_bundle/representative_complexes/R20__NODE1GEN_258472_source_fixed_pose_mpnn_source_id_P500K__FIXED_POSE_MPNN__2E2B33208D567583__9e6y__s42.pdb	1.000000	116.441079	30.499020	False		0	False	2	2	0	0	2.029055	GQGTQVTVSS	2	1
NODE1GEN_258472_source_fixed_pose_mpnn_source_id_P500K__FIXED_POSE_MPNN__2E2B33208D567583	20	generated_top3000	fixed_pose_mpnn	8x6b	917	/data/qlyu/projects/pvrig_top7500_dualpanel_screen_v1_20260724/run/qc397_top20_plus_top10_fusion_developability_v2_20260726/fusion_panel_common4_bundle/representative_complexes/R20__NODE1GEN_258472_source_fixed_pose_mpnn_source_id_P500K__FIXED_POSE_MPNN__2E2B33208D567583__8x6b__s917.pdb	1.000000	123.150181	30.317741	False		0	False	2	2	0	0	2.030060	GQGTQVTVSS	2	1
NODE1GEN_258472_source_fixed_pose_mpnn_source_id_P500K__FIXED_POSE_MPNN__2E2B33208D567583	20	generated_top3000	fixed_pose_mpnn	9e6y	917	/data/qlyu/projects/pvrig_top7500_dualpanel_screen_v1_20260724/run/qc397_top20_plus_top10_fusion_developability_v2_20260726/fusion_panel_common4_bundle/representative_complexes/R20__NODE1GEN_258472_source_fixed_pose_mpnn_source_id_P500K__FIXED_POSE_MPNN__2E2B33208D567583__9e6y__s917.pdb	1.000000	122.104324	29.967155	False		0	False	2	2	0	0	2.029622	GQGTQVTVSS	2	1
NODE1GEN_258472_source_fixed_pose_mpnn_source_id_P500K__FIXED_POSE_MPNN__2E2B33208D567583	20	generated_top3000	fixed_pose_mpnn	8x6b	1931	/data/qlyu/projects/pvrig_top7500_dualpanel_screen_v1_20260724/run/qc397_top20_plus_top10_fusion_developability_v2_20260726/fusion_panel_common4_bundle/representative_complexes/R20__NODE1GEN_258472_source_fixed_pose_mpnn_source_id_P500K__FIXED_POSE_MPNN__2E2B33208D567583__8x6b__s1931.pdb	1.000000	122.701226	30.619990	False		0	False	2	2	0	0	2.029300	GQGTQVTVSS	2	1
NODE1GEN_258472_source_fixed_pose_mpnn_source_id_P500K__FIXED_POSE_MPNN__2E2B33208D567583	20	generated_top3000	fixed_pose_mpnn	9e6y	1931	/data/qlyu/projects/pvrig_top7500_dualpanel_screen_v1_20260724/run/qc397_top20_plus_top10_fusion_developability_v2_20260726/fusion_panel_common4_bundle/representative_complexes/R20__NODE1GEN_258472_source_fixed_pose_mpnn_source_id_P500K__FIXED_POSE_MPNN__2E2B33208D567583__9e6y__s1931.pdb	1.000000	126.721711	30.663413	False		0	False	2	2	0	0	2.028909	GQGTQVTVSS	2	1
NODE1GEN_258472_source_fixed_pose_mpnn_source_id_P500K__FIXED_POSE_MPNN__2E2B33208D567583	20	generated_top3000	fixed_pose_mpnn	8x6b	3047	/data/qlyu/projects/pvrig_top7500_dualpanel_screen_v1_20260724/run/qc397_top20_plus_top10_fusion_developability_v2_20260726/fusion_panel_common4_bundle/representative_complexes/R20__NODE1GEN_258472_source_fixed_pose_mpnn_source_id_P500K__FIXED_POSE_MPNN__2E2B33208D567583__8x6b__s3047.pdb	1.000000	125.083894	30.948010	False		0	False	2	2	0	0	2.028684	GQGTQVTVSS	2	1
NODE1GEN_258472_source_fixed_pose_mpnn_source_id_P500K__FIXED_POSE_MPNN__2E2B33208D567583	20	generated_top3000	fixed_pose_mpnn	9e6y	3047	/data/qlyu/projects/pvrig_top7500_dualpanel_screen_v1_20260724/run/qc397_top20_plus_top10_fusion_developability_v2_20260726/fusion_panel_common4_bundle/representative_complexes/R20__NODE1GEN_258472_source_fixed_pose_mpnn_source_id_P500K__FIXED_POSE_MPNN__2E2B33208D567583__9e6y__s3047.pdb	1.000000	123.150181	30.049805	False		0	False	2	2	0	0	2.028613	GQGTQVTVSS	2	1
NODE1GEN_002130_source_rfantibody_source_id_PVRIG_RFAb_v2_P1_ekg_L_bb177_mpn10_arm_P1_ekg_L_backbone_P1_ekg_L_bb177_status_NEEDS_RF2_AND_DOCKING	24	generated_top3000	rfantibody	8x6b	42	/data/qlyu/projects/pvrig_top7500_dualpanel_screen_v1_20260724/run/qc397_top20_plus_top10_fusion_developability_v2_20260726/fusion_panel_common4_bundle/representative_complexes/R24__NODE1GEN_002130__8x6b__s42.pdb	1.000000	127.234670	33.344208	False		0	False	2	2	0	0	2.033599	GQGTLVTVSS	3	2
NODE1GEN_002130_source_rfantibody_source_id_PVRIG_RFAb_v2_P1_ekg_L_bb177_mpn10_arm_P1_ekg_L_backbone_P1_ekg_L_bb177_status_NEEDS_RF2_AND_DOCKING	24	generated_top3000	rfantibody	9e6y	42	/data/qlyu/projects/pvrig_top7500_dualpanel_screen_v1_20260724/run/qc397_top20_plus_top10_fusion_developability_v2_20260726/fusion_panel_common4_bundle/representative_complexes/R24__NODE1GEN_002130__9e6y__s42.pdb	1.000000	131.403103	33.965219	False		0	False	2	2	0	0	2.032515	GQGTLVTVSS	3	2
NODE1GEN_002130_source_rfantibody_source_id_PVRIG_RFAb_v2_P1_ekg_L_bb177_mpn10_arm_P1_ekg_L_backbone_P1_ekg_L_bb177_status_NEEDS_RF2_AND_DOCKING	24	generated_top3000	rfantibody	8x6b	917	/data/qlyu/projects/pvrig_top7500_dualpanel_screen_v1_20260724/run/qc397_top20_plus_top10_fusion_developability_v2_20260726/fusion_panel_common4_bundle/representative_complexes/R24__NODE1GEN_002130__8x6b__s917.pdb	1.000000	131.260097	36.090914	False		0	False	2	2	0	0	2.033628	GQGTLVTVSS	3	2
NODE1GEN_002130_source_rfantibody_source_id_PVRIG_RFAb_v2_P1_ekg_L_bb177_mpn10_arm_P1_ekg_L_backbone_P1_ekg_L_bb177_status_NEEDS_RF2_AND_DOCKING	24	generated_top3000	rfantibody	9e6y	917	/data/qlyu/projects/pvrig_top7500_dualpanel_screen_v1_20260724/run/qc397_top20_plus_top10_fusion_developability_v2_20260726/fusion_panel_common4_bundle/representative_complexes/R24__NODE1GEN_002130__9e6y__s917.pdb	1.000000	134.318668	34.492563	False		0	False	2	2	0	0	2.033486	GQGTLVTVSS	3	2
NODE1GEN_002130_source_rfantibody_source_id_PVRIG_RFAb_v2_P1_ekg_L_bb177_mpn10_arm_P1_ekg_L_backbone_P1_ekg_L_bb177_status_NEEDS_RF2_AND_DOCKING	24	generated_top3000	rfantibody	8x6b	1931	/data/qlyu/projects/pvrig_top7500_dualpanel_screen_v1_20260724/run/qc397_top20_plus_top10_fusion_developability_v2_20260726/fusion_panel_common4_bundle/representative_complexes/R24__NODE1GEN_002130__8x6b__s1931.pdb	1.000000	130.071235	33.871396	False		0	False	2	2	0	0	2.033333	GQGTLVTVSS	3	2
NODE1GEN_002130_source_rfantibody_source_id_PVRIG_RFAb_v2_P1_ekg_L_bb177_mpn10_arm_P1_ekg_L_backbone_P1_ekg_L_bb177_status_NEEDS_RF2_AND_DOCKING	24	generated_top3000	rfantibody	9e6y	1931	/data/qlyu/projects/pvrig_top7500_dualpanel_screen_v1_20260724/run/qc397_top20_plus_top10_fusion_developability_v2_20260726/fusion_panel_common4_bundle/representative_complexes/R24__NODE1GEN_002130__9e6y__s1931.pdb	1.000000	124.033094	34.487472	False		0	False	2	2	0	0	2.033822	GQGTLVTVSS	3	2
NODE1GEN_002130_source_rfantibody_source_id_PVRIG_RFAb_v2_P1_ekg_L_bb177_mpn10_arm_P1_ekg_L_backbone_P1_ekg_L_bb177_status_NEEDS_RF2_AND_DOCKING	24	generated_top3000	rfantibody	8x6b	3047	/data/qlyu/projects/pvrig_top7500_dualpanel_screen_v1_20260724/run/qc397_top20_plus_top10_fusion_developability_v2_20260726/fusion_panel_common4_bundle/representative_complexes/R24__NODE1GEN_002130__8x6b__s3047.pdb	1.000000	130.071235	33.997701	False		0	False	2	2	0	0	2.032812	GQGTLVTVSS	3	2
NODE1GEN_002130_source_rfantibody_source_id_PVRIG_RFAb_v2_P1_ekg_L_bb177_mpn10_arm_P1_ekg_L_backbone_P1_ekg_L_bb177_status_NEEDS_RF2_AND_DOCKING	24	generated_top3000	rfantibody	9e6y	3047	/data/qlyu/projects/pvrig_top7500_dualpanel_screen_v1_20260724/run/qc397_top20_plus_top10_fusion_developability_v2_20260726/fusion_panel_common4_bundle/representative_complexes/R24__NODE1GEN_002130__9e6y__s3047.pdb	1.000000	127.419500	33.269800	False		0	False	2	2	0	0	2.033156	GQGTLVTVSS	3	2
NODE1GEN_128014_source_rfantibody_source_id_PVRIG_RFAb_v2_P6_ekg_L_bb258_mpn01_arm_P6_ekg_L_backbone_P6_ekg_L_bb258_status_NEEDS_RF2_AND_DOCKING	31	generated_top3000	rfantibody	8x6b	42	/data/qlyu/projects/pvrig_top7500_dualpanel_screen_v1_20260724/run/qc397_top20_plus_top10_fusion_developability_v2_20260726/fusion_panel_common4_bundle/representative_complexes/R31__NODE1GEN_128014__8x6b__s42.pdb	1.000000	136.064556	32.430804	False	41.687328	0	False	2	2	0	0	2.034308	GQGTLVTVSS	3	2
NODE1GEN_128014_source_rfantibody_source_id_PVRIG_RFAb_v2_P6_ekg_L_bb258_mpn01_arm_P6_ekg_L_backbone_P6_ekg_L_bb258_status_NEEDS_RF2_AND_DOCKING	31	generated_top3000	rfantibody	9e6y	42	/data/qlyu/projects/pvrig_top7500_dualpanel_screen_v1_20260724/run/qc397_top20_plus_top10_fusion_developability_v2_20260726/fusion_panel_common4_bundle/representative_complexes/R31__NODE1GEN_128014__9e6y__s42.pdb	1.000000	137.031413	33.670556	False	42.462115	0	False	2	2	0	0	2.033877	GQGTLVTVSS	3	2
NODE1GEN_128014_source_rfantibody_source_id_PVRIG_RFAb_v2_P6_ekg_L_bb258_mpn01_arm_P6_ekg_L_backbone_P6_ekg_L_bb258_status_NEEDS_RF2_AND_DOCKING	31	generated_top3000	rfantibody	8x6b	917	/data/qlyu/projects/pvrig_top7500_dualpanel_screen_v1_20260724/run/qc397_top20_plus_top10_fusion_developability_v2_20260726/fusion_panel_common4_bundle/representative_complexes/R31__NODE1GEN_128014__8x6b__s917.pdb	1.000000	130.870205	34.827167	False		0	False	2	2	0	0	2.035454	GQGTLVTVSS	3	2
NODE1GEN_128014_source_rfantibody_source_id_PVRIG_RFAb_v2_P6_ekg_L_bb258_mpn01_arm_P6_ekg_L_backbone_P6_ekg_L_bb258_status_NEEDS_RF2_AND_DOCKING	31	generated_top3000	rfantibody	9e6y	917	/data/qlyu/projects/pvrig_top7500_dualpanel_screen_v1_20260724/run/qc397_top20_plus_top10_fusion_developability_v2_20260726/fusion_panel_common4_bundle/representative_complexes/R31__NODE1GEN_128014__9e6y__s917.pdb	1.000000	125.428966	32.089812	False		0	False	2	2	0	0	2.034572	GQGTLVTVSS	3	2
NODE1GEN_128014_source_rfantibody_source_id_PVRIG_RFAb_v2_P6_ekg_L_bb258_mpn01_arm_P6_ekg_L_backbone_P6_ekg_L_bb258_status_NEEDS_RF2_AND_DOCKING	31	generated_top3000	rfantibody	8x6b	1931	/data/qlyu/projects/pvrig_top7500_dualpanel_screen_v1_20260724/run/qc397_top20_plus_top10_fusion_developability_v2_20260726/fusion_panel_common4_bundle/representative_complexes/R31__NODE1GEN_128014__8x6b__s1931.pdb	1.000000	130.416308	32.654216	False		0	False	2	2	0	0	2.034887	GQGTLVTVSS	3	2
NODE1GEN_128014_source_rfantibody_source_id_PVRIG_RFAb_v2_P6_ekg_L_bb258_mpn01_arm_P6_ekg_L_backbone_P6_ekg_L_bb258_status_NEEDS_RF2_AND_DOCKING	31	generated_top3000	rfantibody	9e6y	1931	/data/qlyu/projects/pvrig_top7500_dualpanel_screen_v1_20260724/run/qc397_top20_plus_top10_fusion_developability_v2_20260726/fusion_panel_common4_bundle/representative_complexes/R31__NODE1GEN_128014__9e6y__s1931.pdb	1.000000	129.454394	35.147093	False		0	False	2	2	0	0	2.034761	GQGTLVTVSS	3	2
NODE1GEN_128014_source_rfantibody_source_id_PVRIG_RFAb_v2_P6_ekg_L_bb258_mpn01_arm_P6_ekg_L_backbone_P6_ekg_L_bb258_status_NEEDS_RF2_AND_DOCKING	31	generated_top3000	rfantibody	8x6b	3047	/data/qlyu/projects/pvrig_top7500_dualpanel_screen_v1_20260724/run/qc397_top20_plus_top10_fusion_developability_v2_20260726/fusion_panel_common4_bundle/representative_complexes/R31__NODE1GEN_128014__8x6b__s3047.pdb	1.000000	129.819405	30.638455	False		0	False	2	2	0	0	2.033210	GQGTLVTVSS	3	2
NODE1GEN_128014_source_rfantibody_source_id_PVRIG_RFAb_v2_P6_ekg_L_bb258_mpn01_arm_P6_ekg_L_backbone_P6_ekg_L_bb258_status_NEEDS_RF2_AND_DOCKING	31	generated_top3000	rfantibody	9e6y	3047	/data/qlyu/projects/pvrig_top7500_dualpanel_screen_v1_20260724/run/qc397_top20_plus_top10_fusion_developability_v2_20260726/fusion_panel_common4_bundle/representative_complexes/R31__NODE1GEN_128014__9e6y__s3047.pdb	1.000000	126.844777	33.047785	False		0	False	2	2	0	0	2.033294	GQGTLVTVSS	3	2
