final_rank	candidate_id	source_cohort	route	pose_count	minimum_c_terminal_target_distance_a	median_c_terminal_residue_sasa_a2	low_c_terminal_sasa_pose_count_lt15a2	c_terminal_target_contact_pose_count	minimum_exit_ray_target_distance_a	exit_ray_severe_crossing_pose_count	sequence_cys_count	extra_cys_count_beyond_two	max_exposed_unpaired_cys_count	vhh_side_fusion_tail_10aa	tail_hydrophobic_count	tail_max_hydrophobic_run	prefusion_compatibility_grade	fusion_hard_fail	fusion_hard_fail_reasons	fusion_tie_breaker_warnings	fc_target_collision_status	vhh_vhh_collision_status	both_vhh_arms_exposed_status	bivalent_binding_geometry_status	fusion_junction_status	rank_use	claim_boundary
1	P1MCPUFP__CPUFP500K_0288__00659	existing_old_new7500_top200	c2_four_seed	8	35.019465	128.578811	0	0		0	2	0	0	GQGTMVTVSS	3	2	F1_CLEAR_NARROW_PRECHECK	false			DEFERRED_EXACT_LINKER_HINGE_FC_REQUIRED	DEFERRED_EXACT_DIMER_CONSTRUCT_REQUIRED	DEFERRED_EXACT_DIMER_CONSTRUCT_REQUIRED	DEFERRED_EXACT_DIMER_CONSTRUCT_REQUIRED	VHH_SIDE_ONLY__LINKER_SIDE_DEFERRED	HARD_FAIL_PLUS_TIE_BREAKER_ONLY	Narrow prefusion geometry/cysteine proxy from frozen poses; not a full VHH-hFc model, expression, purity, aggregation, affinity, avidity, or blocking result.
2	NODE1GEN_112448_source_rfantibody_source_id_PVRIG_RFAb_v2_P5_qkg_L_bb355_mpn01_arm_P5_qkg_L_backbone_P5_qkg_L_bb355_status_NEEDS_RF2_AND_DOCKING	generated_top3000	rfantibody	8	31.490279	137.996175	0	0	40.615072	0	2	0	0	GQGTLVTVSS	3	2	F1_CLEAR_NARROW_PRECHECK	false			DEFERRED_EXACT_LINKER_HINGE_FC_REQUIRED	DEFERRED_EXACT_DIMER_CONSTRUCT_REQUIRED	DEFERRED_EXACT_DIMER_CONSTRUCT_REQUIRED	DEFERRED_EXACT_DIMER_CONSTRUCT_REQUIRED	VHH_SIDE_ONLY__LINKER_SIDE_DEFERRED	HARD_FAIL_PLUS_TIE_BREAKER_ONLY	Narrow prefusion geometry/cysteine proxy from frozen poses; not a full VHH-hFc model, expression, purity, aggregation, affinity, avidity, or blocking result.
3	NODE1GEN_229102_source_fixed_pose_mpnn_source_id_P500K__FIXED_POSE_MPNN__2F90E7DCCA05F9E4	generated_top3000	fixed_pose_mpnn	8	33.702621	124.309135	0	0	41.075098	0	2	0	0	GQGTMVTVSS	3	2	F1_CLEAR_NARROW_PRECHECK	false			DEFERRED_EXACT_LINKER_HINGE_FC_REQUIRED	DEFERRED_EXACT_DIMER_CONSTRUCT_REQUIRED	DEFERRED_EXACT_DIMER_CONSTRUCT_REQUIRED	DEFERRED_EXACT_DIMER_CONSTRUCT_REQUIRED	VHH_SIDE_ONLY__LINKER_SIDE_DEFERRED	HARD_FAIL_PLUS_TIE_BREAKER_ONLY	Narrow prefusion geometry/cysteine proxy from frozen poses; not a full VHH-hFc model, expression, purity, aggregation, affinity, avidity, or blocking result.
4	P1MCPUFP__CPUFP500K_0188__00519	existing_old_new7500_top200	c2_four_seed	8	28.715816	127.691039	0	0		0	2	0	0	GQGTMVTVSS	3	2	F1_CLEAR_NARROW_PRECHECK	false			DEFERRED_EXACT_LINKER_HINGE_FC_REQUIRED	DEFERRED_EXACT_DIMER_CONSTRUCT_REQUIRED	DEFERRED_EXACT_DIMER_CONSTRUCT_REQUIRED	DEFERRED_EXACT_DIMER_CONSTRUCT_REQUIRED	VHH_SIDE_ONLY__LINKER_SIDE_DEFERRED	HARD_FAIL_PLUS_TIE_BREAKER_ONLY	Narrow prefusion geometry/cysteine proxy from frozen poses; not a full VHH-hFc model, expression, purity, aggregation, affinity, avidity, or blocking result.
5	P1MCPUFP__CPUFP500K_0100__00092	existing_old_new7500_top200	c2_four_seed	8	34.747932	122.629577	0	0	59.260337	0	2	0	0	GQGTQVTVSS	2	1	F1_CLEAR_NARROW_PRECHECK	false			DEFERRED_EXACT_LINKER_HINGE_FC_REQUIRED	DEFERRED_EXACT_DIMER_CONSTRUCT_REQUIRED	DEFERRED_EXACT_DIMER_CONSTRUCT_REQUIRED	DEFERRED_EXACT_DIMER_CONSTRUCT_REQUIRED	VHH_SIDE_ONLY__LINKER_SIDE_DEFERRED	HARD_FAIL_PLUS_TIE_BREAKER_ONLY	Narrow prefusion geometry/cysteine proxy from frozen poses; not a full VHH-hFc model, expression, purity, aggregation, affinity, avidity, or blocking result.
6	NODE1GEN_181778_source_fixed_pose_mpnn_source_id_P500K__FIXED_POSE_MPNN__8EDA6734F7A8BD2C	generated_top3000	fixed_pose_mpnn	8	27.064692	124.412870	0	0		0	2	0	0	GQGTQVTVSS	2	1	F1_CLEAR_NARROW_PRECHECK	false			DEFERRED_EXACT_LINKER_HINGE_FC_REQUIRED	DEFERRED_EXACT_DIMER_CONSTRUCT_REQUIRED	DEFERRED_EXACT_DIMER_CONSTRUCT_REQUIRED	DEFERRED_EXACT_DIMER_CONSTRUCT_REQUIRED	VHH_SIDE_ONLY__LINKER_SIDE_DEFERRED	HARD_FAIL_PLUS_TIE_BREAKER_ONLY	Narrow prefusion geometry/cysteine proxy from frozen poses; not a full VHH-hFc model, expression, purity, aggregation, affinity, avidity, or blocking result.
7	NODE1GEN_154595_source_fixed_pose_mpnn_source_id_P500K__FIXED_POSE_MPNN__9B999365EA60CCE9	generated_top3000	fixed_pose_mpnn	8	32.079657	127.457943	0	0		0	2	0	0	GQGTQVTVSS	2	1	F1_CLEAR_NARROW_PRECHECK	false			DEFERRED_EXACT_LINKER_HINGE_FC_REQUIRED	DEFERRED_EXACT_DIMER_CONSTRUCT_REQUIRED	DEFERRED_EXACT_DIMER_CONSTRUCT_REQUIRED	DEFERRED_EXACT_DIMER_CONSTRUCT_REQUIRED	VHH_SIDE_ONLY__LINKER_SIDE_DEFERRED	HARD_FAIL_PLUS_TIE_BREAKER_ONLY	Narrow prefusion geometry/cysteine proxy from frozen poses; not a full VHH-hFc model, expression, purity, aggregation, affinity, avidity, or blocking result.
8	NODE1GEN_256613_source_fixed_pose_mpnn_source_id_P500K__FIXED_POSE_MPNN__0A1B353F72DFABBD	generated_top3000	fixed_pose_mpnn	8	27.200245	121.961318	0	0		0	2	0	0	GQGTQVTVSS	2	1	F1_CLEAR_NARROW_PRECHECK	false			DEFERRED_EXACT_LINKER_HINGE_FC_REQUIRED	DEFERRED_EXACT_DIMER_CONSTRUCT_REQUIRED	DEFERRED_EXACT_DIMER_CONSTRUCT_REQUIRED	DEFERRED_EXACT_DIMER_CONSTRUCT_REQUIRED	VHH_SIDE_ONLY__LINKER_SIDE_DEFERRED	HARD_FAIL_PLUS_TIE_BREAKER_ONLY	Narrow prefusion geometry/cysteine proxy from frozen poses; not a full VHH-hFc model, expression, purity, aggregation, affinity, avidity, or blocking result.
9	NODE1GEN_183154_source_fixed_pose_mpnn_source_id_P500K__FIXED_POSE_MPNN__E25C2338B83B903C	generated_top3000	fixed_pose_mpnn	8	25.953070	123.295511	0	0		0	2	0	0	GQGTQVTVSS	2	1	F1_CLEAR_NARROW_PRECHECK	false			DEFERRED_EXACT_LINKER_HINGE_FC_REQUIRED	DEFERRED_EXACT_DIMER_CONSTRUCT_REQUIRED	DEFERRED_EXACT_DIMER_CONSTRUCT_REQUIRED	DEFERRED_EXACT_DIMER_CONSTRUCT_REQUIRED	VHH_SIDE_ONLY__LINKER_SIDE_DEFERRED	HARD_FAIL_PLUS_TIE_BREAKER_ONLY	Narrow prefusion geometry/cysteine proxy from frozen poses; not a full VHH-hFc model, expression, purity, aggregation, affinity, avidity, or blocking result.
10	P1MCPUFP__CPUFP500K_0188__00282	existing_old_new7500_top200	c2_four_seed	8	32.853071	129.539688	0	0	50.834660	0	2	0	0	GQGTMVTVSS	3	2	F1_CLEAR_NARROW_PRECHECK	false			DEFERRED_EXACT_LINKER_HINGE_FC_REQUIRED	DEFERRED_EXACT_DIMER_CONSTRUCT_REQUIRED	DEFERRED_EXACT_DIMER_CONSTRUCT_REQUIRED	DEFERRED_EXACT_DIMER_CONSTRUCT_REQUIRED	VHH_SIDE_ONLY__LINKER_SIDE_DEFERRED	HARD_FAIL_PLUS_TIE_BREAKER_ONLY	Narrow prefusion geometry/cysteine proxy from frozen poses; not a full VHH-hFc model, expression, purity, aggregation, affinity, avidity, or blocking result.
11	NODE1GEN_191476_source_fixed_pose_mpnn_source_id_P500K__FIXED_POSE_MPNN__310934EF4B70CA47	generated_top3000	fixed_pose_mpnn	8	30.811903	119.758601	0	0		0	2	0	0	GQGTQVTVSS	2	1	F1_CLEAR_NARROW_PRECHECK	false			DEFERRED_EXACT_LINKER_HINGE_FC_REQUIRED	DEFERRED_EXACT_DIMER_CONSTRUCT_REQUIRED	DEFERRED_EXACT_DIMER_CONSTRUCT_REQUIRED	DEFERRED_EXACT_DIMER_CONSTRUCT_REQUIRED	VHH_SIDE_ONLY__LINKER_SIDE_DEFERRED	HARD_FAIL_PLUS_TIE_BREAKER_ONLY	Narrow prefusion geometry/cysteine proxy from frozen poses; not a full VHH-hFc model, expression, purity, aggregation, affinity, avidity, or blocking result.
12	P1MCPUFP__CPUFP500K_0090__00532	existing_old_new7500_top200	old_top7500	8	34.576289	126.279877	0	0	38.706180	0	2	0	0	GQGTMVTVSS	3	2	F1_CLEAR_NARROW_PRECHECK	false			DEFERRED_EXACT_LINKER_HINGE_FC_REQUIRED	DEFERRED_EXACT_DIMER_CONSTRUCT_REQUIRED	DEFERRED_EXACT_DIMER_CONSTRUCT_REQUIRED	DEFERRED_EXACT_DIMER_CONSTRUCT_REQUIRED	VHH_SIDE_ONLY__LINKER_SIDE_DEFERRED	HARD_FAIL_PLUS_TIE_BREAKER_ONLY	Narrow prefusion geometry/cysteine proxy from frozen poses; not a full VHH-hFc model, expression, purity, aggregation, affinity, avidity, or blocking result.
13	NODE1GEN_177961_source_fixed_pose_mpnn_source_id_P500K__FIXED_POSE_MPNN__8431DA62B813A913	generated_top3000	fixed_pose_mpnn	8	30.209704	138.020763	0	0		0	2	0	0	GQGTMVTVSS	3	2	F1_CLEAR_NARROW_PRECHECK	false			DEFERRED_EXACT_LINKER_HINGE_FC_REQUIRED	DEFERRED_EXACT_DIMER_CONSTRUCT_REQUIRED	DEFERRED_EXACT_DIMER_CONSTRUCT_REQUIRED	DEFERRED_EXACT_DIMER_CONSTRUCT_REQUIRED	VHH_SIDE_ONLY__LINKER_SIDE_DEFERRED	HARD_FAIL_PLUS_TIE_BREAKER_ONLY	Narrow prefusion geometry/cysteine proxy from frozen poses; not a full VHH-hFc model, expression, purity, aggregation, affinity, avidity, or blocking result.
14	P1MCPUFP__CPUFP500K_0100__00188	existing_old_new7500_top200	old_top7500	8	30.323480	122.819643	0	0		0	2	0	0	GQGTQVTVSS	2	1	F1_CLEAR_NARROW_PRECHECK	false			DEFERRED_EXACT_LINKER_HINGE_FC_REQUIRED	DEFERRED_EXACT_DIMER_CONSTRUCT_REQUIRED	DEFERRED_EXACT_DIMER_CONSTRUCT_REQUIRED	DEFERRED_EXACT_DIMER_CONSTRUCT_REQUIRED	VHH_SIDE_ONLY__LINKER_SIDE_DEFERRED	HARD_FAIL_PLUS_TIE_BREAKER_ONLY	Narrow prefusion geometry/cysteine proxy from frozen poses; not a full VHH-hFc model, expression, purity, aggregation, affinity, avidity, or blocking result.
15	NODE1GEN_206644_source_fixed_pose_mpnn_source_id_P500K__FIXED_POSE_MPNN__53F648E960398F2F	generated_top3000	fixed_pose_mpnn	8	25.804683	118.636299	0	0		0	2	0	0	GQGTQVTVSS	2	1	F1_CLEAR_NARROW_PRECHECK	false			DEFERRED_EXACT_LINKER_HINGE_FC_REQUIRED	DEFERRED_EXACT_DIMER_CONSTRUCT_REQUIRED	DEFERRED_EXACT_DIMER_CONSTRUCT_REQUIRED	DEFERRED_EXACT_DIMER_CONSTRUCT_REQUIRED	VHH_SIDE_ONLY__LINKER_SIDE_DEFERRED	HARD_FAIL_PLUS_TIE_BREAKER_ONLY	Narrow prefusion geometry/cysteine proxy from frozen poses; not a full VHH-hFc model, expression, purity, aggregation, affinity, avidity, or blocking result.
16	P1MCPUFP__CPUFP500K_0002__00919	existing_old_new7500_top200	c2_four_seed	8	28.826784	118.522824	0	0		0	2	0	0	GQGTQVTVSS	2	1	F1_CLEAR_NARROW_PRECHECK	false			DEFERRED_EXACT_LINKER_HINGE_FC_REQUIRED	DEFERRED_EXACT_DIMER_CONSTRUCT_REQUIRED	DEFERRED_EXACT_DIMER_CONSTRUCT_REQUIRED	DEFERRED_EXACT_DIMER_CONSTRUCT_REQUIRED	VHH_SIDE_ONLY__LINKER_SIDE_DEFERRED	HARD_FAIL_PLUS_TIE_BREAKER_ONLY	Narrow prefusion geometry/cysteine proxy from frozen poses; not a full VHH-hFc model, expression, purity, aggregation, affinity, avidity, or blocking result.
17	P1MCPUFP__CPUFP500K_0287__00804	existing_old_new7500_top200	c2_four_seed	8	25.983842	125.958189	0	0	42.332044	0	2	0	0	GQGTMVTVSS	3	2	F1_CLEAR_NARROW_PRECHECK	false			DEFERRED_EXACT_LINKER_HINGE_FC_REQUIRED	DEFERRED_EXACT_DIMER_CONSTRUCT_REQUIRED	DEFERRED_EXACT_DIMER_CONSTRUCT_REQUIRED	DEFERRED_EXACT_DIMER_CONSTRUCT_REQUIRED	VHH_SIDE_ONLY__LINKER_SIDE_DEFERRED	HARD_FAIL_PLUS_TIE_BREAKER_ONLY	Narrow prefusion geometry/cysteine proxy from frozen poses; not a full VHH-hFc model, expression, purity, aggregation, affinity, avidity, or blocking result.
18	NODE1GEN_127352_source_rfantibody_source_id_PVRIG_RFAb_v2_P6_ekg_L_bb203_mpn04_arm_P6_ekg_L_backbone_P6_ekg_L_bb203_status_NEEDS_RF2_AND_DOCKING	generated_top3000	rfantibody	8	27.866355	129.298947	0	0	44.436431	0	2	0	0	GQGTLVTVSS	3	2	F1_CLEAR_NARROW_PRECHECK	false			DEFERRED_EXACT_LINKER_HINGE_FC_REQUIRED	DEFERRED_EXACT_DIMER_CONSTRUCT_REQUIRED	DEFERRED_EXACT_DIMER_CONSTRUCT_REQUIRED	DEFERRED_EXACT_DIMER_CONSTRUCT_REQUIRED	VHH_SIDE_ONLY__LINKER_SIDE_DEFERRED	HARD_FAIL_PLUS_TIE_BREAKER_ONLY	Narrow prefusion geometry/cysteine proxy from frozen poses; not a full VHH-hFc model, expression, purity, aggregation, affinity, avidity, or blocking result.
19	P1MCPUFP__CPUFP500K_0089__00735	existing_old_new7500_top200	c2_four_seed	8	31.480961	127.957403	0	0		0	2	0	0	GQGTMVTVSS	3	2	F1_CLEAR_NARROW_PRECHECK	false			DEFERRED_EXACT_LINKER_HINGE_FC_REQUIRED	DEFERRED_EXACT_DIMER_CONSTRUCT_REQUIRED	DEFERRED_EXACT_DIMER_CONSTRUCT_REQUIRED	DEFERRED_EXACT_DIMER_CONSTRUCT_REQUIRED	VHH_SIDE_ONLY__LINKER_SIDE_DEFERRED	HARD_FAIL_PLUS_TIE_BREAKER_ONLY	Narrow prefusion geometry/cysteine proxy from frozen poses; not a full VHH-hFc model, expression, purity, aggregation, affinity, avidity, or blocking result.
20	NODE1GEN_258472_source_fixed_pose_mpnn_source_id_P500K__FIXED_POSE_MPNN__2E2B33208D567583	generated_top3000	fixed_pose_mpnn	8	29.887522	122.925703	0	0		0	2	0	0	GQGTQVTVSS	2	1	F1_CLEAR_NARROW_PRECHECK	false			DEFERRED_EXACT_LINKER_HINGE_FC_REQUIRED	DEFERRED_EXACT_DIMER_CONSTRUCT_REQUIRED	DEFERRED_EXACT_DIMER_CONSTRUCT_REQUIRED	DEFERRED_EXACT_DIMER_CONSTRUCT_REQUIRED	VHH_SIDE_ONLY__LINKER_SIDE_DEFERRED	HARD_FAIL_PLUS_TIE_BREAKER_ONLY	Narrow prefusion geometry/cysteine proxy from frozen poses; not a full VHH-hFc model, expression, purity, aggregation, affinity, avidity, or blocking result.
24	NODE1GEN_002130_source_rfantibody_source_id_PVRIG_RFAb_v2_P1_ekg_L_bb177_mpn10_arm_P1_ekg_L_backbone_P1_ekg_L_bb177_status_NEEDS_RF2_AND_DOCKING	generated_top3000	rfantibody	8	33.269800	130.071235	0	0		0	2	0	0	GQGTLVTVSS	3	2	F1_CLEAR_NARROW_PRECHECK	false			DEFERRED_EXACT_LINKER_HINGE_FC_REQUIRED	DEFERRED_EXACT_DIMER_CONSTRUCT_REQUIRED	DEFERRED_EXACT_DIMER_CONSTRUCT_REQUIRED	DEFERRED_EXACT_DIMER_CONSTRUCT_REQUIRED	VHH_SIDE_ONLY__LINKER_SIDE_DEFERRED	HARD_FAIL_PLUS_TIE_BREAKER_ONLY	Narrow prefusion geometry/cysteine proxy from frozen poses; not a full VHH-hFc model, expression, purity, aggregation, affinity, avidity, or blocking result.
31	NODE1GEN_128014_source_rfantibody_source_id_PVRIG_RFAb_v2_P6_ekg_L_bb258_mpn01_arm_P6_ekg_L_backbone_P6_ekg_L_bb258_status_NEEDS_RF2_AND_DOCKING	generated_top3000	rfantibody	8	30.638455	130.117856	0	0	41.687328	0	2	0	0	GQGTLVTVSS	3	2	F1_CLEAR_NARROW_PRECHECK	false			DEFERRED_EXACT_LINKER_HINGE_FC_REQUIRED	DEFERRED_EXACT_DIMER_CONSTRUCT_REQUIRED	DEFERRED_EXACT_DIMER_CONSTRUCT_REQUIRED	DEFERRED_EXACT_DIMER_CONSTRUCT_REQUIRED	VHH_SIDE_ONLY__LINKER_SIDE_DEFERRED	HARD_FAIL_PLUS_TIE_BREAKER_ONLY	Narrow prefusion geometry/cysteine proxy from frozen poses; not a full VHH-hFc model, expression, purity, aggregation, affinity, avidity, or blocking result.
