id	final_verdict	L1_numbering_integrity	L2_vhh_features	L3_developability	L4_structure_stability	length	imgt_ok	kabat_ok	imgt_chain_type	imgt_cdr1_len	imgt_cdr2_len	imgt_cdr3_len	conserved_cys_imgt_H23_H104	fr4	fr2_hallmark_score	fr2_hallmark_residues	fr2_interface_residues	fr2_interface_hydrophobic_count	single_domain_suitability	abnativ_vhh_score	abnativ_fr_vhh_score	sapiens_mean_self_probability	sapiens_num_suggested_mutations	mw	pI	gravy	charge_pH7_4	nglyc_motif_count	nglyc_motif_hits	cys_count	deamidation_NG_NS_NT_count	isomerization_DG_DS_DD_DT_count	acid_cleavage_DP_count	hydrophobic_5_count	polyreactivity_proxy	tnp_L_flag	tnp_L3_flag	tnp_C_flag	tnp_PSH_flag	tnp_PPC_flag	tnp_PNC_flag	tnp_PSH	tnp_PPC	tnp_PNC	igfold_coverage	nanonet_coverage	nanobodybuilder2_coverage	fr_rmsd_igfold_vs_nanobodybuilder2	fr_rmsd_igfold_vs_nanonet	fr_rmsd_nanobodybuilder2_vs_nanonet	cdr3_anchor_ca_distance	L1_reasons	L2_reasons	L3_reasons	L4_reasons
PVRIG_CAND_001	REVIEW	PASS	PASS	WARN	NOT_RUN	124	True	True	H	8	8	17	C/C	WGQGTLVTVSS	1.0	H37=F;H44=Q;H45=K;H47=G	H44=Q;H45=K;H47=G	0	good	0.7618233593047604	0.8750969815803207	0.7650156958336611	13	13149.394	5.175	-0.2137	-1.513	0		2	3	3	0	0	low	green	green	green	green	green	green	114.4775	0.0	0.0										WARN:deamidation_NG_NS_NT_count=3:NS@74-75;NT@77-78;NS@84-85;WARN:isomerization_DG_DS_DD_DT_count=3:DG@54-55;DS@62-63;DT@90-91	INFO:structure_modeling_not_requested
PVRIG_CAND_002	REVIEW	PASS	PASS	WARN	NOT_RUN	127	True	True	H	10	7	19	C/C	WGQGTMVTVSS	0.75	H37=F;H44=E;H45=R;H47=A	H44=E;H45=R;H47=A	1	good	0.7194147620277251	0.8394916861425998	0.7264157206619408	13	13498.771	5.573	-0.3157	-2.432	0		2	2	3	0	0	low	green	green	green	green	green	green	110.31	0.0	0.0										WARN:deamidation_NG_NS_NT_count=2:NS@54-55;NS@85-86;WARN:isomerization_DG_DS_DD_DT_count=3:DG@31-32;DS@63-64;DT@91-92	INFO:structure_modeling_not_requested
PVRIG_CAND_003	REVIEW	PASS	PASS	WARN	NOT_RUN	127	True	True	H	10	7	19	C/C	WGQGTMVTVSS	0.75	H37=F;H44=E;H45=R;H47=A	H44=E;H45=R;H47=A	1	good	0.7187336845475367	0.8749742405341667	0.7168940524827307	13	13650.023	5.019	-0.3087	-4.425	0		2	1	2	0	0	low	green	green	green	green	green	green	112.2371	0.0403	0.7713										WARN:deamidation_NG_NS_NT_count=1:NS@85-86;WARN:isomerization_DG_DS_DD_DT_count=2:DS@63-64;DT@91-92	INFO:structure_modeling_not_requested
PVRIG_CAND_004	REVIEW	PASS	PASS	WARN	NOT_RUN	127	True	True	H	10	7	19	C/C	WGQGTQVTVSS	0.75	H37=F;H44=E;H45=R;H47=A	H44=E;H45=R;H47=A	1	good	0.7535514191031597	0.9142877936792149	0.710807942088664	17	13311.427	5.211	-0.3465	-3.429	0		2	1	3	0	0	low	green	green	green	green	green	green	118.2371	0.0234	0.1443										WARN:deamidation_NG_NS_NT_count=1:NS@102-103;WARN:deamidation_NH_count=1:NH@54-55;WARN:isomerization_DG_DS_DD_DT_count=3:DS@63-64;DT@91-92;DT@108-109	INFO:structure_modeling_not_requested
PVRIG_CAND_005	REVIEW	PASS	PASS	WARN	NOT_RUN	127	True	True	H	10	7	19	C/C	WGQGTQVTVSS	0.75	H37=F;H44=E;H45=R;H47=A	H44=E;H45=R;H47=A	1	good	0.7388394017183181	0.915928703026913	0.7152481895438799	14	13205.437	6.303	-0.2772	-1.392	0		2	0	3	0	0	low	green	green	green	green	green	green	105.0218	0.006	0.0										WARN:isomerization_DG_DS_DD_DT_count=3:DS@63-64;DT@91-92;DG@110-111	INFO:structure_modeling_not_requested
PVRIG_CAND_006	REVIEW	PASS	PASS	WARN	NOT_RUN	127	True	True	H	10	7	19	C/C	WGQGTQVTVSS	0.75	H37=F;H44=E;H45=R;H47=A	H44=E;H45=R;H47=A	1	good	0.7571584168212157	0.9005168793968651	0.7196914549462321	14	13180.422	5.737	-0.2323	-1.464	0		2	1	2	0	0	low	green	green	green	green	green	green	109.1714	0.0404	0.0607										WARN:deamidation_NG_NS_NT_count=1:NS@54-55;WARN:isomerization_DG_DS_DD_DT_count=2:DS@63-64;DT@91-92	INFO:structure_modeling_not_requested
PVRIG_CAND_007	REVIEW	PASS	PASS	WARN	NOT_RUN	127	True	True	H	10	7	19	C/C	WGQGTQVTVSS	0.75	H37=F;H44=E;H45=R;H47=A	H44=E;H45=R;H47=A	1	good	0.7747377846388477	0.9139103446827498	0.7207470221892293	16	13277.49	5.716	-0.2591	-1.465	0		2	0	3	0	0	low	green	green	green	green	green	green	108.7746	0.0	0.0										WARN:isomerization_DG_DS_DD_DT_count=3:DS@54-55;DS@63-64;DT@91-92	INFO:structure_modeling_not_requested
PVRIG_CAND_008	REVIEW	PASS	PASS	WARN	NOT_RUN	127	True	True	H	10	7	19	C/C	WGQGTQVTVSS	0.75	H37=F;H44=E;H45=R;H47=A	H44=E;H45=R;H47=A	1	good	0.7452432981660173	0.8937474238256699	0.7072639147105707	14	13224.429	5.161	-0.1732	-3.428	0		2	0	3	0	0	low	green	green	green	green	green	green	112.3955	0.0043	0.0747										WARN:isomerization_DG_DS_DD_DT_count=3:DS@54-55;DS@63-64;DT@91-92	INFO:structure_modeling_not_requested
PVRIG_CAND_009	REVIEW	PASS	WARN	WARN	NOT_RUN	127	True	True	H	10	7	19	C/C	WGQGTMVTVSS	0.75	H37=F;H44=E;H45=R;H47=A	H44=E;H45=R;H47=A	1	borderline	0.6991283244507253	0.8424724298891313	0.7386492340546834	12	13518.871	6.105	-0.289	-1.432	0		2	1	4	0	0	low	green	green	green	green	green	green	85.9776	0.0482	0.3453									WARN:abnativ_vhh_score_borderline=0.699	WARN:deamidation_NG_NS_NT_count=1:NS@85-86;WARN:isomerization_DG_DS_DD_DT_count=4:DS@63-64;DT@91-92;DG@104-105;DG@112-113	INFO:structure_modeling_not_requested
PVRIG_CAND_010	REVIEW	PASS	PASS	WARN	NOT_RUN	127	True	True	H	10	7	19	C/C	WGQGTQVTVSS	0.75	H37=F;H44=E;H45=R;H47=A	H44=E;H45=R;H47=A	1	good	0.735587349654018	0.9157217102524222	0.7117864469168927	16	13286.61	5.716	-0.1252	-1.462	0		2	0	2	0	0	moderate	green	green	green	amber	green	green	148.5527	0.0	0.0										WARN:tnp_PSH_flag=amber;WARN:isomerization_DG_DS_DD_DT_count=2:DS@63-64;DT@91-92;WARN:polyreactivity_proxy=moderate	INFO:structure_modeling_not_requested
PVRIG_CAND_011	REVIEW	PASS	PASS	WARN	NOT_RUN	127	True	True	H	10	7	19	C/C	WGQGTQVTVSS	0.75	H37=F;H44=E;H45=R;H47=A	H44=E;H45=R;H47=A	1	good	0.7567416786827014	0.9015917864640942	0.7081944051191328	15	13261.535	5.161	-0.1409	-3.428	0		2	1	2	0	0	moderate	green	green	green	amber	green	green	149.8454	0.0	0.0573										WARN:tnp_PSH_flag=amber;WARN:deamidation_NG_NS_NT_count=1:NS@54-55;WARN:isomerization_DG_DS_DD_DT_count=2:DS@63-64;DT@91-92;WARN:polyreactivity_proxy=moderate	INFO:structure_modeling_not_requested
PVRIG_CAND_012	REVIEW	PASS	WARN	WARN	NOT_RUN	127	True	True	H	10	7	19	C/C	WGQGTMVTVSS	0.75	H37=F;H44=E;H45=R;H47=A	H44=E;H45=R;H47=A	1	borderline	0.6983876097837487	0.8627284273477289	0.726265707346574	14	13590.999	6.105	-0.2874	-1.432	0		2	1	3	0	0	low																		WARN:abnativ_vhh_score_borderline=0.698	WARN:tnp_flags_not_available;WARN:deamidation_NG_NS_NT_count=1:NS@85-86;WARN:isomerization_DG_DS_DD_DT_count=3:DS@63-64;DT@91-92;DG@112-113	INFO:structure_modeling_not_requested
PVRIG_CAND_013	REVIEW	PASS	PASS	WARN	NOT_RUN	127	True	True	H	10	7	19	C/C	WGQGTQVTVSS	0.75	H37=F;H44=E;H45=R;H47=A	H44=E;H45=R;H47=A	1	good	0.755278684304778	0.916237065464313	0.7165278620416606	16	13219.501	6.769	-0.2071	-0.463	0		2	0	2	0	0	low	green	green	green	green	green	green	121.4221	0.0	0.0										WARN:isomerization_DG_DS_DD_DT_count=2:DS@63-64;DT@91-92	INFO:structure_modeling_not_requested
PVRIG_CAND_014	REVIEW	PASS	PASS	WARN	NOT_RUN	127	True	True	H	10	7	19	C/C	WGQGTMVTVSS	0.75	H37=F;H44=E;H45=R;H47=A	H44=E;H45=R;H47=A	1	good	0.754284748772138	0.8794290421284227	0.7377122352559735	15	13129.424	6.307	-0.1583	-1.391	0		2	1	3	0	0	low	green	green	green	green	green	green	125.5014	0.012	0.1597										WARN:deamidation_NG_NS_NT_count=1:NS@85-86;WARN:isomerization_DG_DS_DD_DT_count=3:DS@63-64;DT@91-92;DS@101-102	INFO:structure_modeling_not_requested
PVRIG_CAND_015	REVIEW	PASS	PASS	WARN	NOT_RUN	127	True	True	H	10	7	19	C/C	WGQGTMVTVSS	0.75	H37=F;H44=E;H45=R;H47=A	H44=E;H45=R;H47=A	1	good	0.7370540023004155	0.8774462640381977	0.730817738825118	12	13456.737	5.745	-0.3535	-1.469	0		2	1	4	0	0	moderate	green	green	green	amber	green	amber	126.9985	0.0693	1.6397										WARN:tnp_PSH_flag=amber;WARN:tnp_PNC_flag=amber;WARN:deamidation_NG_NS_NT_count=1:NS@85-86;WARN:isomerization_DG_DS_DD_DT_count=4:DD@54-55;DT@58-59;DS@63-64;DT@91-92;WARN:integrin_RGD_count=1:RGD@56-58;WARN:polyreactivity_proxy=moderate	INFO:structure_modeling_not_requested
PVRIG_CAND_016	REVIEW	PASS	PASS	WARN	NOT_RUN	127	True	True	H	10	7	19	C/C	WGQGTQVTVSS	0.75	H37=F;H44=E;H45=R;H47=A	H44=E;H45=R;H47=A	1	good	0.7606871351960313	0.9154959055645293	0.7151217716232705	14	13136.329	6.765	-0.2354	-0.463	0		2	1	3	0	0	low	green	green	green	green	green	green	120.2736	0.0	0.0										WARN:deamidation_NG_NS_NT_count=1:NT@101-102;WARN:isomerization_DG_DS_DD_DT_count=3:DS@63-64;DT@91-92;DG@110-111	INFO:structure_modeling_not_requested
PVRIG_CAND_017	REVIEW	PASS	WARN	WARN	NOT_RUN	127	True	True	H	10	7	19	C/C	WGQGTMVTVSS	0.75	H37=F;H44=E;H45=R;H47=A	H44=E;H45=R;H47=A	1	borderline	0.6730607170518247	0.843563029735539	0.7149501646260225	16	13519.922	5.586	-0.263	-2.429	0		2	1	3	0	0	low																		WARN:abnativ_vhh_score_borderline=0.673	WARN:tnp_flags_not_available;WARN:deamidation_NG_NS_NT_count=1:NS@85-86;WARN:isomerization_DG_DS_DD_DT_count=3:DS@63-64;DT@91-92;DG@112-113	INFO:structure_modeling_not_requested
PVRIG_CAND_018	REVIEW	PASS	PASS	WARN	NOT_RUN	123	True	True	H	8	8	16	C/C	WGQGTLVTVSS	1.0	H37=F;H44=E;H45=K;H47=G	H44=E;H45=K;H47=G	0	good	0.824067418127318	0.9001453352738589	0.7695916440958778	14	13046.101	4.692	-0.348	-3.513	0		2	3	3	0	0	low	green	green	green	green	green	green	92.5271	0.0	0.0										WARN:pI_unusual=4.69;WARN:deamidation_NG_NS_NT_count=3:NS@74-75;NT@77-78;NS@84-85;WARN:isomerization_DG_DS_DD_DT_count=3:DG@54-55;DS@62-63;DT@90-91	INFO:structure_modeling_not_requested
PVRIG_CAND_019	REVIEW	PASS	PASS	WARN	NOT_RUN	127	True	True	H	10	7	19	C/C	WGQGTMVTVSS	0.75	H37=F;H44=E;H45=R;H47=A	H44=E;H45=R;H47=A	1	good	0.7070443874671455	0.8784935112390844	0.7235830584797627	14	13531.933	5.483	-0.2244	-3.392	0		2	1	3	0	0	low	green	green	green	green	green	green	102.6113	0.0627	0.08										WARN:deamidation_NG_NS_NT_count=1:NS@85-86;WARN:isomerization_DG_DS_DD_DT_count=3:DS@63-64;DT@91-92;DG@112-113	INFO:structure_modeling_not_requested
PVRIG_CAND_020	REVIEW	PASS	PASS	WARN	NOT_RUN	123	True	True	H	8	8	16	C/C	WGQGTQVTVSS	1.0	H37=F;H44=Q;H45=R;H47=G	H44=Q;H45=R;H47=G	0	good	0.8153462187063585	0.9834566756217955	0.7047729079604028	19	13409.573	6.387	-0.7211	-0.512	0		2	3	3	1	0	low	green	green	green	green	green	green	83.9307	0.0	0.11										WARN:deamidation_NG_NS_NT_count=3:NT@77-78;NS@84-85;NS@108-109;WARN:isomerization_DG_DS_DD_DT_count=3:DS@62-63;DT@90-91;DG@101-102;WARN:acid_cleavage_DP_count=1:DP@106-107	INFO:structure_modeling_not_requested
PVRIG_CAND_021	REVIEW	PASS	PASS	WARN	NOT_RUN	127	True	True	H	10	7	19	C/C	WGQGTQVTVSS	0.75	H37=F;H44=E;H45=R;H47=A	H44=E;H45=R;H47=A	1	good	0.790198629830207	0.9146933231053445	0.7097787835495913	15	13213.45	5.131	-0.1953	-3.428	0		2	0	4	0	0	moderate	green	green	green	amber	green	green	128.319	0.0043	0.0										WARN:tnp_PSH_flag=amber;WARN:isomerization_DG_DS_DD_DT_count=4:DS@54-55;DS@63-64;DT@91-92;DG@110-111;WARN:polyreactivity_proxy=moderate	INFO:structure_modeling_not_requested
PVRIG_CAND_022	REVIEW	PASS	PASS	WARN	NOT_RUN	127	True	True	H	10	7	19	C/C	WGQGTMVTVSS	0.75	H37=F;H44=E;H45=R;H47=A	H44=E;H45=R;H47=A	1	good	0.7524538766396984	0.8810785319154006	0.7287556420623024	16	13165.45	5.24	-0.1472	-2.469	0		2	1	2	0	0	low	green	green	green	green	green	green	114.8736	0.0	0.236										WARN:deamidation_NG_NS_NT_count=1:NS@85-86;WARN:isomerization_DG_DS_DD_DT_count=2:DS@63-64;DT@91-92	INFO:structure_modeling_not_requested
PVRIG_CAND_023	REVIEW	PASS	PASS	WARN	NOT_RUN	127	True	True	H	10	7	19	C/C	WGQGTMVTVSS	0.75	H37=F;H44=E;H45=R;H47=A	H44=E;H45=R;H47=A	1	good	0.7239741947611953	0.865803306049697	0.7309465595799697	13	13114.319	5.19	-0.1496	-3.427	0		2	3	3	0	0	moderate	green	green	green	amber	green	green	131.553	0.0037	0.2809										WARN:tnp_PSH_flag=amber;WARN:deamidation_NG_NS_NT_count=3:NS@54-55;NT@59-60;NS@85-86;WARN:isomerization_DG_DS_DD_DT_count=3:DS@63-64;DT@91-92;DS@101-102;WARN:polyreactivity_proxy=moderate	INFO:structure_modeling_not_requested
PVRIG_CAND_024	REVIEW	PASS	PASS	WARN	NOT_RUN	123	True	True	H	8	8	16	C/C	WGQGTLVTVSS	1.0	H37=F;H44=E;H45=K;H47=G	H44=E;H45=K;H47=G	0	good	0.8051606892804787	0.9037971308767656	0.7650921191202431	12	13111.179	5.715	-0.3772	-1.475	0		2	3	3	0	0	moderate	green	green	green	amber	green	green	75.351	0.0098	0.0										WARN:tnp_PSH_flag=amber;WARN:deamidation_NG_NS_NT_count=3:NS@74-75;NT@77-78;NS@84-85;WARN:isomerization_DG_DS_DD_DT_count=3:DG@54-55;DS@62-63;DT@90-91;WARN:polyreactivity_proxy=moderate	INFO:structure_modeling_not_requested
PVRIG_CAND_025	REVIEW	PASS	PASS	WARN	NOT_RUN	127	True	True	H	10	7	19	C/C	WGQGTMVTVSS	0.75	H37=F;H44=E;H45=R;H47=A	H44=E;H45=R;H47=A	1	good	0.7483641489338205	0.867933096612339	0.7242126213863316	15	13229.475	5.451	-0.2031	-3.394	0		2	1	5	0	0	low	green	green	green	green	green	green	119.3605	0.0143	1.3785										WARN:deamidation_NG_NS_NT_count=1:NS@85-86;WARN:isomerization_DG_DS_DD_DT_count=5:DS@54-55;DG@56-57;DS@63-64;DT@91-92;DG@112-113	INFO:structure_modeling_not_requested
PVRIG_CAND_026	REVIEW	PASS	PASS	WARN	NOT_RUN	127	True	True	H	10	7	19	C/C	WGQGTMVTVSS	0.75	H37=F;H44=E;H45=R;H47=A	H44=E;H45=R;H47=A	1	good	0.7346191287648692	0.8659845631495154	0.7344851302144331	12	13110.31	5.539	-0.1543	-2.428	1	NVTY@58-61	2	2	2	1	0	low	green	green	green	green	green	green	112.7912	0.0	0.0										WARN:nglyc_motif_count=1:NVTY@58-61;WARN:deamidation_NG_NS_NT_count=2:NS@33-34;NS@85-86;WARN:isomerization_DG_DS_DD_DT_count=2:DS@63-64;DT@91-92;WARN:acid_cleavage_DP_count=1:DP@102-103	INFO:structure_modeling_not_requested
PVRIG_CAND_027	REVIEW	PASS	PASS	WARN	NOT_RUN	127	True	True	H	10	7	19	C/C	WGQGTQVTVSS	0.75	H37=F;H44=E;H45=R;H47=A	H44=E;H45=R;H47=A	1	good	0.7526894621582523	0.9153658086097799	0.694881751572376	15	13271.497	5.845	-0.2732	-2.389	0		2	0	3	0	0	low	green	green	green	green	green	green	116.271	0.0481	0.3147										WARN:isomerization_DG_DS_DD_DT_count=3:DS@63-64;DT@91-92;DG@104-105	INFO:structure_modeling_not_requested
PVRIG_CAND_028	REVIEW	PASS	PASS	WARN	NOT_RUN	127	True	True	H	10	7	19	C/C	WGQGTMVTVSS	0.75	H37=F;H44=E;H45=R;H47=A	H44=E;H45=R;H47=A	1	good	0.7087052261468708	0.865500995437131	0.7138314221061649	14	13729.081	5.23	-0.352	-3.429	0		2	1	3	0	0	low																			WARN:tnp_flags_not_available;WARN:deamidation_NG_NS_NT_count=1:NS@85-86;WARN:isomerization_DG_DS_DD_DT_count=3:DS@54-55;DS@63-64;DT@91-92	INFO:structure_modeling_not_requested
PVRIG_CAND_029	DEPRIORITIZE_DEVELOPABILITY	PASS	WARN	FAIL	SKIPPED	127	True	True	H	10	7	19	C/C	WGQGTMVTVSS	0.75	H37=F;H44=E;H45=R;H47=A	H44=E;H45=R;H47=A	1	borderline	0.6704603135247111	0.8510848621638786	0.7268421702512254	15	13598.12	6.921	-0.1811	-0.432	0		2	1	3	0	0	high	green	green	green	amber	red	green	127.6209	1.3227	0.0475									WARN:abnativ_vhh_score_borderline=0.670	WARN:tnp_PSH_flag=amber;FAIL:tnp_PPC_flag=red;WARN:deamidation_NG_NS_NT_count=1:NS@85-86;WARN:isomerization_DG_DS_DD_DT_count=3:DS@63-64;DT@91-92;DG@112-113	INFO:skipped_after_L3_fail
PVRIG_CAND_030	REVIEW	PASS	PASS	WARN	NOT_RUN	127	True	True	H	10	7	19	C/C	WGQGTQVTVSS	0.75	H37=F;H44=E;H45=R;H47=A	H44=E;H45=R;H47=A	1	good	0.7705575379305756	0.9011124864760003	0.714964493394162	16	13079.235	5.716	-0.2787	-1.465	0		2	1	2	0	0	low	green	green	green	green	green	green	95.8595	0.0048	0.0										WARN:deamidation_NG_NS_NT_count=1:NG@54-55;WARN:isomerization_DG_DS_DD_DT_count=2:DS@63-64;DT@91-92	INFO:structure_modeling_not_requested
PVRIG_CAND_031	REVIEW	PASS	PASS	WARN	NOT_RUN	124	True	True	H	8	8	17	C/C	WGQGTLVTVSS	1.0	H37=F;H44=E;H45=K;H47=G	H44=E;H45=K;H47=G	0	good	0.7869433041276725	0.9131577381266579	0.7482780515471653	15	13236.39	4.822	-0.3032	-3.506	0		2	3	2	0	0	low	green	green	green	green	green	green	92.7813	0.0677	1.2173										WARN:pI_unusual=4.82;WARN:deamidation_NG_NS_NT_count=3:NS@74-75;NT@77-78;NS@84-85;WARN:isomerization_DG_DS_DD_DT_count=2:DS@62-63;DT@90-91	INFO:structure_modeling_not_requested
PVRIG_CAND_032	REVIEW	PASS	WARN	WARN	NOT_RUN	127	True	True	H	10	7	19	C/C	WGQGTMVTVSS	0.75	H37=F;H44=E;H45=R;H47=A	H44=E;H45=R;H47=A	1	borderline	0.6820344056798875	0.8459621284178774	0.7197073627424639	14	13460.784	5.7	-0.2118	-1.468	1	NVTY@58-61	2	2	2	1	0	low	green	green	green	green	green	green	112.9238	0.0	0.0									WARN:abnativ_vhh_score_borderline=0.682	WARN:nglyc_motif_count=1:NVTY@58-61;WARN:deamidation_NG_NS_NT_count=2:NG@31-32;NS@85-86;WARN:isomerization_DG_DS_DD_DT_count=2:DS@63-64;DT@91-92;WARN:acid_cleavage_DP_count=1:DP@102-103	INFO:structure_modeling_not_requested
PVRIG_CAND_033	REVIEW	PASS	WARN	WARN	NOT_RUN	127	True	True	H	10	7	19	C/C	WGQGTMVTVSS	0.75	H37=F;H44=E;H45=R;H47=A	H44=E;H45=R;H47=A	1	borderline	0.6985878636657237	0.8442683656413932	0.727036400115132	16	13253.535	4.938	-0.1858	-3.469	0		2	3	2	0	0	low	green	green	green	green	green	green	116.2578	0.0	0.1636									WARN:abnativ_vhh_score_borderline=0.699	WARN:pI_unusual=4.94;WARN:deamidation_NG_NS_NT_count=3:NT@59-60;NS@85-86;NS@101-102;WARN:isomerization_DG_DS_DD_DT_count=2:DS@63-64;DT@91-92	INFO:structure_modeling_not_requested
PVRIG_CAND_034	REVIEW	PASS	WARN	WARN	NOT_RUN	127	True	True	H	10	7	19	C/C	WGQGTMVTVSS	0.75	H37=F;H44=E;H45=R;H47=A	H44=E;H45=R;H47=A	1	borderline	0.6682028932625494	0.8388534824804458	0.7272495031210147	15	13329.633	5.19	-0.2102	-3.43	1	NVTY@58-61	2	1	3	0	0	low	green	green	green	green	green	green	121.4194	0.0	1.1126									WARN:abnativ_vhh_score_borderline=0.668	WARN:nglyc_motif_count=1:NVTY@58-61;WARN:deamidation_NG_NS_NT_count=1:NS@85-86;WARN:isomerization_DG_DS_DD_DT_count=3:DG@31-32;DS@63-64;DT@91-92	INFO:structure_modeling_not_requested
PVRIG_CAND_035	REVIEW	PASS	PASS	WARN	NOT_RUN	124	True	True	H	8	8	17	C/C	WGQGTLVTVSS	1.0	H37=F;H44=E;H45=K;H47=G	H44=E;H45=K;H47=G	0	good	0.7943150956577681	0.9015075399446454	0.7542638419751799	15	13367.56	4.821	-0.3863	-3.514	0		2	3	3	1	0	low	green	green	green	green	green	green	84.145	0.0836	0.6936										WARN:pI_unusual=4.82;WARN:deamidation_NG_NS_NT_count=3:NS@74-75;NT@77-78;NS@84-85;WARN:isomerization_DG_DS_DD_DT_count=3:DG@54-55;DS@62-63;DT@90-91;WARN:acid_cleavage_DP_count=1:DP@107-108	INFO:structure_modeling_not_requested
PVRIG_CAND_036	REVIEW	PASS	PASS	WARN	NOT_RUN	124	True	True	H	8	8	17	C/C	WGQGTLVTVSS	1.0	H37=F;H44=Q;H45=K;H47=G	H44=Q;H45=K;H47=G	0	good	0.7629151698910649	0.8885815819918887	0.7586857307093939	12	13290.482	6.76	-0.3597	-0.478	0		2	3	3	0	0	low	green	green	green	green	green	green	92.6871	0.0	0.0										WARN:deamidation_NG_NS_NT_count=3:NS@74-75;NT@77-78;NS@84-85;WARN:isomerization_DG_DS_DD_DT_count=3:DG@54-55;DS@62-63;DT@90-91	INFO:structure_modeling_not_requested
PVRIG_CAND_037	REVIEW	PASS	PASS	WARN	NOT_RUN	123	True	True	H	8	8	16	C/C	WGQGTLVTVSS	1.0	H37=F;H44=Q;H45=R;H47=G	H44=Q;H45=R;H47=G	0	good	0.8124417842584926	0.9304560529312769	0.7613962181366798	12	13146.418	5.238	-0.3024	-1.512	0		2	3	3	1	0	low	green	green	green	green	green	green	94.6087	0.0	0.4231										WARN:deamidation_NG_NS_NT_count=3:NS@74-75;NT@77-78;NS@84-85;WARN:isomerization_DG_DS_DD_DT_count=3:DG@54-55;DS@62-63;DT@90-91;WARN:acid_cleavage_DP_count=1:DP@106-107	INFO:structure_modeling_not_requested
PVRIG_CAND_038	REVIEW	PASS	PASS	WARN	NOT_RUN	124	True	True	H	8	8	17	C/C	WGQGTLVTVSS	1.0	H37=F;H44=Q;H45=R;H47=G	H44=Q;H45=R;H47=G	0	good	0.8157008125048191	0.9128016087712222	0.770932222825415	12	13259.516	7.952	-0.2984	0.487	0		2	3	4	0	0	low	green	green	green	green	green	green	89.6978	0.0	0.0571										WARN:deamidation_NG_NS_NT_count=3:NS@74-75;NT@77-78;NS@84-85;WARN:isomerization_DG_DS_DD_DT_count=4:DG@54-55;DS@62-63;DT@90-91;DS@100-101	INFO:structure_modeling_not_requested
PVRIG_CAND_039	REVIEW	PASS	PASS	WARN	NOT_RUN	124	True	True	H	8	8	17	C/C	WGQGTLVTVSS	1.0	H37=F;H44=Q;H45=K;H47=G	H44=Q;H45=K;H47=G	0	good	0.8109742534583977	0.8819715492856794	0.7595233447894815	16	13255.352	5.208	-0.4145	-1.515	0		2	3	3	0	0	low	green	green	green	green	green	green	92.3807	0.0	0.0924										WARN:deamidation_NG_NS_NT_count=3:NS@74-75;NT@77-78;NS@84-85;WARN:isomerization_DG_DS_DD_DT_count=3:DG@54-55;DS@62-63;DT@90-91	INFO:structure_modeling_not_requested
PVRIG_CAND_040	REVIEW	PASS	PASS	WARN	NOT_RUN	123	True	True	H	8	8	16	C/C	WGQGTLVTVSS	1.0	H37=F;H44=E;H45=K;H47=G	H44=E;H45=K;H47=G	0	good	0.7938436114492401	0.9191979692663842	0.7687757710388642	12	13013.21	5.693	-0.1846	-1.47	0		2	3	4	1	0	low	green	green	green	green	green	green	116.386	0.1136	0.058										WARN:deamidation_NG_NS_NT_count=3:NS@74-75;NT@77-78;NS@84-85;WARN:isomerization_DG_DS_DD_DT_count=4:DS@30-31;DS@52-53;DS@62-63;DT@90-91;WARN:acid_cleavage_DP_count=1:DP@106-107	INFO:structure_modeling_not_requested
PVRIG_CAND_041	REVIEW	PASS	PASS	WARN	NOT_RUN	123	True	True	H	8	8	16	C/C	WGQGTLVTVSS	1.0	H37=F;H44=Q;H45=K;H47=G	H44=Q;H45=K;H47=G	0	good	0.8100767187923191	0.8912079409043047	0.767487672146228	12	13077.161	4.868	-0.3236	-3.475	0		2	3	3	0	0	low	green	green	green	green	green	green	90.8782	0.0	0.1031										WARN:pI_unusual=4.87;WARN:deamidation_NG_NS_NT_count=3:NS@74-75;NT@77-78;NS@84-85;WARN:isomerization_DG_DS_DD_DT_count=3:DG@54-55;DS@62-63;DT@90-91	INFO:structure_modeling_not_requested
PVRIG_CAND_042	REVIEW	PASS	PASS	WARN	NOT_RUN	123	True	True	H	8	8	16	C/C	WGQGTQVTVSS	1.0	H37=F;H44=Q;H45=R;H47=G	H44=Q;H45=R;H47=G	0	good	0.8094537726693873	0.9450153288798747	0.7270706086608816	14	13161.445	8.638	-0.4919	1.488	0		2	2	3	0	0	low	green	green	green	green	green	green	98.9759	0.0	0.0667										WARN:deamidation_NG_NS_NT_count=2:NT@77-78;NS@84-85;WARN:isomerization_DG_DS_DD_DT_count=3:DG@54-55;DS@62-63;DT@90-91	INFO:structure_modeling_not_requested
PVRIG_CAND_043	REVIEW	PASS	PASS	WARN	NOT_RUN	123	True	True	H	8	8	16	C/C	WGQGTQVTVSS	1.0	H37=F;H44=Q;H45=R;H47=G	H44=Q;H45=R;H47=G	0	good	0.8373006251644403	0.9721114166486717	0.7296338229235716	18	13153.378	6.387	-0.5821	-0.512	0		2	2	3	1	0	low	green	green	green	green	green	green	102.9763	0.0471	0.1376										WARN:deamidation_NG_NS_NT_count=2:NT@77-78;NS@84-85;WARN:isomerization_DG_DS_DD_DT_count=3:DG@54-55;DS@62-63;DT@90-91;WARN:acid_cleavage_DP_count=1:DP@106-107	INFO:structure_modeling_not_requested
PVRIG_CAND_044	REVIEW	PASS	PASS	WARN	NOT_RUN	127	True	True	H	10	7	19	C/C	WGQGTMVTVSS	0.75	H37=F;H44=E;H45=R;H47=A	H44=E;H45=R;H47=A	1	good	0.7329909210827734	0.8731819977335593	0.7335791258346729	16	13212.553	5.289	-0.1528	-2.465	0		2	1	2	0	0	low	green	green	green	green	green	green	120.117	0.0953	0.3383										WARN:deamidation_NG_NS_NT_count=1:NS@85-86;WARN:isomerization_DG_DS_DD_DT_count=2:DS@63-64;DT@91-92	INFO:structure_modeling_not_requested
PVRIG_CAND_045	REJECT_NOT_VHH_LIKE	PASS	FAIL	SKIPPED	SKIPPED	127	True	True	H	10	7	19	C/C	WGQGTMVTVSS	0.25	H37=F;H44=G;H45=L;H47=A	H44=G;H45=L;H47=A	2	poor	0.7041376898486802	0.8274678804006618	0.7555737177196039	9	13045.416	6.854	-0.1354	-0.354	0		2	1	3	2	0																			FAIL:fr2_hallmark_score_low=0.25;FAIL:missing_key_hydrophilic_fr2_substitutions_H44=G_H45=L;WARN:vl_interface_hydrophobic_count=2	INFO:skipped_after_L2_fail	INFO:skipped_after_L2_fail
PVRIG_CAND_046	REJECT_NOT_VHH_LIKE	PASS	FAIL	SKIPPED	SKIPPED	127	True	True	H	10	7	19	C/C	WGQGTMVTVSS	0.25	H37=F;H44=G;H45=L;H47=A	H44=G;H45=L;H47=A	2	poor	0.7032981540226392	0.837112136855782	0.7521072589447648	10	13096.585	8.067	-0.1	0.604	0		2	1	2	2	0																			FAIL:fr2_hallmark_score_low=0.25;FAIL:missing_key_hydrophilic_fr2_substitutions_H44=G_H45=L;WARN:vl_interface_hydrophobic_count=2	INFO:skipped_after_L2_fail	INFO:skipped_after_L2_fail
PVRIG_CAND_047	REJECT_NOT_VHH_LIKE	PASS	FAIL	SKIPPED	SKIPPED	127	True	True	H	10	7	19	C/C	WGQGTMVTVSS	0.25	H37=F;H44=G;H45=L;H47=A	H44=G;H45=L;H47=A	2	poor	0.6886764530914967	0.8063638223433897	0.766140747958369	8	12967.358	8.067	-0.1094	0.603	0		2	1	2	1	0																			FAIL:fr2_hallmark_score_low=0.25;FAIL:missing_key_hydrophilic_fr2_substitutions_H44=G_H45=L;WARN:vl_interface_hydrophobic_count=2;WARN:abnativ_vhh_score_borderline=0.689	INFO:skipped_after_L2_fail	INFO:skipped_after_L2_fail
PVRIG_CAND_048	REJECT_NOT_VHH_LIKE	PASS	FAIL	SKIPPED	SKIPPED	127	True	True	H	10	7	19	C/C	WGQGTMVTVSS	0.25	H37=F;H44=G;H45=L;H47=A	H44=G;H45=L;H47=A	2	poor	0.690613959017498	0.7969390156400706	0.7694603100265046	11	13134.436	6.5	-0.2189	-0.394	0		2	1	2	1	0																			FAIL:fr2_hallmark_score_low=0.25;FAIL:missing_key_hydrophilic_fr2_substitutions_H44=G_H45=L;WARN:vl_interface_hydrophobic_count=2;WARN:abnativ_vhh_score_borderline=0.691	INFO:skipped_after_L2_fail	INFO:skipped_after_L2_fail
PVRIG_CAND_049	REVIEW	PASS	WARN	WARN	NOT_RUN	127	True	True	H	10	7	19	C/C	WGQGTMVTVSS	0.75	H37=F;H44=E;H45=R;H47=A	H44=E;H45=R;H47=A	1	borderline	0.6670648889597466	0.8497270607507085	0.7280061304840575	15	13564.016	5.603	-0.2244	-2.428	0		2	1	2	0	0	moderate	green	green	green	amber	green	green	130.0518	0.0919	0.3084									WARN:abnativ_vhh_score_borderline=0.667	WARN:tnp_PSH_flag=amber;WARN:deamidation_NG_NS_NT_count=1:NS@85-86;WARN:isomerization_DG_DS_DD_DT_count=2:DS@63-64;DT@91-92;WARN:polyreactivity_proxy=moderate	INFO:structure_modeling_not_requested
PVRIG_CAND_050	REVIEW	PASS	PASS	WARN	NOT_RUN	123	True	True	H	8	8	16	C/C	WGQGTLVTVSS	1.0	H37=F;H44=E;H45=K;H47=G	H44=E;H45=K;H47=G	0	good	0.8000709721615993	0.9013536291523306	0.751740721281527	12	13156.347	5.675	-0.3285	-1.476	0		2	3	3	0	0	moderate	green	green	green	amber	green	green	79.5044	0.0	0.0										WARN:tnp_PSH_flag=amber;WARN:deamidation_NG_NS_NT_count=3:NS@74-75;NT@77-78;NS@84-85;WARN:isomerization_DG_DS_DD_DT_count=3:DG@54-55;DS@62-63;DT@90-91;WARN:polyreactivity_proxy=moderate	INFO:structure_modeling_not_requested
