top200_rank	candidate_id	sequence_sha256	structure_consistency_label	high_uncertainty	reasons	nbb2_state	nbb2_sequence_match	nbb2_ca_count	nbb2_coverage	nbb2_pdb	nbb2_pdb_sha256	igfold_state	igfold_sequence_match	igfold_ca_count	igfold_coverage	igfold_pdb	igfold_pdb_sha256	nanonet_state	nanonet_sequence_match	nanonet_ca_count	nanonet_coverage	nanonet_pdb	nanonet_pdb_sha256	igfold_vs_nbb2_fr_rmsd_a	igfold_vs_nbb2_cdr1_rmsd_a	igfold_vs_nbb2_cdr2_rmsd_a	igfold_vs_nbb2_cdr3_rmsd_a	igfold_vs_nanonet_fr_rmsd_a	igfold_vs_nanonet_cdr1_rmsd_a	igfold_vs_nanonet_cdr2_rmsd_a	igfold_vs_nanonet_cdr3_rmsd_a	nbb2_vs_nanonet_fr_rmsd_a	nbb2_vs_nanonet_cdr1_rmsd_a	nbb2_vs_nanonet_cdr2_rmsd_a	nbb2_vs_nanonet_cdr3_rmsd_a	max_pairwise_fr_rmsd_a	max_pairwise_cdr3_rmsd_a
3	P1MCPUFP__CPUFP500K_0188__00549	eb1b645b0700e655e62c137aafdfa25d74b75e1db39b6f9afd48f76037484d59	PASS	true	cdr3_cross_tool_disagreement_gt_4A_diagnostic	PASS	true	127	1.0	/data1/qlyu/projects/pvrig_top7500_c2_gap_recovery_v1_20260723/c2_new4220_dualreceptor_seed42_3047_handoff_v1/inputs/candidate_monomers/P1MCPUFP__CPUFP500K_0188__00549.pdb	dae6c84abfe62363870247e38ddf10dc74a78be5f90545c3ff385e61fe51b686	PASS	true	127	1.0	/data/qlyu/projects/pvrig_top200_structure_consistency_v1_20260725/models/igfold/P1MCPUFP__CPUFP500K_0188__00549.pdb	b2f2079fe04b79a134004e3e94bd5412d80c9e850857ee2521ff5f87511bf985	PASS	true	127	1.0	/data/qlyu/projects/pvrig_top200_structure_consistency_v1_20260725/models/nanonet/P1MCPUFP__CPUFP500K_0188__00549_nanonet_backbone_cb.pdb	711e40801abc855423962de776a1e35f50eff8b1b66869641ebc48d85d587e1e	0.6397	2.0455	0.858	2.9938	0.471	2.2728	0.5562	4.4415	0.739	2.887	0.8777	5.3385	0.739	5.3385
4	P1MCPUFP__CPUFP500K_0188__00519	1e27974c88464a10f27ed42dfee12448adbb9d066c3aa6857a1019358455ed52	PASS	true	cdr3_cross_tool_disagreement_gt_4A_diagnostic	PASS	true	127	1.0	/data1/qlyu/projects/pvrig_top7500_c2_gap_recovery_v1_20260723/c2_new4220_dualreceptor_seed42_3047_handoff_v1/inputs/candidate_monomers/P1MCPUFP__CPUFP500K_0188__00519.pdb	bf2e47f9ebbeb648315612db6c14465e2b13860716a56fe07499db640f4f6f33	PASS	true	127	1.0	/data/qlyu/projects/pvrig_top200_structure_consistency_v1_20260725/models/igfold/P1MCPUFP__CPUFP500K_0188__00519.pdb	0ff8d307ee5c421343e76fa1524dea3e6b1a4ca7cc92a5e4e98840836797beb5	PASS	true	127	1.0	/data/qlyu/projects/pvrig_top200_structure_consistency_v1_20260725/models/nanonet/P1MCPUFP__CPUFP500K_0188__00519_nanonet_backbone_cb.pdb	11c559513ce18e65dd9411db210158fcb645bc199866a074d0fa57ed2a2623eb	0.6334	1.3706	1.0535	2.6158	0.5168	1.6974	0.7233	3.3963	0.851	2.1123	0.9918	4.4142	0.851	4.4142
6	P1MCPUFP__CPUFP500K_0086__00466	9e91c2bcd67388f3118d962f905465480b13b0bd2acfa8d5d15faa05b8122afa	PASS	true	cdr3_cross_tool_disagreement_gt_4A_diagnostic	PASS	true	127	1.0	/data1/qlyu/projects/pvrig_priority_top7500_dualreceptor_multiseed_handoff_v3_20260722/inputs/candidate_monomers/P1MCPUFP__CPUFP500K_0086__00466.pdb	7ba35a095e1769cf251038a83f1cae0102d125e2b097061ecdff81c611b80ea7	PASS	true	127	1.0	/data/qlyu/projects/pvrig_top200_structure_consistency_v1_20260725/models/igfold/P1MCPUFP__CPUFP500K_0086__00466.pdb	ca1a9f21515fcea269089e8ca7c605276c0d32ca7b75cbf7fb4e61db084515f7	PASS	true	127	1.0	/data/qlyu/projects/pvrig_top200_structure_consistency_v1_20260725/models/nanonet/P1MCPUFP__CPUFP500K_0086__00466_nanonet_backbone_cb.pdb	0dbe03b6eaa93fd6df7d500559fde25a0df7fabe6663d3845b344fd113d1ba74	0.4701	1.8794	0.6277	2.1598	0.4943	1.7486	0.5198	5.7134	0.5351	2.3236	0.6207	6.5758	0.5351	6.5758
7	P1MCPUFP__CPUFP500K_0100__00383	f69bd2010a46452727d20704c4361da805ce4a60728526860d0ad0afc606772d	PASS	true	cdr3_cross_tool_disagreement_gt_4A_diagnostic	PASS	true	127	1.0	/data1/qlyu/projects/pvrig_priority_top7500_dualreceptor_multiseed_handoff_v3_20260722/inputs/candidate_monomers/P1MCPUFP__CPUFP500K_0100__00383.pdb	2b5954384d17be6a073fe1373497a48fd471eb6620c23dea0f47f6dd0b2fb5a9	PASS	true	127	1.0	/data/qlyu/projects/pvrig_top200_structure_consistency_v1_20260725/models/igfold/P1MCPUFP__CPUFP500K_0100__00383.pdb	5c8ebda17be0b77958a6f9561f1239f401dcb9feda2a3dc8a957c5a6c1e627e2	PASS	true	127	1.0	/data/qlyu/projects/pvrig_top200_structure_consistency_v1_20260725/models/nanonet/P1MCPUFP__CPUFP500K_0100__00383_nanonet_backbone_cb.pdb	b77711989785b6ea1fc606edfd812271d3d17a708cb58e0f04bcd8f8dc898b8e	0.5002	1.393	0.487	1.7633	0.4808	2.3884	0.2336	4.4448	0.5878	2.3581	0.5374	5.1013	0.5878	5.1013
8	P1MCPUFP__CPUFP500K_0287__00804	b7dae83f4ec97556782ec9a29d000d2a1e4dabf1867ad3a6dce44098ac00dfa2	PASS	true	cdr3_cross_tool_disagreement_gt_4A_diagnostic	PASS	true	127	1.0	/data1/qlyu/projects/pvrig_top7500_c2_gap_recovery_v1_20260723/c2_new4220_dualreceptor_seed42_3047_handoff_v1/inputs/candidate_monomers/P1MCPUFP__CPUFP500K_0287__00804.pdb	3f5687188c1e0225cc525b5bcdfc8cb730e98eac64a53698c65ef8650fcc9181	PASS	true	127	1.0	/data/qlyu/projects/pvrig_top200_structure_consistency_v1_20260725/models/igfold/P1MCPUFP__CPUFP500K_0287__00804.pdb	8021ac6e02908af66985f883cb2784e0c9c4f3e39344073c7f85dce80f06b960	PASS	true	127	1.0	/data/qlyu/projects/pvrig_top200_structure_consistency_v1_20260725/models/nanonet/P1MCPUFP__CPUFP500K_0287__00804_nanonet_backbone_cb.pdb	dccab95c9e9d9ea00e80ad517dfc32fe042857776803094bb1326e6fbcf51370	0.8111	2.7715	1.3833	2.3942	0.437	2.2941	0.5961	4.0892	0.9532	3.5844	1.1113	5.1676	0.9532	5.1676
10	P1MCPUFP__CPUFP500K_0089__00735	29d7f3cd57e5a17cd9e3980812fbd53fa79512bc88c8bf3c4d9e266a35b114ba	PASS	true	cdr3_cross_tool_disagreement_gt_4A_diagnostic	PASS	true	127	1.0	/data1/qlyu/projects/pvrig_top7500_c2_gap_recovery_v1_20260723/c2_new4220_dualreceptor_seed42_3047_handoff_v1/inputs/candidate_monomers/P1MCPUFP__CPUFP500K_0089__00735.pdb	5a025d0e1beac1667df155a1f5a9c87b7d4ec033fdcc577b17e6412c805e4022	PASS	true	127	1.0	/data/qlyu/projects/pvrig_top200_structure_consistency_v1_20260725/models/igfold/P1MCPUFP__CPUFP500K_0089__00735.pdb	cc4a70577b7b621a1bab7d76eef9299657efec801ad8b57859de656fb20d75c1	PASS	true	127	1.0	/data/qlyu/projects/pvrig_top200_structure_consistency_v1_20260725/models/nanonet/P1MCPUFP__CPUFP500K_0089__00735_nanonet_backbone_cb.pdb	4da56e4c7fc01ff9105bde32916f83f77c839eefc6e0a95ce04d7fd75ff41b76	0.4916	1.712	0.8761	4.1655	0.515	1.8325	0.7119	4.4059	0.7447	2.1268	0.5145	6.9207	0.7447	6.9207
12	P1MCPUFP__CPUFP500K_0388__00663	30a3252f69eec690ac5610410e5083778094f026020f44b2f6532f7f285a6481	PASS	true	cdr3_cross_tool_disagreement_gt_4A_diagnostic	PASS	true	127	1.0	/data1/qlyu/projects/pvrig_top7500_c2_gap_recovery_v1_20260723/c2_new4220_dualreceptor_seed42_3047_handoff_v1/inputs/candidate_monomers/P1MCPUFP__CPUFP500K_0388__00663.pdb	b8b89b60f40fd685f438db53719db5b3dc766a5bf768e8139b904b2a03347c3e	PASS	true	127	1.0	/data/qlyu/projects/pvrig_top200_structure_consistency_v1_20260725/models/igfold/P1MCPUFP__CPUFP500K_0388__00663.pdb	8d479faf823e411665c5f8836082534613e921bccb0708e0775ce87e1cb9085f	PASS	true	127	1.0	/data/qlyu/projects/pvrig_top200_structure_consistency_v1_20260725/models/nanonet/P1MCPUFP__CPUFP500K_0388__00663_nanonet_backbone_cb.pdb	3bff68a7b0763922010dedcf89bed47e924a20128021b6dcd64e6b661d59ca18	0.5576	3.081	0.4352	2.6369	0.4909	3.6304	1.0998	5.2092	0.7399	3.8321	1.2763	6.1084	0.7399	6.1084
16	P1MCPUFP__CPUFP500K_0100__00188	9c868db5026eb441e514242a1c11d6351f78443c84e2eb7331ba8fcc72e6a7ac	PASS	true	cdr3_cross_tool_disagreement_gt_4A_diagnostic	PASS	true	127	1.0	/data1/qlyu/projects/pvrig_priority_top7500_dualreceptor_multiseed_handoff_v3_20260722/inputs/candidate_monomers/P1MCPUFP__CPUFP500K_0100__00188.pdb	59f1fc965cf2c70e1480a9660af492718c87e6fff7ddf97fe75638bddc0ddd02	PASS	true	127	1.0	/data/qlyu/projects/pvrig_top200_structure_consistency_v1_20260725/models/igfold/P1MCPUFP__CPUFP500K_0100__00188.pdb	cf1c50073172bc3e3de17a26e276dc8ac225c227392aa3af015ccc5aee09faec	PASS	true	127	1.0	/data/qlyu/projects/pvrig_top200_structure_consistency_v1_20260725/models/nanonet/P1MCPUFP__CPUFP500K_0100__00188_nanonet_backbone_cb.pdb	6b2f5f53f021ccbc40670881ae1dca5647d1e53dcdf9dc50a34aea9405cb53c8	0.4844	1.7442	0.3798	1.9429	0.4676	2.5375	0.3387	3.9257	0.5395	2.4552	0.5259	4.9729	0.5395	4.9729
21	P1MCPUFP__CPUFP500K_0188__00189	d5990831b1dcfb88e40f0d2b3e5d70a801cbda31053ce3f89e8ef9583dcca82a	PASS	true	cdr3_cross_tool_disagreement_gt_4A_diagnostic	PASS	true	127	1.0	/data1/qlyu/projects/pvrig_top7500_c2_gap_recovery_v1_20260723/c2_new4220_dualreceptor_seed42_3047_handoff_v1/inputs/candidate_monomers/P1MCPUFP__CPUFP500K_0188__00189.pdb	70b35c716d481989bb7b65c0ef7a21168c95b1797b978256a7c8bbc242ff142d	PASS	true	127	1.0	/data/qlyu/projects/pvrig_top200_structure_consistency_v1_20260725/models/igfold/P1MCPUFP__CPUFP500K_0188__00189.pdb	3ae3047686a1b85b476b9d06e0f6a8226ee5414bd9c4b1a563fbaef740b1ea48	PASS	true	127	1.0	/data/qlyu/projects/pvrig_top200_structure_consistency_v1_20260725/models/nanonet/P1MCPUFP__CPUFP500K_0188__00189_nanonet_backbone_cb.pdb	dcfa71a91e540795373780c1da489bb6d86d2e0af9e7c88071445b08a37a2b43	0.7983	2.9426	1.7873	2.6259	0.4651	2.7764	0.455	3.7521	1.013	2.8721	1.4448	5.3239	1.013	5.3239
22	P1MCPUFP__CPUFP500K_0189__00858	0d999dc1b693bc19c667df3a8f6934def9a35327ac896cb1edda2ebda12f66a4	PASS	true	cdr3_cross_tool_disagreement_gt_4A_diagnostic	PASS	true	127	1.0	/data1/qlyu/projects/pvrig_priority_top7500_dualreceptor_multiseed_handoff_v3_20260722/inputs/candidate_monomers/P1MCPUFP__CPUFP500K_0189__00858.pdb	58d54cb174c2a44531f62abef9d626989a849c958a919c67c0f7884ffe4ef818	PASS	true	127	1.0	/data/qlyu/projects/pvrig_top200_structure_consistency_v1_20260725/models/igfold/P1MCPUFP__CPUFP500K_0189__00858.pdb	80e2164b3dadd4ea2a6c52a84ba9ac851b4916a4bda416bd4e3255a20bee970e	PASS	true	127	1.0	/data/qlyu/projects/pvrig_top200_structure_consistency_v1_20260725/models/nanonet/P1MCPUFP__CPUFP500K_0189__00858_nanonet_backbone_cb.pdb	4f3a750852b85d3c1588aa2c90ed811ca97473e0a72bbd979ea100e15cb9fdab	0.4104	1.6051	0.9098	2.7143	0.544	1.7907	0.6898	2.7531	0.5462	1.7306	0.5557	4.0164	0.5462	4.0164
25	P1MCPUFP__CPUFP500K_0404__00828	dbf3c83c8b13edb0c86f32b044d13780c5dc6243be97482225cb38abd5edd3b3	PASS	true	cdr3_cross_tool_disagreement_gt_4A_diagnostic	PASS	true	127	1.0	/data1/qlyu/projects/pvrig_top7500_c2_gap_recovery_v1_20260723/c2_new4220_dualreceptor_seed42_3047_handoff_v1/inputs/candidate_monomers/P1MCPUFP__CPUFP500K_0404__00828.pdb	fc531823c87d31123d491f192b89394ada12a78d8c1a6655d6e08b0fd8b247c5	PASS	true	127	1.0	/data/qlyu/projects/pvrig_top200_structure_consistency_v1_20260725/models/igfold/P1MCPUFP__CPUFP500K_0404__00828.pdb	027d0fdc54ccbaebb98f09d73f362c6eb7ca73fc9d1c21c288ef0c075e09ed5b	PASS	true	127	1.0	/data/qlyu/projects/pvrig_top200_structure_consistency_v1_20260725/models/nanonet/P1MCPUFP__CPUFP500K_0404__00828_nanonet_backbone_cb.pdb	702c4c08a22ab7d3e9924c1a03a85fa3eeead614923efbdcc9b2dfb0f57aad54	0.4255	2.6031	0.6683	2.7876	0.5508	3.6237	0.7696	2.5316	0.5868	3.6622	0.7919	4.2513	0.5868	4.2513
26	P1MCPUFP__CPUFP500K_0496__00432	ea6d6f18b0c566535e0110cd0a3789883dfd5d4cd1b3e5e0714aab803c5d1c34	PASS	true	cdr3_cross_tool_disagreement_gt_4A_diagnostic	PASS	true	127	1.0	/data1/qlyu/projects/pvrig_priority_top7500_dualreceptor_multiseed_handoff_v3_20260722/inputs/candidate_monomers/P1MCPUFP__CPUFP500K_0496__00432.pdb	114cca376677eab22b0bfb491ad94b1939f8f4e25b7c3a49f058a70be4bddc02	PASS	true	127	1.0	/data/qlyu/projects/pvrig_top200_structure_consistency_v1_20260725/models/igfold/P1MCPUFP__CPUFP500K_0496__00432.pdb	5fc0fecbfe321d99f9f47af2d4da7a0e4e0aa4675597d73602a3fe3c7c865431	PASS	true	127	1.0	/data/qlyu/projects/pvrig_top200_structure_consistency_v1_20260725/models/nanonet/P1MCPUFP__CPUFP500K_0496__00432_nanonet_backbone_cb.pdb	df62d3762b24a47a077bac405b539aefe45bc2378ed3d7f776b2c9896136d7a9	0.5324	1.522	0.3541	1.7861	0.4503	2.3237	0.4182	3.4576	0.5752	2.6984	0.5515	4.5113	0.5752	4.5113
28	P1MCPUFP__CPUFP500K_0188__00282	9b9526a84780d13e222d47c1796b4499c46d05968d9a6b3b9c4a210f8f46a9c0	PASS	true	cdr3_cross_tool_disagreement_gt_4A_diagnostic	PASS	true	127	1.0	/data1/qlyu/projects/pvrig_top7500_c2_gap_recovery_v1_20260723/c2_new4220_dualreceptor_seed42_3047_handoff_v1/inputs/candidate_monomers/P1MCPUFP__CPUFP500K_0188__00282.pdb	f1ee48559dce42d23e7b6154bde82267433cd2900b170b0010a5fc27a22eea3d	PASS	true	127	1.0	/data/qlyu/projects/pvrig_top200_structure_consistency_v1_20260725/models/igfold/P1MCPUFP__CPUFP500K_0188__00282.pdb	238bd283e1e40a4aa1f8079c11262a6cec02a13f7b0bc4c108a8806b5b7a2d36	PASS	true	127	1.0	/data/qlyu/projects/pvrig_top200_structure_consistency_v1_20260725/models/nanonet/P1MCPUFP__CPUFP500K_0188__00282_nanonet_backbone_cb.pdb	6a9eb6ff8b7a1ad301f2016f060cb7f6eab59820902e6392fba489da2db331dc	0.6347	2.5847	1.0153	4.0174	0.4393	2.4634	0.3263	3.0007	0.7863	3.0454	0.8463	4.7662	0.7863	4.7662
30	P1MCPUFP__CPUFP500K_0083__00464	2dc67b3fdf1e450ce79c75418566395c45d235cc7d3c166b90f48fadfb45d1ea	PASS	true	cdr3_cross_tool_disagreement_gt_4A_diagnostic	PASS	true	127	1.0	/data1/qlyu/projects/pvrig_top7500_c2_gap_recovery_v1_20260723/c2_new4220_dualreceptor_seed42_3047_handoff_v1/inputs/candidate_monomers/P1MCPUFP__CPUFP500K_0083__00464.pdb	cd8309df43ba9067e3fb187816a9aba38dbfdac1aa26739ae03d7e0420b3fce3	PASS	true	127	1.0	/data/qlyu/projects/pvrig_top200_structure_consistency_v1_20260725/models/igfold/P1MCPUFP__CPUFP500K_0083__00464.pdb	00ed7a316d4b3d54a49f53f5eda41a9ff688759ef15c857cd11ff4e60c016214	PASS	true	127	1.0	/data/qlyu/projects/pvrig_top200_structure_consistency_v1_20260725/models/nanonet/P1MCPUFP__CPUFP500K_0083__00464_nanonet_backbone_cb.pdb	7c8cc4bdd1856bb21002b46bac57325d144c4d5057132c42c63a7564fb38eb17	0.7557	2.1953	1.1389	3.1657	0.5853	2.5394	0.5803	3.6314	0.8184	3.6819	1.1204	4.3468	0.8184	4.3468
31	P1MCPUFP__CPUFP500K_0188__00094	077b7f49a10e43bd1775637081c75d6f32e80c5b530ea73ae14c0aa7dc92259c	PASS	true	cdr3_cross_tool_disagreement_gt_4A_diagnostic	PASS	true	127	1.0	/data1/qlyu/projects/pvrig_top7500_c2_gap_recovery_v1_20260723/c2_new4220_dualreceptor_seed42_3047_handoff_v1/inputs/candidate_monomers/P1MCPUFP__CPUFP500K_0188__00094.pdb	1fdd84d507bb7cce5ffb9b8073fc8473cdb1ae0fc3c84199e374a1756d5506d9	PASS	true	127	1.0	/data/qlyu/projects/pvrig_top200_structure_consistency_v1_20260725/models/igfold/P1MCPUFP__CPUFP500K_0188__00094.pdb	d548fa68e544562df3ccec9b6ce1dfda521a52130c60e4f6d0c700ecb9d417eb	PASS	true	127	1.0	/data/qlyu/projects/pvrig_top200_structure_consistency_v1_20260725/models/nanonet/P1MCPUFP__CPUFP500K_0188__00094_nanonet_backbone_cb.pdb	6b24664a78c9f7962b4a6d1313ca85166871048eb0da22e7afe6e48d00f89d0e	0.4904	2.4447	0.5211	3.1571	0.4333	2.4923	0.4503	3.894	0.6624	2.289	0.4941	5.0232	0.6624	5.0232
32	P1MCPUFP__CPUFP500K_0184__00187	4bbbb354b5505f3cf22983dab52a916b03e6811586ccbc397d082465e5c25202	PASS	true	cdr3_cross_tool_disagreement_gt_4A_diagnostic	PASS	true	127	1.0	/data1/qlyu/projects/pvrig_top7500_c2_gap_recovery_v1_20260723/c2_new4220_dualreceptor_seed42_3047_handoff_v1/inputs/candidate_monomers/P1MCPUFP__CPUFP500K_0184__00187.pdb	25e00e6334375d4c84684c0f036b6516592703b52187470faffeef3048868d71	PASS	true	127	1.0	/data/qlyu/projects/pvrig_top200_structure_consistency_v1_20260725/models/igfold/P1MCPUFP__CPUFP500K_0184__00187.pdb	27169327e388429ad7d416de2ae395e54452e74537b202ad921f1f6f8043a3e7	PASS	true	127	1.0	/data/qlyu/projects/pvrig_top200_structure_consistency_v1_20260725/models/nanonet/P1MCPUFP__CPUFP500K_0184__00187_nanonet_backbone_cb.pdb	6f2e0098f081d53493db4f8765a23e125570c04be9a3950f4f952919cc7dba0d	0.4269	1.6965	0.4821	4.3684	0.4343	2.7202	0.8617	3.7136	0.4925	2.7039	1.034	5.1353	0.4925	5.1353
33	P1MCPUFP__CPUFP500K_0188__00481	6489b7076f2f815d28718b422357944c7b4f29eaffc732d80d1d5dda6a43cfca	PASS	true	cdr3_cross_tool_disagreement_gt_4A_diagnostic	PASS	true	127	1.0	/data1/qlyu/projects/pvrig_top7500_c2_gap_recovery_v1_20260723/c2_new4220_dualreceptor_seed42_3047_handoff_v1/inputs/candidate_monomers/P1MCPUFP__CPUFP500K_0188__00481.pdb	c05156494e2d348b7f238a02437b9314a42be2c4bf43180f78dda8dd35fab130	PASS	true	127	1.0	/data/qlyu/projects/pvrig_top200_structure_consistency_v1_20260725/models/igfold/P1MCPUFP__CPUFP500K_0188__00481.pdb	ac979777b613f78c943279abbe4131f39f9962f482d1b0099c149af9edc94f38	PASS	true	127	1.0	/data/qlyu/projects/pvrig_top200_structure_consistency_v1_20260725/models/nanonet/P1MCPUFP__CPUFP500K_0188__00481_nanonet_backbone_cb.pdb	9873ab591e4dafbdae230da8e8ec845e9a6f13283760c1943f6b2263b6608c40	0.631	2.0826	0.6422	4.0735	0.4345	1.7851	0.4138	3.2143	0.7951	2.5672	0.6386	5.5087	0.7951	5.5087
35	P1MCPUFP__CPUFP500K_0188__00715	448a0a2fa3746493e217dd93321c5edf5bdad044f1098bd6793de10d0504770b	PASS	true	cdr3_cross_tool_disagreement_gt_4A_diagnostic	PASS	true	127	1.0	/data1/qlyu/projects/pvrig_top7500_c2_gap_recovery_v1_20260723/c2_new4220_dualreceptor_seed42_3047_handoff_v1/inputs/candidate_monomers/P1MCPUFP__CPUFP500K_0188__00715.pdb	7b97076bc6dee194f2beba0ccf3ef9768577f142d2ed94835b8921f127ca2746	PASS	true	127	1.0	/data/qlyu/projects/pvrig_top200_structure_consistency_v1_20260725/models/igfold/P1MCPUFP__CPUFP500K_0188__00715.pdb	db01f398affef51d174796b8e6fba445c4a568f400e880c6a275a1823eea71ba	PASS	true	127	1.0	/data/qlyu/projects/pvrig_top200_structure_consistency_v1_20260725/models/nanonet/P1MCPUFP__CPUFP500K_0188__00715_nanonet_backbone_cb.pdb	8f5d02f6067cedd8461d095019d27288781e92ce1aa322023867132fdde12b6e	0.5367	2.378	0.6627	4.0259	0.4777	2.3587	0.4408	4.3713	0.7922	2.4407	0.72	7.1543	0.7922	7.1543
36	P1MCPUFP__CPUFP500K_0386__00808	9ea7d99c8f85a7137232091978be60c330d5ed230acbfd37cdc584928d3a036e	PASS	true	cdr3_cross_tool_disagreement_gt_4A_diagnostic	PASS	true	127	1.0	/data1/qlyu/projects/pvrig_top7500_c2_gap_recovery_v1_20260723/c2_new4220_dualreceptor_seed42_3047_handoff_v1/inputs/candidate_monomers/P1MCPUFP__CPUFP500K_0386__00808.pdb	625cb839a9f2dcbb490ebfeec64648021394542576894ec194c84f933af13241	PASS	true	127	1.0	/data/qlyu/projects/pvrig_top200_structure_consistency_v1_20260725/models/igfold/P1MCPUFP__CPUFP500K_0386__00808.pdb	1b2b176834662772768a729360e4ca0558db079cb6a14d0dff3d838fa7a08982	PASS	true	127	1.0	/data/qlyu/projects/pvrig_top200_structure_consistency_v1_20260725/models/nanonet/P1MCPUFP__CPUFP500K_0386__00808_nanonet_backbone_cb.pdb	e95f2fd611bf859d652d9c612c0ced72fa06a6c676afff4dd5d555272b6e83b3	0.5984	2.1765	0.4909	2.1727	0.4965	2.42	0.4102	4.322	0.7497	2.5539	0.5107	5.2647	0.7497	5.2647
38	P1MCPUFP__CPUFP500K_0397__00076	b2d552ee19e076f9cb42c98f617939f0f64f7acf6682a00860680f070e6b8114	PASS	true	cdr3_cross_tool_disagreement_gt_4A_diagnostic	PASS	true	127	1.0	/data1/qlyu/projects/pvrig_priority_top7500_dualreceptor_multiseed_handoff_v3_20260722/inputs/candidate_monomers/P1MCPUFP__CPUFP500K_0397__00076.pdb	199119b8b2392131b5c7bb83090a2a142b306e0846e08c725282f02bee138ab1	PASS	true	127	1.0	/data/qlyu/projects/pvrig_top200_structure_consistency_v1_20260725/models/igfold/P1MCPUFP__CPUFP500K_0397__00076.pdb	2c644a4c31cf58d9c2c4d7eb9ac68748d1352b15028267b18626bd4d82040a55	PASS	true	127	1.0	/data/qlyu/projects/pvrig_top200_structure_consistency_v1_20260725/models/nanonet/P1MCPUFP__CPUFP500K_0397__00076_nanonet_backbone_cb.pdb	b7c24359ad20375ea42c54afd689561e5787c059764318d262315e679d6a8a8b	0.4652	1.9797	0.9784	1.9678	0.4495	2.5221	0.7924	2.9821	0.5723	2.6107	1.1714	4.2151	0.5723	4.2151
39	P1MCPUFP__CPUFP500K_0100__00092	bb293d9df7626061a5fb1d673916db5f4a88427a7e464242a03866ccb35d72b8	PASS	true	cdr3_cross_tool_disagreement_gt_4A_diagnostic	PASS	true	127	1.0	/data1/qlyu/projects/pvrig_top7500_c2_gap_recovery_v1_20260723/c2_new4220_dualreceptor_seed42_3047_handoff_v1/inputs/candidate_monomers/P1MCPUFP__CPUFP500K_0100__00092.pdb	9635cc33e18c7a3bab1274febe1f7e9ee5ef248f9ae32495ee11cd52f413b3c9	PASS	true	127	1.0	/data/qlyu/projects/pvrig_top200_structure_consistency_v1_20260725/models/igfold/P1MCPUFP__CPUFP500K_0100__00092.pdb	7409873891e78f7d32d7d4ed441a229bbf269b2038c50df4c3e576d0d2f14bfd	PASS	true	127	1.0	/data/qlyu/projects/pvrig_top200_structure_consistency_v1_20260725/models/nanonet/P1MCPUFP__CPUFP500K_0100__00092_nanonet_backbone_cb.pdb	c46a57da1e0b92a3fba36375b7604c38132241dbef406ce8dffb5c75c3663a35	0.4996	1.5071	0.7746	2.1526	0.4964	2.6362	0.7393	4.542	0.6973	2.8583	1.1322	5.3366	0.6973	5.3366
48	P1MCPUFP__CPUFP500K_0100__00822	6e4f896be7ada801eb1b21e7117bcb0ff5088b07db960105eed930bf0f021ba5	PASS	true	cdr3_cross_tool_disagreement_gt_4A_diagnostic	PASS	true	127	1.0	/data1/qlyu/projects/pvrig_priority_top7500_dualreceptor_multiseed_handoff_v3_20260722/inputs/candidate_monomers/P1MCPUFP__CPUFP500K_0100__00822.pdb	414554b9d71d6ea914b7c036bde4bd58647ddc2e2f6d00cc50f7587aaa17b7b5	PASS	true	127	1.0	/data/qlyu/projects/pvrig_top200_structure_consistency_v1_20260725/models/igfold/P1MCPUFP__CPUFP500K_0100__00822.pdb	6d6c70b16edafa2759d24b2ff275398713358295ff9493d4761f341a7c422184	PASS	true	127	1.0	/data/qlyu/projects/pvrig_top200_structure_consistency_v1_20260725/models/nanonet/P1MCPUFP__CPUFP500K_0100__00822_nanonet_backbone_cb.pdb	0aa61806c9044c61eac1f29e250c4724f4478428279ceeadc553a9ef148e734f	0.4345	2.2782	1.0958	2.4879	0.4724	2.5905	0.8398	4.3672	0.6532	2.704	0.4894	4.5696	0.6532	4.5696
49	P1MCPUFP__CPUFP500K_0386__00669	6b51a5c48159ad51d723e44a1cf92beecca37259f7b46cdf0b09cadba22cbc76	PASS	true	cdr3_cross_tool_disagreement_gt_4A_diagnostic	PASS	true	127	1.0	/data1/qlyu/projects/pvrig_top7500_c2_gap_recovery_v1_20260723/c2_new4220_dualreceptor_seed42_3047_handoff_v1/inputs/candidate_monomers/P1MCPUFP__CPUFP500K_0386__00669.pdb	ef47328abd2bd599fc7d28bdd0e912bfe73681cb479a4003895fe5f545d0a56c	PASS	true	127	1.0	/data/qlyu/projects/pvrig_top200_structure_consistency_v1_20260725/models/igfold/P1MCPUFP__CPUFP500K_0386__00669.pdb	db2441b426bc45847d88b27d73081e0a1924c3ad6cc76c7675ffe62e8ed76f9d	PASS	true	127	1.0	/data/qlyu/projects/pvrig_top200_structure_consistency_v1_20260725/models/nanonet/P1MCPUFP__CPUFP500K_0386__00669_nanonet_backbone_cb.pdb	056970b0dd5636d35564ba7b921ba221724fe5ea760c7bf31ef550d09ee63c45	0.5699	1.8015	0.8049	4.831	0.4471	1.3251	0.3524	3.198	0.755	2.0367	0.7634	5.2941	0.755	5.2941
58	P1MCPUFP__CPUFP500K_0496__00394	23cd3ef95cdb09ea749b4a5a273b3130f8eef248b3ba7d15b0629fbe8a1e4da7	PASS	true	cdr3_cross_tool_disagreement_gt_4A_diagnostic	PASS	true	127	1.0	/data1/qlyu/projects/pvrig_priority_top7500_dualreceptor_multiseed_handoff_v3_20260722/inputs/candidate_monomers/P1MCPUFP__CPUFP500K_0496__00394.pdb	71fb48e86fac9693414acf2d58a5a1bafe0580976b159f04afc7cc24b7dd2c6a	PASS	true	127	1.0	/data/qlyu/projects/pvrig_top200_structure_consistency_v1_20260725/models/igfold/P1MCPUFP__CPUFP500K_0496__00394.pdb	e62d3e33a8a882683ca3621874ca0457a095d7c75c91364a4170931a04f58253	PASS	true	127	1.0	/data/qlyu/projects/pvrig_top200_structure_consistency_v1_20260725/models/nanonet/P1MCPUFP__CPUFP500K_0496__00394_nanonet_backbone_cb.pdb	218e20dd7760ab54c50629acca443d7fb396a9a3d625acc3df090cb9a1b46b45	0.5154	1.579	0.7878	2.4069	0.513	2.6662	0.3377	2.9117	0.5818	2.7647	0.884	4.2457	0.5818	4.2457
66	P1MCPUFP__CPUFP500K_0188__00631	a05c6f404f05a7a296874a7d9f66cefc9806096de3adbd9607e016e9330caf28	PASS	true	cdr3_cross_tool_disagreement_gt_4A_diagnostic	PASS	true	127	1.0	/data1/qlyu/projects/pvrig_top7500_c2_gap_recovery_v1_20260723/c2_new4220_dualreceptor_seed42_3047_handoff_v1/inputs/candidate_monomers/P1MCPUFP__CPUFP500K_0188__00631.pdb	8eb8878ff4262f5eae8d22232b0fb6236193787dd67f1f3e13dd6bbba980b8cd	PASS	true	127	1.0	/data/qlyu/projects/pvrig_top200_structure_consistency_v1_20260725/models/igfold/P1MCPUFP__CPUFP500K_0188__00631.pdb	2b52639344a134862440af689166c56a97b05c82b7978b669815b1f38eb6c13d	PASS	true	127	1.0	/data/qlyu/projects/pvrig_top200_structure_consistency_v1_20260725/models/nanonet/P1MCPUFP__CPUFP500K_0188__00631_nanonet_backbone_cb.pdb	d6c54460c7a536ab95e4d65aedbfbc95c318e27f2d580cc09032cdd105829c7d	0.4133	2.3677	0.5317	3.0575	0.4142	1.987	0.4232	5.4908	0.5723	2.3479	0.675	6.8938	0.5723	6.8938
67	P1MCPUFP__CPUFP500K_0287__00271	73d16b8568adf16419ee2934706ed1b1a5af23c572acfca7e7e44e5ec8c78438	PASS	true	cdr3_cross_tool_disagreement_gt_4A_diagnostic	PASS	true	127	1.0	/data1/qlyu/projects/pvrig_top7500_c2_gap_recovery_v1_20260723/c2_new4220_dualreceptor_seed42_3047_handoff_v1/inputs/candidate_monomers/P1MCPUFP__CPUFP500K_0287__00271.pdb	da4ec330e1d3f59ab1b0b81daa1b8b59019cc6a72ab139370b806ad230cffb06	PASS	true	127	1.0	/data/qlyu/projects/pvrig_top200_structure_consistency_v1_20260725/models/igfold/P1MCPUFP__CPUFP500K_0287__00271.pdb	36f5eeff1553a33e29be9f89b4601c446d022f6511a3c81a3ab3fec81805c49e	PASS	true	127	1.0	/data/qlyu/projects/pvrig_top200_structure_consistency_v1_20260725/models/nanonet/P1MCPUFP__CPUFP500K_0287__00271_nanonet_backbone_cb.pdb	d9ab8ad6dd8a1a9d57d09ce6ef38b788e3d7c7f5c352db791194db7d29a9e778	0.5556	2.6509	0.5811	2.2295	0.5014	2.8862	0.5495	3.6256	0.7668	3.1008	0.5222	4.9215	0.7668	4.9215
68	P1MCPUFP__CPUFP500K_0199__00049	2b775f821cfe85b731ffa6fa677d72e43162835e0d500e9b1404f2c6d2699985	PASS	true	cdr3_cross_tool_disagreement_gt_4A_diagnostic	PASS	true	127	1.0	/data1/qlyu/projects/pvrig_priority_top7500_dualreceptor_multiseed_handoff_v3_20260722/inputs/candidate_monomers/P1MCPUFP__CPUFP500K_0199__00049.pdb	54b90274fe24e8229db2ec6fafb53ed868b6e79e75c98623c91517b3f47ee507	PASS	true	127	1.0	/data/qlyu/projects/pvrig_top200_structure_consistency_v1_20260725/models/igfold/P1MCPUFP__CPUFP500K_0199__00049.pdb	cb9f515a54beecf6b3f238d76736b293ab6b8c5a21671b89ac207ac6d57a767c	PASS	true	127	1.0	/data/qlyu/projects/pvrig_top200_structure_consistency_v1_20260725/models/nanonet/P1MCPUFP__CPUFP500K_0199__00049_nanonet_backbone_cb.pdb	00bdfc5eba2b727ded5aeab86033b1212500a581d64ce85740adfc1c0b42da3e	0.5379	1.4102	0.4884	2.6841	0.4306	2.3244	0.6443	2.7644	0.55	2.4408	0.5831	4.4095	0.55	4.4095
69	P1MCPUFP__CPUFP500K_0287__00389	0375ed3b75cf47e094a7d8147ef057ffc71ce88f4ede92d3c714186bcec1b099	PASS	true	cdr3_cross_tool_disagreement_gt_4A_diagnostic	PASS	true	127	1.0	/data1/qlyu/projects/pvrig_top7500_c2_gap_recovery_v1_20260723/c2_new4220_dualreceptor_seed42_3047_handoff_v1/inputs/candidate_monomers/P1MCPUFP__CPUFP500K_0287__00389.pdb	259d02994ac95ba834f07c981d815b4e31402fce76f0acfe6269897c8c4e7a77	PASS	true	127	1.0	/data/qlyu/projects/pvrig_top200_structure_consistency_v1_20260725/models/igfold/P1MCPUFP__CPUFP500K_0287__00389.pdb	5730fbf7826621ca6e3e5f170eeb96743c7444242ae54452b12adc675387c6c4	PASS	true	127	1.0	/data/qlyu/projects/pvrig_top200_structure_consistency_v1_20260725/models/nanonet/P1MCPUFP__CPUFP500K_0287__00389_nanonet_backbone_cb.pdb	77e7d4bd7e95f79802331faf2437fd211d280d644e8feca86997ced65042298c	0.5351	2.2204	0.69	4.0646	0.4488	1.6596	0.3175	3.13	0.6682	2.8698	0.5563	5.2261	0.6682	5.2261
70	P1MCPUFP__CPUFP500K_0298__00376	b41fb2ab6c4e18dff6f0822f88371837ae617159ed161b4289987c3146bb61f6	PASS	true	cdr3_cross_tool_disagreement_gt_4A_diagnostic	PASS	true	127	1.0	/data1/qlyu/projects/pvrig_priority_top7500_dualreceptor_multiseed_handoff_v3_20260722/inputs/candidate_monomers/P1MCPUFP__CPUFP500K_0298__00376.pdb	337a5a608b630f38c5a89b0b17e1889137d57002017bd9914c39a9671302878f	PASS	true	127	1.0	/data/qlyu/projects/pvrig_top200_structure_consistency_v1_20260725/models/igfold/P1MCPUFP__CPUFP500K_0298__00376.pdb	834e8abd7778b38f765e63ec311afebe3ed9b6a61570a33669a48620be27191f	PASS	true	127	1.0	/data/qlyu/projects/pvrig_top200_structure_consistency_v1_20260725/models/nanonet/P1MCPUFP__CPUFP500K_0298__00376_nanonet_backbone_cb.pdb	00a7d5200e4cba5bd3d876a1726fd9644dcd35b5076fbe0bfc495cf5bf15b898	0.4851	1.7549	0.4488	2.0077	0.5232	2.5907	0.606	4.5096	0.6016	2.6392	0.8861	5.3867	0.6016	5.3867
72	P1MCPUFP__CPUFP500K_0008__00816	4143536b63c44db66249c4beffa6f8b08ed014e644b3b020a7b57a09fca7e435	PASS	true	cdr3_cross_tool_disagreement_gt_4A_diagnostic	PASS	true	127	1.0	/data1/qlyu/projects/pvrig_top7500_c2_gap_recovery_v1_20260723/c2_new4220_dualreceptor_seed42_3047_handoff_v1/inputs/candidate_monomers/P1MCPUFP__CPUFP500K_0008__00816.pdb	c99ae8247f11fd0715e1381256a56490f2d314bcdaef58309aa590c124ef58ad	PASS	true	127	1.0	/data/qlyu/projects/pvrig_top200_structure_consistency_v1_20260725/models/igfold/P1MCPUFP__CPUFP500K_0008__00816.pdb	6446193d5ba87cfe9cca67851eff0274109a42ed59d22007b5394b766039fbd6	PASS	true	127	1.0	/data/qlyu/projects/pvrig_top200_structure_consistency_v1_20260725/models/nanonet/P1MCPUFP__CPUFP500K_0008__00816_nanonet_backbone_cb.pdb	2bd7c89cf62dc3b49abd0703ed36d8069bf3081d2ac3c6f7b98d708cc96d85f1	0.4352	2.5512	0.5341	2.5593	0.5737	3.9678	0.9389	3.5566	0.6186	3.0077	0.8521	4.1017	0.6186	4.1017
73	P1MCPUFP__CPUFP500K_0188__00199	e0ab87fd26c6ed140bba30bffb481beb9e9e37d86a72db574baa490c5dc5ec82	PASS	true	cdr3_cross_tool_disagreement_gt_4A_diagnostic	PASS	true	127	1.0	/data1/qlyu/projects/pvrig_top7500_c2_gap_recovery_v1_20260723/c2_new4220_dualreceptor_seed42_3047_handoff_v1/inputs/candidate_monomers/P1MCPUFP__CPUFP500K_0188__00199.pdb	77d961f81746a978417af60299cd4129543cadd708b29dc6a188972177fd8b19	PASS	true	127	1.0	/data/qlyu/projects/pvrig_top200_structure_consistency_v1_20260725/models/igfold/P1MCPUFP__CPUFP500K_0188__00199.pdb	59fae2746048150f6a3d399a1028fb5432b68a3bcdbdc5f89aac5e62460e8d15	PASS	true	127	1.0	/data/qlyu/projects/pvrig_top200_structure_consistency_v1_20260725/models/nanonet/P1MCPUFP__CPUFP500K_0188__00199_nanonet_backbone_cb.pdb	f16fac6c99f3f8f874aa961082e3102d8afd8dd40401eedc086a6ed01a8646ae	0.4623	1.6707	1.2765	2.5144	0.4476	1.3453	0.5162	4.008	0.5759	1.8918	0.9957	4.9811	0.5759	4.9811
75	P1MCPUFP__CPUFP500K_0380__00771	54ed8a9ef00ab160f6512cce878d7e9bccec7c3aa9450bcae7ffdb6e857f0eac	PASS	true	cdr3_cross_tool_disagreement_gt_4A_diagnostic	PASS	true	127	1.0	/data1/qlyu/projects/pvrig_top7500_c2_gap_recovery_v1_20260723/c2_new4220_dualreceptor_seed42_3047_handoff_v1/inputs/candidate_monomers/P1MCPUFP__CPUFP500K_0380__00771.pdb	0d6411aebbbe8052e9ca6191249eb6f735c8168529c9c486f78f3cf422ba2697	PASS	true	127	1.0	/data/qlyu/projects/pvrig_top200_structure_consistency_v1_20260725/models/igfold/P1MCPUFP__CPUFP500K_0380__00771.pdb	3d29e5f59b9e4eb86fd42deb2d372c38edc3077a66756afdaca438f1457be7a8	PASS	true	127	1.0	/data/qlyu/projects/pvrig_top200_structure_consistency_v1_20260725/models/nanonet/P1MCPUFP__CPUFP500K_0380__00771_nanonet_backbone_cb.pdb	774824aae6764694d16ac33a76c123ba1dc45e2e6f435dbbdccf9a1898014de5	0.5166	1.9814	1.2037	3.2452	0.4621	1.9026	0.3907	2.4152	0.593	2.6214	0.9857	4.2489	0.593	4.2489
76	P1MCPUFP__CPUFP500K_0287__00867	4bf17659962c15119da602133bd67f07bb499c367c0e698b8cc9ff682c347eba	PASS	true	cdr3_cross_tool_disagreement_gt_4A_diagnostic	PASS	true	127	1.0	/data1/qlyu/projects/pvrig_top7500_c2_gap_recovery_v1_20260723/c2_new4220_dualreceptor_seed42_3047_handoff_v1/inputs/candidate_monomers/P1MCPUFP__CPUFP500K_0287__00867.pdb	e7f2931e1395b908b29797091a0f35c4aad4b33eec811bb1d0e97d8b29283447	PASS	true	127	1.0	/data/qlyu/projects/pvrig_top200_structure_consistency_v1_20260725/models/igfold/P1MCPUFP__CPUFP500K_0287__00867.pdb	fa9565836e35f4a0a5b2419691829b37934f3fe5fb34130b7e8b9534004147f1	PASS	true	127	1.0	/data/qlyu/projects/pvrig_top200_structure_consistency_v1_20260725/models/nanonet/P1MCPUFP__CPUFP500K_0287__00867_nanonet_backbone_cb.pdb	d0892f9ad13fa1e61c5ed8d96da7d3082780867b625b36c82fde679e63c0574b	0.4479	1.7907	1.2557	2.5652	0.4804	2.5361	0.4756	4.5323	0.599	2.884	1.4144	5.9775	0.599	5.9775
78	P1MCPUFP__CPUFP500K_0089__00488	2a084d42c4039be372732730660275c3602a3f019d94b6eaaac33899605b8a1a	PASS	true	cdr3_cross_tool_disagreement_gt_4A_diagnostic	PASS	true	127	1.0	/data1/qlyu/projects/pvrig_top7500_c2_gap_recovery_v1_20260723/c2_new4220_dualreceptor_seed42_3047_handoff_v1/inputs/candidate_monomers/P1MCPUFP__CPUFP500K_0089__00488.pdb	a77632c977a0c711a7b0e13d55a2c19a5da33014d6818a90ebebc113a82baa1a	PASS	true	127	1.0	/data/qlyu/projects/pvrig_top200_structure_consistency_v1_20260725/models/igfold/P1MCPUFP__CPUFP500K_0089__00488.pdb	b5681f13e578a5f0224ad69b8379de65e80e57817b9b851453ea129a8e47e3f1	PASS	true	127	1.0	/data/qlyu/projects/pvrig_top200_structure_consistency_v1_20260725/models/nanonet/P1MCPUFP__CPUFP500K_0089__00488_nanonet_backbone_cb.pdb	64e44d27fa5aa0e270654fcd801c1e8f35dbf87c9960054be44611702ed1f971	0.4358	2.3461	0.6337	2.6266	0.4249	2.1432	0.6169	3.4028	0.5616	2.1904	0.595	4.6648	0.5616	4.6648
80	P1MCPUFP__CPUFP500K_0188__00096	32e9d77bccb284f2828dfa4afc4e55c9ec7f7cad6e753c28c0dbbb683993187a	PASS	true	cdr3_cross_tool_disagreement_gt_4A_diagnostic	PASS	true	127	1.0	/data1/qlyu/projects/pvrig_top7500_c2_gap_recovery_v1_20260723/c2_new4220_dualreceptor_seed42_3047_handoff_v1/inputs/candidate_monomers/P1MCPUFP__CPUFP500K_0188__00096.pdb	b4318031f7ffd5b1b668b2793e28c57a37623ce0304ca1207e985f291005b832	PASS	true	127	1.0	/data/qlyu/projects/pvrig_top200_structure_consistency_v1_20260725/models/igfold/P1MCPUFP__CPUFP500K_0188__00096.pdb	838dd66c762e1891e0049d0c57818ffa1743f77c932a476aaf82f4a45e306550	PASS	true	127	1.0	/data/qlyu/projects/pvrig_top200_structure_consistency_v1_20260725/models/nanonet/P1MCPUFP__CPUFP500K_0188__00096_nanonet_backbone_cb.pdb	57e856a192a53805c3e5af2d616d1c7e3e1b1ff90765d3f6c7261ec5d72dff18	0.7646	2.0728	1.3163	2.0945	0.4179	2.7826	0.3033	4.0762	0.7938	2.5968	1.481	4.9194	0.7938	4.9194
83	P1MCPUFP__CPUFP500K_0383__00737	3dc14055ebb45ad2d547596c033325e57f02d345e6926e04fc5e119d005848ae	PASS	true	cdr3_cross_tool_disagreement_gt_4A_diagnostic	PASS	true	127	1.0	/data1/qlyu/projects/pvrig_top7500_c2_gap_recovery_v1_20260723/c2_new4220_dualreceptor_seed42_3047_handoff_v1/inputs/candidate_monomers/P1MCPUFP__CPUFP500K_0383__00737.pdb	f182d256a875b740799d9204392230cf9808cda8e95bb517c23b34d74174ebc1	PASS	true	127	1.0	/data/qlyu/projects/pvrig_top200_structure_consistency_v1_20260725/models/igfold/P1MCPUFP__CPUFP500K_0383__00737.pdb	d4e56f7faf5568dec1387e858db5878aadcfcde89248ec736931583be7fab64e	PASS	true	127	1.0	/data/qlyu/projects/pvrig_top200_structure_consistency_v1_20260725/models/nanonet/P1MCPUFP__CPUFP500K_0383__00737_nanonet_backbone_cb.pdb	797d4637d96840ad7c123b9bb056f7960af0212af7bd8f102a6acb4662847262	0.5421	1.7261	0.7482	2.7979	0.4533	2.4089	0.2837	4.4711	0.5913	2.9365	0.6658	6.23	0.5913	6.23
90	P1MCPUFP__CPUFP500K_0386__00418	a3ded946d3ff3f63f16ca10da087129b1622a39af96c4197b47c8f4e91fa193c	PASS	true	cdr3_cross_tool_disagreement_gt_4A_diagnostic	PASS	true	127	1.0	/data1/qlyu/projects/pvrig_top7500_c2_gap_recovery_v1_20260723/c2_new4220_dualreceptor_seed42_3047_handoff_v1/inputs/candidate_monomers/P1MCPUFP__CPUFP500K_0386__00418.pdb	c1cb35cbcd6a671751eaf2e2a11aeec601f76e5e40e202101830960988117398	PASS	true	127	1.0	/data/qlyu/projects/pvrig_top200_structure_consistency_v1_20260725/models/igfold/P1MCPUFP__CPUFP500K_0386__00418.pdb	a20d2bcb8c786419c9b4fe3b3e79dde993706f0e1ec14e0dfb5e3862161c5eee	PASS	true	127	1.0	/data/qlyu/projects/pvrig_top200_structure_consistency_v1_20260725/models/nanonet/P1MCPUFP__CPUFP500K_0386__00418_nanonet_backbone_cb.pdb	d80346a656c07910b6f9603a23d371b90638cd9bd04f1c672659e9f45ee96cec	0.563	2.1627	0.5114	2.2216	0.4929	1.2206	0.3577	3.7834	0.5496	1.9652	0.4868	4.2619	0.563	4.2619
92	P1MCPUFP__CPUFP500K_0131__00714	7acf54047cd3a0a0cf6fec988625f9e6841cc327528a9621807e323c45b5de49	PASS	true	cdr3_cross_tool_disagreement_gt_4A_diagnostic	PASS	true	123	1.0	/data1/qlyu/projects/pvrig_priority_top7500_dualreceptor_multiseed_handoff_v3_20260722/inputs/candidate_monomers/P1MCPUFP__CPUFP500K_0131__00714.pdb	b8d5b3e89449a41901938320ebb3ea66e27ee14d481ce80f9a0b3f0fbfc50976	PASS	true	123	1.0	/data/qlyu/projects/pvrig_top200_structure_consistency_v1_20260725/models/igfold/P1MCPUFP__CPUFP500K_0131__00714.pdb	319e0fa9c9781b94d7b9dc636b5887d85a4a2bb50780c8872f0a4a85337daa80	PASS	true	123	1.0	/data/qlyu/projects/pvrig_top200_structure_consistency_v1_20260725/models/nanonet/P1MCPUFP__CPUFP500K_0131__00714_nanonet_backbone_cb.pdb	62a3a68bccaf2cc5f06db9fbcdd4fe84eb1d5e2ec79533a3aeacb903aac805bc	0.3302	2.3978	0.8219	4.6638	0.3374	2.8949	0.356	3.0677	0.4707	3.352	0.9493	2.5016	0.4707	4.6638
96	P1MCPUFP__CPUFP500K_0496__00585	fb6755c3a07c4f8cf6f93034413774c3c080194cf0e301106dc55e2e28c09d3c	PASS	true	cdr3_cross_tool_disagreement_gt_4A_diagnostic	PASS	true	127	1.0	/data1/qlyu/projects/pvrig_priority_top7500_dualreceptor_multiseed_handoff_v3_20260722/inputs/candidate_monomers/P1MCPUFP__CPUFP500K_0496__00585.pdb	030cd39555fb11830465d8423e9a5b4308eaa14a36e017cad27b2a2bbe628af9	PASS	true	127	1.0	/data/qlyu/projects/pvrig_top200_structure_consistency_v1_20260725/models/igfold/P1MCPUFP__CPUFP500K_0496__00585.pdb	0f633947c983a2bd6bdcc86218c488fd53d41e75479f8110fb1b1b9c43ddf5be	PASS	true	127	1.0	/data/qlyu/projects/pvrig_top200_structure_consistency_v1_20260725/models/nanonet/P1MCPUFP__CPUFP500K_0496__00585_nanonet_backbone_cb.pdb	057fc38af98070afdda0b9c92259d4992f836d2c1a0fb30e77f3cbebf6ade857	0.5473	1.8264	0.613	2.3637	0.4837	2.5419	0.596	3.2869	0.5631	2.4474	0.5086	4.8238	0.5631	4.8238
97	P1MCPUFP__CPUFP500K_0188__00001	6b5ed15e6f2dd38be08ad59e5bc262cff97b3e5389e16ff615717be8eac8da92	PASS	true	cdr3_cross_tool_disagreement_gt_4A_diagnostic	PASS	true	127	1.0	/data1/qlyu/projects/pvrig_top7500_c2_gap_recovery_v1_20260723/c2_new4220_dualreceptor_seed42_3047_handoff_v1/inputs/candidate_monomers/P1MCPUFP__CPUFP500K_0188__00001.pdb	3cda00f299425fd9011b608e13ddcc99a0ed7a37aa80936e3fc86799aadd7c0c	PASS	true	127	1.0	/data/qlyu/projects/pvrig_top200_structure_consistency_v1_20260725/models/igfold/P1MCPUFP__CPUFP500K_0188__00001.pdb	04e837782e9c5141ddbe461feca4b8aaf75e1b7cbdf7c22505d2817ad230f72b	PASS	true	127	1.0	/data/qlyu/projects/pvrig_top200_structure_consistency_v1_20260725/models/nanonet/P1MCPUFP__CPUFP500K_0188__00001_nanonet_backbone_cb.pdb	aa9adde83c09c69aaf7872cdebdb70cb9b6062914091f2eb5cd1bd22eba68291	0.6008	1.9928	0.7752	3.4703	0.4315	1.5639	0.5752	3.302	0.7869	2.5589	0.5515	4.9905	0.7869	4.9905
98	P1MCPUFP__CPUFP500K_0298__00713	80843d055d0824a6943a0ef6a0a53181e4165aa5554fa472866ac49956eb3a8b	PASS	true	cdr3_cross_tool_disagreement_gt_4A_diagnostic	PASS	true	127	1.0	/data1/qlyu/projects/pvrig_top7500_c2_gap_recovery_v1_20260723/c2_new4220_dualreceptor_seed42_3047_handoff_v1/inputs/candidate_monomers/P1MCPUFP__CPUFP500K_0298__00713.pdb	4232ceb8e91682e19a3ddc3aa3b0aa85bf6a8e16d3b34d4f36d9906b82a4f2bc	PASS	true	127	1.0	/data/qlyu/projects/pvrig_top200_structure_consistency_v1_20260725/models/igfold/P1MCPUFP__CPUFP500K_0298__00713.pdb	c6caa43545af658f8cbde1fb1fca6c0860f4ede598663cb7d3eb26c42b349324	PASS	true	127	1.0	/data/qlyu/projects/pvrig_top200_structure_consistency_v1_20260725/models/nanonet/P1MCPUFP__CPUFP500K_0298__00713_nanonet_backbone_cb.pdb	22f1e15d1587f8344bcf3bfb435cf276e190c45d78aaf148cb20ca2b82705f6e	0.4944	2.6241	0.5759	1.5319	0.5401	3.1573	0.4703	5.2694	0.6705	2.981	0.6363	4.9802	0.6705	5.2694
99	P1MCPUFP__CPUFP500K_0001__00338	18c54e071a3717537bfa4ebd2600141dbe359e26476f796305377b65907308e7	PASS	true	cdr3_cross_tool_disagreement_gt_4A_diagnostic	PASS	true	127	1.0	/data1/qlyu/projects/pvrig_priority_top7500_dualreceptor_multiseed_handoff_v3_20260722/inputs/candidate_monomers/P1MCPUFP__CPUFP500K_0001__00338.pdb	1cf3a31eff46e336072b869cc80fb2c2b53753f2cae52add5b56137d010e7e63	PASS	true	127	1.0	/data/qlyu/projects/pvrig_top200_structure_consistency_v1_20260725/models/igfold/P1MCPUFP__CPUFP500K_0001__00338.pdb	a66a7a236b261acfe6d98b8e970e253844820951a7bb0a8f7de2237d3c7066f8	PASS	true	127	1.0	/data/qlyu/projects/pvrig_top200_structure_consistency_v1_20260725/models/nanonet/P1MCPUFP__CPUFP500K_0001__00338_nanonet_backbone_cb.pdb	94906cd5112137036a3085f25f85eeaff96a90b94fdee1930ae2ea1a52396502	0.4689	1.449	0.7068	2.458	0.4643	2.3447	0.6824	4.0044	0.5347	2.306	1.0081	4.1417	0.5347	4.1417
100	P1MCPUFP__CPUFP500K_0188__00742	ed1239533e3d103d601c95ed45b6b74ca2c15d958b1e64ec79fcd80344e1a3ed	PASS	true	cdr3_cross_tool_disagreement_gt_4A_diagnostic	PASS	true	127	1.0	/data1/qlyu/projects/pvrig_top7500_c2_gap_recovery_v1_20260723/c2_new4220_dualreceptor_seed42_3047_handoff_v1/inputs/candidate_monomers/P1MCPUFP__CPUFP500K_0188__00742.pdb	bfcb18f3c2f6d99ce49752d54a6cf6aee449d3b5867ab096f653736104b3ca24	PASS	true	127	1.0	/data/qlyu/projects/pvrig_top200_structure_consistency_v1_20260725/models/igfold/P1MCPUFP__CPUFP500K_0188__00742.pdb	0b68553ada736c90b571731a868a8edf77e5504713abbc000fbb7f68a7254fb5	PASS	true	127	1.0	/data/qlyu/projects/pvrig_top200_structure_consistency_v1_20260725/models/nanonet/P1MCPUFP__CPUFP500K_0188__00742_nanonet_backbone_cb.pdb	f71292cefedd475af314162edf211efee47dc75e332bbae837ac75801377dbba	0.4773	2.019	0.8711	2.4486	0.4609	2.5798	0.3186	5.4284	0.601	2.648	0.7961	6.9079	0.601	6.9079
101	P1MCPUFP__CPUFP500K_0089__00363	7051210e9a728258f4d8b8b4dac772665252a0b7f1d71e731086fc596078b5a5	PASS	true	cdr3_cross_tool_disagreement_gt_4A_diagnostic	PASS	true	127	1.0	/data1/qlyu/projects/pvrig_top7500_c2_gap_recovery_v1_20260723/c2_new4220_dualreceptor_seed42_3047_handoff_v1/inputs/candidate_monomers/P1MCPUFP__CPUFP500K_0089__00363.pdb	429d7886a67022cf38f9d7f76085c7e8811067cd07fbd5e3106f8bbe22375be5	PASS	true	127	1.0	/data/qlyu/projects/pvrig_top200_structure_consistency_v1_20260725/models/igfold/P1MCPUFP__CPUFP500K_0089__00363.pdb	3cacbc844a8ec341b8189e157461149109e4eb3af88019f5fed7ed09c60e4c86	PASS	true	127	1.0	/data/qlyu/projects/pvrig_top200_structure_consistency_v1_20260725/models/nanonet/P1MCPUFP__CPUFP500K_0089__00363_nanonet_backbone_cb.pdb	21b348408a59542689f39bc57cb2592c4c00364cfb3307a5fce0ab6ca9a76b91	0.5396	1.9446	0.6223	2.7174	0.4881	1.3587	0.5129	5.6568	0.7841	2.2355	0.6258	7.1902	0.7841	7.1902
103	P1MCPUFP__CPUFP500K_0100__00613	ac4e04ef13408d96bd3caf496dfe4247554a729b35ffcf096065ccc6d122fd54	PASS	true	cdr3_cross_tool_disagreement_gt_4A_diagnostic	PASS	true	127	1.0	/data1/qlyu/projects/pvrig_top7500_c2_gap_recovery_v1_20260723/c2_new4220_dualreceptor_seed42_3047_handoff_v1/inputs/candidate_monomers/P1MCPUFP__CPUFP500K_0100__00613.pdb	b4b7d66160d3d8d1287e40a7b1f43ac488f139f887f90fbaa7af61abc3e2b24d	PASS	true	127	1.0	/data/qlyu/projects/pvrig_top200_structure_consistency_v1_20260725/models/igfold/P1MCPUFP__CPUFP500K_0100__00613.pdb	715358f3c77305f5f7d11f9e7c5e07b3e5cf8a523dc8b8dacee07923b12a65a0	PASS	true	127	1.0	/data/qlyu/projects/pvrig_top200_structure_consistency_v1_20260725/models/nanonet/P1MCPUFP__CPUFP500K_0100__00613_nanonet_backbone_cb.pdb	c79d388b7d838d48f5e394faad183d849ac469bc4826ce0d7dee4c0c71b2c69e	0.6443	2.5288	0.632	1.9345	0.4698	2.5776	0.7588	3.1515	0.6888	2.365	0.8228	4.2558	0.6888	4.2558
106	P1MCPUFP__CPUFP500K_0188__00262	bd6594dd259f682d5336f27c69db51d218f75b066f265655baa1e1a5df71a131	PASS	true	cdr3_cross_tool_disagreement_gt_4A_diagnostic	PASS	true	127	1.0	/data1/qlyu/projects/pvrig_top7500_c2_gap_recovery_v1_20260723/c2_new4220_dualreceptor_seed42_3047_handoff_v1/inputs/candidate_monomers/P1MCPUFP__CPUFP500K_0188__00262.pdb	b62a2839cc0de3b40c642bd0ef36a8d617f4059a725f4109abb1215e96d92916	PASS	true	127	1.0	/data/qlyu/projects/pvrig_top200_structure_consistency_v1_20260725/models/igfold/P1MCPUFP__CPUFP500K_0188__00262.pdb	803c5661e0ffd3ac8985d7d0ed55026b6ff4f2245410a91e4d6a7895204ff904	PASS	true	127	1.0	/data/qlyu/projects/pvrig_top200_structure_consistency_v1_20260725/models/nanonet/P1MCPUFP__CPUFP500K_0188__00262_nanonet_backbone_cb.pdb	4244cb7018a232ee9e9b6b944bad1d8e33863d5c147e54634e1b764d75f90bd4	0.4714	1.6114	0.4769	3.3986	0.4374	2.4824	0.5563	3.1579	0.662	2.6768	0.8612	5.5473	0.662	5.5473
109	P1MCPUFP__CPUFP500K_0287__00501	006415c27d7b5f3749aeda22e449cde32dd3777c837b82cc813ee70b079817d7	PASS	true	cdr3_cross_tool_disagreement_gt_4A_diagnostic	PASS	true	127	1.0	/data1/qlyu/projects/pvrig_top7500_c2_gap_recovery_v1_20260723/c2_new4220_dualreceptor_seed42_3047_handoff_v1/inputs/candidate_monomers/P1MCPUFP__CPUFP500K_0287__00501.pdb	20152115b1b5cead5018f6b4cd5f0c9f47d41578a2a56ee72bcb3f5513ada4df	PASS	true	127	1.0	/data/qlyu/projects/pvrig_top200_structure_consistency_v1_20260725/models/igfold/P1MCPUFP__CPUFP500K_0287__00501.pdb	2b5558e759e60962e92e71a8fb99e1644bed1efd4302907277bcf5d76f7e221b	PASS	true	127	1.0	/data/qlyu/projects/pvrig_top200_structure_consistency_v1_20260725/models/nanonet/P1MCPUFP__CPUFP500K_0287__00501_nanonet_backbone_cb.pdb	e8f76bb16e0690f5263066e92dcda8d5d916b1abb73235992f02f3d9ee636f4a	0.563	1.7821	0.6091	4.8417	0.4359	1.1248	0.7189	4.36	0.7296	1.695	0.8091	6.7664	0.7296	6.7664
112	P1MCPUFP__CPUFP500K_0188__00810	03b87533791a8500ee2786ee0918a4db6f59a1ee9fdaa0f54942958503031639	PASS	true	cdr3_cross_tool_disagreement_gt_4A_diagnostic	PASS	true	127	1.0	/data1/qlyu/projects/pvrig_top7500_c2_gap_recovery_v1_20260723/c2_new4220_dualreceptor_seed42_3047_handoff_v1/inputs/candidate_monomers/P1MCPUFP__CPUFP500K_0188__00810.pdb	f492a743701c99ce8ac8131683a2fc22d5e5baaa48f4c2003f748012642a3f8a	PASS	true	127	1.0	/data/qlyu/projects/pvrig_top200_structure_consistency_v1_20260725/models/igfold/P1MCPUFP__CPUFP500K_0188__00810.pdb	513dc098e96669750c7655eee91bd362a898ab0841b648d88bd4afe38ef32d7a	PASS	true	127	1.0	/data/qlyu/projects/pvrig_top200_structure_consistency_v1_20260725/models/nanonet/P1MCPUFP__CPUFP500K_0188__00810_nanonet_backbone_cb.pdb	dd3242478bf838238a88ccb618c2009b01f612d873c5a4ad53c6504b8ab8053d	0.4772	1.8323	0.5696	4.237	0.492	1.9797	0.5337	3.1569	0.5238	2.0716	0.5736	5.3439	0.5238	5.3439
113	P1MCPUFP__CPUFP500K_0188__00211	13b9b46e54cfa4321ec82af5ece3815fa635f70faf60851c93e21c9e2f55414c	PASS	true	cdr3_cross_tool_disagreement_gt_4A_diagnostic	PASS	true	127	1.0	/data1/qlyu/projects/pvrig_top7500_c2_gap_recovery_v1_20260723/c2_new4220_dualreceptor_seed42_3047_handoff_v1/inputs/candidate_monomers/P1MCPUFP__CPUFP500K_0188__00211.pdb	4f747166977c591bceac2cbb2efe1949ea1b35d3ff4d16e9eae4367dc415dafc	PASS	true	127	1.0	/data/qlyu/projects/pvrig_top200_structure_consistency_v1_20260725/models/igfold/P1MCPUFP__CPUFP500K_0188__00211.pdb	97bbd6aff10ec2408c85f656f7bb2531aa2758194e3d2d4eda64dbe6888eaba5	PASS	true	127	1.0	/data/qlyu/projects/pvrig_top200_structure_consistency_v1_20260725/models/nanonet/P1MCPUFP__CPUFP500K_0188__00211_nanonet_backbone_cb.pdb	17b0c427042fedcd18868d97da756bbb5e320e24cbd7712292a9352f80aac6e1	0.5251	2.158	0.665	2.4145	0.4548	1.961	0.6889	3.7302	0.7143	2.8173	0.5147	4.9356	0.7143	4.9356
114	P1MCPUFP__CPUFP500K_0188__00522	c31d3bfe9e6e9aeeb9d2f79da0068787adaf9c410cd125e1c02be403b94c3c51	PASS	true	cdr3_cross_tool_disagreement_gt_4A_diagnostic	PASS	true	127	1.0	/data1/qlyu/projects/pvrig_top7500_c2_gap_recovery_v1_20260723/c2_new4220_dualreceptor_seed42_3047_handoff_v1/inputs/candidate_monomers/P1MCPUFP__CPUFP500K_0188__00522.pdb	466256128fd1e8b00f433acd5d6d691b77d69a23c246cca1da9080c30a028b8c	PASS	true	127	1.0	/data/qlyu/projects/pvrig_top200_structure_consistency_v1_20260725/models/igfold/P1MCPUFP__CPUFP500K_0188__00522.pdb	1f716dcd82a3cbde4e6af023836ebc2cb29cc30210ef54b89c4244a6b099ea8f	PASS	true	127	1.0	/data/qlyu/projects/pvrig_top200_structure_consistency_v1_20260725/models/nanonet/P1MCPUFP__CPUFP500K_0188__00522_nanonet_backbone_cb.pdb	bec53b49487342f80ce04b27128c506bbb407b8a77c9456f9fddd9e69fb4ba88	0.7831	1.4652	0.6904	4.3077	0.4145	1.107	0.5344	2.7794	0.8657	1.492	0.9024	4.8086	0.8657	4.8086
119	P1MCPUFP__CPUFP500K_0386__00767	d74e253c52c71a7a2e6fcba15ead979883433e5f2eebc0abb55d8b760bba94e7	PASS	true	cdr3_cross_tool_disagreement_gt_4A_diagnostic	PASS	true	127	1.0	/data1/qlyu/projects/pvrig_top7500_c2_gap_recovery_v1_20260723/c2_new4220_dualreceptor_seed42_3047_handoff_v1/inputs/candidate_monomers/P1MCPUFP__CPUFP500K_0386__00767.pdb	6dfd161aa4a3579d202401aaecba9d8e387858e2eb5e0a1b69e972ac248228aa	PASS	true	127	1.0	/data/qlyu/projects/pvrig_top200_structure_consistency_v1_20260725/models/igfold/P1MCPUFP__CPUFP500K_0386__00767.pdb	e5f66bd64eeac53f52cdada1563ef05411f9188f145fa61591289c970c64eab5	PASS	true	127	1.0	/data/qlyu/projects/pvrig_top200_structure_consistency_v1_20260725/models/nanonet/P1MCPUFP__CPUFP500K_0386__00767_nanonet_backbone_cb.pdb	3a68cbcec786c35294f283057591dbb3becbab6c53b0a3d69f7497fdbda1543f	0.5668	3.3531	0.7537	3.4488	0.5005	3.0035	0.7457	4.0962	0.7277	3.3021	0.6566	6.1683	0.7277	6.1683
122	P1MCPUFP__CPUFP500K_0150__00396	8a30ab4ea4bf8f6c8037dc06b7c1dd842b39754c1900c8a4c9245979e574d11e	PASS	true	cdr3_cross_tool_disagreement_gt_4A_diagnostic	PASS	true	121	1.0	/data1/qlyu/projects/pvrig_priority_top7500_dualreceptor_multiseed_handoff_v3_20260722/inputs/candidate_monomers/P1MCPUFP__CPUFP500K_0150__00396.pdb	f25f767ff441bcee222235b579feb2806851e0eb45fceb486b99f74dc04393d6	PASS	true	121	1.0	/data/qlyu/projects/pvrig_top200_structure_consistency_v1_20260725/models/igfold/P1MCPUFP__CPUFP500K_0150__00396.pdb	27ea58ebdf1e16cbb1438c2ae6d649a0793a69916b9f1f9cb0a840a0aa71b02e	PASS	true	121	1.0	/data/qlyu/projects/pvrig_top200_structure_consistency_v1_20260725/models/nanonet/P1MCPUFP__CPUFP500K_0150__00396_nanonet_backbone_cb.pdb	cb55c18d8869d470ee723043ef6d33d4aa8aeb304e522711cf6da0ec9a3383e2	0.6362	1.9071	0.4735	3.0135	0.3704	2.4173	0.5369	5.5574	0.6891	2.937	0.7236	5.0045	0.6891	5.5574
123	P1MCPUFP__CPUFP500K_0214__00068	b493d8133e4e8c7221e4c5602b7f9fdf7d679f1993390ad5d6f0359c562225cb	PASS	true	cdr3_cross_tool_disagreement_gt_4A_diagnostic	PASS	true	121	1.0	/data1/qlyu/projects/pvrig_priority_top7500_dualreceptor_multiseed_handoff_v3_20260722/inputs/candidate_monomers/P1MCPUFP__CPUFP500K_0214__00068.pdb	9a54e12f977248946ed447b4f206f34c73a135e3b706a72d24e05cdd5ddd5919	PASS	true	121	1.0	/data/qlyu/projects/pvrig_top200_structure_consistency_v1_20260725/models/igfold/P1MCPUFP__CPUFP500K_0214__00068.pdb	9256b30efa1b2b64c5f250baa2776e8655c611e209abde5c6cf850c48c354bdf	PASS	true	121	1.0	/data/qlyu/projects/pvrig_top200_structure_consistency_v1_20260725/models/nanonet/P1MCPUFP__CPUFP500K_0214__00068_nanonet_backbone_cb.pdb	91952e0186ae78d060a57611a431497cbc9d8847069df9444089306014a19414	0.3443	2.4515	1.0913	2.138	0.3766	1.7177	0.5951	5.5504	0.3748	3.3798	1.0318	5.7252	0.3766	5.7252
124	P1MCPUFP__CPUFP500K_0313__00490	8290aa34074ceed9ffa7ad01b8a3539481623ce6a0e7171d5ac7ca96e2b6be14	PASS	true	cdr3_cross_tool_disagreement_gt_4A_diagnostic	PASS	true	121	1.0	/data1/qlyu/projects/pvrig_priority_top7500_dualreceptor_multiseed_handoff_v3_20260722/inputs/candidate_monomers/P1MCPUFP__CPUFP500K_0313__00490.pdb	d60136753c9734f6cf36add5dd4b1e181913e2c383a584740a86e2d9f9329d97	PASS	true	121	1.0	/data/qlyu/projects/pvrig_top200_structure_consistency_v1_20260725/models/igfold/P1MCPUFP__CPUFP500K_0313__00490.pdb	9eaf19dc658edfc78a8d5a8dfb4827f6ff463239a0c600a8865fcb334070dd2c	PASS	true	121	1.0	/data/qlyu/projects/pvrig_top200_structure_consistency_v1_20260725/models/nanonet/P1MCPUFP__CPUFP500K_0313__00490_nanonet_backbone_cb.pdb	d8225e54454befd51368fd5435991c61546579532e0315c0faee01b495a89ed8	0.3428	1.3577	0.6685	6.0754	0.3848	2.755	0.6151	6.9074	0.4239	3.0498	0.7941	2.6829	0.4239	6.9074
125	P1MCPUFP__CPUFP500K_0011__00725	d6bde97e76bb1c54e0a54672e74b3024bea3ee242f41c771c416a1428d0b731a	PASS	true	cdr3_cross_tool_disagreement_gt_4A_diagnostic	PASS	true	121	1.0	/data1/qlyu/projects/pvrig_priority_top7500_dualreceptor_multiseed_handoff_v3_20260722/inputs/candidate_monomers/P1MCPUFP__CPUFP500K_0011__00725.pdb	1a292ed44b330573c8de9ab03be128128048bdf31f8f2fc36ad58ed3c3582b68	PASS	true	121	1.0	/data/qlyu/projects/pvrig_top200_structure_consistency_v1_20260725/models/igfold/P1MCPUFP__CPUFP500K_0011__00725.pdb	9e1a7ccb8d63e789e78b2e796fd4019c3773cb52eae1e79a5b209d745d86c820	PASS	true	121	1.0	/data/qlyu/projects/pvrig_top200_structure_consistency_v1_20260725/models/nanonet/P1MCPUFP__CPUFP500K_0011__00725_nanonet_backbone_cb.pdb	cdcfe3444715fa24f81fef92edaeb0250acd8930d88b58fa18844251a6ffd401	0.3909	2.3274	0.5491	3.0938	0.371	1.7302	1.4372	4.3157	0.3971	3.227	1.4752	4.9157	0.3971	4.9157
126	P1MCPUFP__CPUFP500K_0211__00616	2ab263ec172ccd82c900d19b6a228c34bb556ecc1c0c927c717b2436b0d22cc6	PASS	true	cdr3_cross_tool_disagreement_gt_4A_diagnostic	PASS	true	121	1.0	/data1/qlyu/projects/pvrig_priority_top7500_dualreceptor_multiseed_handoff_v3_20260722/inputs/candidate_monomers/P1MCPUFP__CPUFP500K_0211__00616.pdb	a267a2d718a9870c425f039df9d0f1665bf7eaac3092f2351583ef5565bd5b62	PASS	true	121	1.0	/data/qlyu/projects/pvrig_top200_structure_consistency_v1_20260725/models/igfold/P1MCPUFP__CPUFP500K_0211__00616.pdb	070faab30d6b3b60b9d73dd6cad073db0beade08239826026a518687d504a033	PASS	true	121	1.0	/data/qlyu/projects/pvrig_top200_structure_consistency_v1_20260725/models/nanonet/P1MCPUFP__CPUFP500K_0211__00616_nanonet_backbone_cb.pdb	c9092198cf848754749320f5e8601d2252d92cf19a4f3b47dbc6ffdd1d58d7da	0.4145	2.0996	0.6127	7.0014	0.3909	3.2981	0.9326	6.4852	0.5272	2.766	0.6342	3.0536	0.5272	7.0014
127	P1MCPUFP__CPUFP500K_0508__00558	0aabc6e6dc38d817c015aae3a349c24731f467b97cf50b6a3692723f5e4f7a1c	PASS	true	cdr3_cross_tool_disagreement_gt_4A_diagnostic	PASS	true	121	1.0	/data1/qlyu/projects/pvrig_priority_top7500_dualreceptor_multiseed_handoff_v3_20260722/inputs/candidate_monomers/P1MCPUFP__CPUFP500K_0508__00558.pdb	146d3549ee3d3b2447f94cd393653401cbfaebc56f3ef51e248658c9d51eac12	PASS	true	121	1.0	/data/qlyu/projects/pvrig_top200_structure_consistency_v1_20260725/models/igfold/P1MCPUFP__CPUFP500K_0508__00558.pdb	b3a044d8914e0af58c293c0715e2334a86de54701e9ac7f0be1e7f6c28256d5a	PASS	true	121	1.0	/data/qlyu/projects/pvrig_top200_structure_consistency_v1_20260725/models/nanonet/P1MCPUFP__CPUFP500K_0508__00558_nanonet_backbone_cb.pdb	97c5dd1989d2214abf4fc3d9d60484a1c4643c9b98a499b688379d76baf4bae3	0.3645	1.6631	0.4329	4.7923	0.3574	2.5485	0.9233	4.3199	0.4573	2.5627	0.7468	3.2972	0.4573	4.7923
129	P1MCPUFP__CPUFP500K_0091__00402	6e36930b494ba1b8bc76a8ab3a435eb3b6ec611fd82f875637d3ae91bfd58ffd	PASS	true	cdr3_cross_tool_disagreement_gt_4A_diagnostic	PASS	true	127	1.0	/data1/qlyu/projects/pvrig_priority_top7500_dualreceptor_multiseed_handoff_v3_20260722/inputs/candidate_monomers/P1MCPUFP__CPUFP500K_0091__00402.pdb	0e1c9d08aa5fc3d6fb47c0e558bc4818396743d7420f760a50ec931119992c96	PASS	true	127	1.0	/data/qlyu/projects/pvrig_top200_structure_consistency_v1_20260725/models/igfold/P1MCPUFP__CPUFP500K_0091__00402.pdb	6ce55faae59fd084cfd27a92632dd355a44b8ea8b4db398574a93ea9668ab8af	PASS	true	127	1.0	/data/qlyu/projects/pvrig_top200_structure_consistency_v1_20260725/models/nanonet/P1MCPUFP__CPUFP500K_0091__00402_nanonet_backbone_cb.pdb	f482e974b3a6c74ff34d1d538d4fb51ed7abf75b1a0e3fc97df08b9fbc6d91f9	0.6196	2.5944	0.7624	2.6897	0.4158	2.8606	0.4695	4.275	0.6534	3.8788	1.0634	5.0736	0.6534	5.0736
130	P1MCPUFP__CPUFP500K_0091__00440	7a0b329eb14d1894fa976afba76a5a45dd348d66d3679ae0d8a4649fbf7869c5	PASS	true	cdr3_cross_tool_disagreement_gt_4A_diagnostic	PASS	true	127	1.0	/data1/qlyu/projects/pvrig_priority_top7500_dualreceptor_multiseed_handoff_v3_20260722/inputs/candidate_monomers/P1MCPUFP__CPUFP500K_0091__00440.pdb	643f6bdf51178068c33093bdfb514b4dc3fe0a14af5f15a4f6a517fcf57c67ab	PASS	true	127	1.0	/data/qlyu/projects/pvrig_top200_structure_consistency_v1_20260725/models/igfold/P1MCPUFP__CPUFP500K_0091__00440.pdb	92af93f6a6742e9bd0e710ca1d9d455ac7868548d510f35b8f8612c4bb0b75af	PASS	true	127	1.0	/data/qlyu/projects/pvrig_top200_structure_consistency_v1_20260725/models/nanonet/P1MCPUFP__CPUFP500K_0091__00440_nanonet_backbone_cb.pdb	9d4c5b5ecfe3dd354fef30b7ab4e12adc13772962bcd7f0964f6e085aa89c5ad	0.557	2.1835	0.8011	2.1152	0.5292	2.8046	0.875	4.0454	0.7506	2.2271	0.8828	4.7578	0.7506	4.7578
131	P1MCPUFP__CPUFP500K_0388__00523	c34b62035fbbb905676d91471f693c8083e2cdec890f2861f59e2e979e5d5d3d	PASS	true	cdr3_cross_tool_disagreement_gt_4A_diagnostic	PASS	true	127	1.0	/data1/qlyu/projects/pvrig_priority_top7500_dualreceptor_multiseed_handoff_v3_20260722/inputs/candidate_monomers/P1MCPUFP__CPUFP500K_0388__00523.pdb	63f31a268c709a7b70605c5872facf2f49ce049e6b98255b59d43b6b0cfcc04d	PASS	true	127	1.0	/data/qlyu/projects/pvrig_top200_structure_consistency_v1_20260725/models/igfold/P1MCPUFP__CPUFP500K_0388__00523.pdb	5ac673d45256b293e6d376ac9f9c98abd8fd390e8e5e78079f9e7c44b999a254	PASS	true	127	1.0	/data/qlyu/projects/pvrig_top200_structure_consistency_v1_20260725/models/nanonet/P1MCPUFP__CPUFP500K_0388__00523_nanonet_backbone_cb.pdb	21a3bb10f23fbed1c6dcc341e1b857b87d571fa8e8a2cd2dd5948f8524ad9813	0.4789	1.8527	0.4912	2.7168	0.4299	2.3618	0.9784	5.4805	0.6282	2.7404	1.1283	6.0419	0.6282	6.0419
133	P1MCPUFP__CPUFP500K_0289__00496	fdff2ab2b311f6fd542c631824df4c30a3389143e8257b45e74b57529bf3324c	PASS	true	cdr3_cross_tool_disagreement_gt_4A_diagnostic	PASS	true	127	1.0	/data1/qlyu/projects/pvrig_top7500_c2_gap_recovery_v1_20260723/c2_new4220_dualreceptor_seed42_3047_handoff_v1/inputs/candidate_monomers/P1MCPUFP__CPUFP500K_0289__00496.pdb	9b075e8b22acc68a832d14701619205dd9bcb35bbbb1c1cb68b9c9838efc9408	PASS	true	127	1.0	/data/qlyu/projects/pvrig_top200_structure_consistency_v1_20260725/models/igfold/P1MCPUFP__CPUFP500K_0289__00496.pdb	b02d3ba552c0ce19261c42d7aa6f39d2293b6b761c00ef15c12f716b1cdfce91	PASS	true	127	1.0	/data/qlyu/projects/pvrig_top200_structure_consistency_v1_20260725/models/nanonet/P1MCPUFP__CPUFP500K_0289__00496_nanonet_backbone_cb.pdb	59e19efbbe015f25a5d4ca981379c06cb000e5f659e1800f2c744ecedcdd5905	0.4747	2.5583	0.4028	2.8143	0.436	2.2562	0.4409	4.4893	0.5946	2.8493	0.7404	6.2319	0.5946	6.2319
134	P1MCPUFP__CPUFP500K_0091__00849	1d7fb897e2ce64305a7eab7696d1a1c7e2f3bae3dc131543516fac04e6cfd154	PASS	true	cdr3_cross_tool_disagreement_gt_4A_diagnostic	PASS	true	127	1.0	/data1/qlyu/projects/pvrig_top7500_c2_gap_recovery_v1_20260723/c2_new4220_dualreceptor_seed42_3047_handoff_v1/inputs/candidate_monomers/P1MCPUFP__CPUFP500K_0091__00849.pdb	74672118db8e47c1e750aef28a6f0554618dc080c3955f8f0a4ee8072c3ac674	PASS	true	127	1.0	/data/qlyu/projects/pvrig_top200_structure_consistency_v1_20260725/models/igfold/P1MCPUFP__CPUFP500K_0091__00849.pdb	118f78acc5f266e5448614598430d36e181b438e692d531bacc8783593ab54d7	PASS	true	127	1.0	/data/qlyu/projects/pvrig_top200_structure_consistency_v1_20260725/models/nanonet/P1MCPUFP__CPUFP500K_0091__00849_nanonet_backbone_cb.pdb	1fe9e1351d44f3e51b78a5bc7033b0a97d2519a0135cf6a2e204c6c5671f14c7	0.6881	2.0203	0.725	2.6176	0.4732	2.4979	0.7673	3.1544	0.8045	2.5188	1.2871	4.1166	0.8045	4.1166
135	P1MCPUFP__CPUFP500K_0388__00174	f77391cb04abddbcc919b3202d0a20288713cc77f7c4a3828a8cb1a8a5836d97	PASS	true	cdr3_cross_tool_disagreement_gt_4A_diagnostic	PASS	true	127	1.0	/data1/qlyu/projects/pvrig_priority_top7500_dualreceptor_multiseed_handoff_v3_20260722/inputs/candidate_monomers/P1MCPUFP__CPUFP500K_0388__00174.pdb	463dc44b9e28892ab6769d4ec39cbbb8de3517eb4b00f2aaa35257fbabfbd6bd	PASS	true	127	1.0	/data/qlyu/projects/pvrig_top200_structure_consistency_v1_20260725/models/igfold/P1MCPUFP__CPUFP500K_0388__00174.pdb	c65a682060d11d6d3fabbbe43e483bc1bab4600ef9933485277d6b7b33a6e4c5	PASS	true	127	1.0	/data/qlyu/projects/pvrig_top200_structure_consistency_v1_20260725/models/nanonet/P1MCPUFP__CPUFP500K_0388__00174_nanonet_backbone_cb.pdb	8caf98ec0760fd4a626f6acd0d23f05cec7d6bba4a53552fabe6fb98b9f822ee	0.5807	3.055	0.5031	2.1113	0.437	2.883	0.3504	4.1705	0.6607	3.0175	0.5202	4.7993	0.6607	4.7993
136	P1MCPUFP__CPUFP500K_0487__00827	885b844f1bb7b151e8f9061886db4ca5666a039c731a05a528c26329831dc069	PASS	true	cdr3_cross_tool_disagreement_gt_4A_diagnostic	PASS	true	127	1.0	/data1/qlyu/projects/pvrig_priority_top7500_dualreceptor_multiseed_handoff_v3_20260722/inputs/candidate_monomers/P1MCPUFP__CPUFP500K_0487__00827.pdb	6daf9fcacbe066684d8f313a5af7d393d332300c0c87c79ecb49444b233055e5	PASS	true	127	1.0	/data/qlyu/projects/pvrig_top200_structure_consistency_v1_20260725/models/igfold/P1MCPUFP__CPUFP500K_0487__00827.pdb	5c152d4b943adf885a6133bd3a002dcb20de667d1cc203d6083e1e93313d5624	PASS	true	127	1.0	/data/qlyu/projects/pvrig_top200_structure_consistency_v1_20260725/models/nanonet/P1MCPUFP__CPUFP500K_0487__00827_nanonet_backbone_cb.pdb	ff09a50dc33a512e4e0c37590b8ddcd992fa4e4e6e87411eeb27fc1fb5ec835d	0.6202	2.3653	0.5887	2.4925	0.5108	3.007	0.5535	4.2697	0.7421	3.1041	0.7365	4.469	0.7421	4.469
137	P1MCPUFP__CPUFP500K_0388__00757	c95882271969706bd602bf647fa54b104590ea9f7f0b7af5f2ea66e44314d8fb	PASS	true	cdr3_cross_tool_disagreement_gt_4A_diagnostic	PASS	true	127	1.0	/data1/qlyu/projects/pvrig_priority_top7500_dualreceptor_multiseed_handoff_v3_20260722/inputs/candidate_monomers/P1MCPUFP__CPUFP500K_0388__00757.pdb	df7f58a79cb3fc1b5112baad35f6348ab8fb98e42dfc69ebc1b7d2f25a0b3cb4	PASS	true	127	1.0	/data/qlyu/projects/pvrig_top200_structure_consistency_v1_20260725/models/igfold/P1MCPUFP__CPUFP500K_0388__00757.pdb	46c5910d4d2aa1902f1ceb66fdaf3901d9622af7d6ca4a9d183ebd070afe7bf7	PASS	true	127	1.0	/data/qlyu/projects/pvrig_top200_structure_consistency_v1_20260725/models/nanonet/P1MCPUFP__CPUFP500K_0388__00757_nanonet_backbone_cb.pdb	7c29750bb71b027e58e46012a6b0a28821508c0e8d58240fced871187cd71332	0.5426	2.5449	1.321	2.5771	0.4383	2.9844	1.0602	4.7227	0.5666	2.2267	2.0308	4.4513	0.5666	4.7227
139	P1MCPUFP__CPUFP500K_0190__00879	c5bd7eede0ce7b0474e1e3941acf51477dbc43cf5f7d2cb1c47b7cd507aea5d1	PASS	true	cdr3_cross_tool_disagreement_gt_4A_diagnostic	PASS	true	127	1.0	/data1/qlyu/projects/pvrig_priority_top7500_dualreceptor_multiseed_handoff_v3_20260722/inputs/candidate_monomers/P1MCPUFP__CPUFP500K_0190__00879.pdb	c67872927cad616c546cbc887ffc758825cd99dbc0adffd69bfb2a0a4bbd9b5c	PASS	true	127	1.0	/data/qlyu/projects/pvrig_top200_structure_consistency_v1_20260725/models/igfold/P1MCPUFP__CPUFP500K_0190__00879.pdb	e86064f8336c8af1fb980e73f41c4e66c88f98235ac84497c3f93527421f252e	PASS	true	127	1.0	/data/qlyu/projects/pvrig_top200_structure_consistency_v1_20260725/models/nanonet/P1MCPUFP__CPUFP500K_0190__00879_nanonet_backbone_cb.pdb	34b80d46c45d8ca7eab9aa4633f70ff88cabf0e460d753806eb9d984e0f2345b	0.6926	2.6257	0.9113	2.7514	0.44	3.8592	0.8127	3.2683	0.6465	3.7714	1.3501	4.2124	0.6926	4.2124
145	P1MCPUFP__CPUFP500K_0128__00809	1c4736654ac2232169e99a4b29b67fa06c9e8f3bf566bbd65574db8792b87aca	PASS	true	cdr3_cross_tool_disagreement_gt_4A_diagnostic	PASS	true	123	1.0	/data1/qlyu/projects/pvrig_priority_top7500_dualreceptor_multiseed_handoff_v3_20260722/inputs/candidate_monomers/P1MCPUFP__CPUFP500K_0128__00809.pdb	9ad83ad3eea4234104d82b168fbdde9d8dc721065447591ea87182993d7d623f	PASS	true	123	1.0	/data/qlyu/projects/pvrig_top200_structure_consistency_v1_20260725/models/igfold/P1MCPUFP__CPUFP500K_0128__00809.pdb	dc58993db256e3beb6853ff03120735692a20862a6505b15a3b9ded98f46b517	PASS	true	123	1.0	/data/qlyu/projects/pvrig_top200_structure_consistency_v1_20260725/models/nanonet/P1MCPUFP__CPUFP500K_0128__00809_nanonet_backbone_cb.pdb	4c9d8fcd8e4eeb5a6f59b88ab38615337ebfaa44f6d1f0d74c67b1096e1da180	0.3248	2.6119	0.5305	2.6271	0.3492	1.7082	0.3186	4.8875	0.513	2.5598	0.6993	3.1516	0.513	4.8875
151	P1MCPUFP__CPUFP500K_0133__00282	04a0719b4a17791985afb4f12e2c557c0155e9c5b644f36f1ddad1cb2b340abb	PASS	true	cdr3_cross_tool_disagreement_gt_4A_diagnostic	PASS	true	123	1.0	/data1/qlyu/projects/pvrig_priority_top7500_dualreceptor_multiseed_handoff_v3_20260722/inputs/candidate_monomers/P1MCPUFP__CPUFP500K_0133__00282.pdb	b74484cbf86ae023abb911a6ffd4b6022e13f92c53d683ab16b0245bc6de2bf6	PASS	true	123	1.0	/data/qlyu/projects/pvrig_top200_structure_consistency_v1_20260725/models/igfold/P1MCPUFP__CPUFP500K_0133__00282.pdb	bc25baaba6cf64e139a99194e6c5a1382bb5255a61cc522ee96d30e082ae0b73	PASS	true	123	1.0	/data/qlyu/projects/pvrig_top200_structure_consistency_v1_20260725/models/nanonet/P1MCPUFP__CPUFP500K_0133__00282_nanonet_backbone_cb.pdb	f803321db386d8445173c80be407ba9e3e483495433f3c743ba53f8157566233	0.2743	2.3509	0.4783	2.1828	0.281	2.5138	0.4189	4.3168	0.3186	1.5842	0.5998	3.0606	0.3186	4.3168
161	P1MCPUFP__CPUFP500K_0480__00342	d8ae793e016c8d9909ac78b44faeeb7dbf8f7953f988300c6988c2dae802bf9b	PASS	true	cdr3_cross_tool_disagreement_gt_4A_diagnostic	PASS	true	127	1.0	/data1/qlyu/projects/pvrig_priority_top7500_dualreceptor_multiseed_handoff_v3_20260722/inputs/candidate_monomers/P1MCPUFP__CPUFP500K_0480__00342.pdb	a4547a6f68161488f1935cc890a8a48974660b09410b6759972d9faf97f8916a	PASS	true	127	1.0	/data/qlyu/projects/pvrig_top200_structure_consistency_v1_20260725/models/igfold/P1MCPUFP__CPUFP500K_0480__00342.pdb	26607d2d6c3b10547ad46c037cbab55dcfb7383fe0dda3ed5c20378f7351dd64	PASS	true	127	1.0	/data/qlyu/projects/pvrig_top200_structure_consistency_v1_20260725/models/nanonet/P1MCPUFP__CPUFP500K_0480__00342_nanonet_backbone_cb.pdb	9977a068f42a5e7d74fcc6ebcf6d201a4212e7516548deede51680a2a2d7d3e0	0.4331	2.3972	0.5201	2.6369	0.4786	2.8627	0.3644	4.3636	0.5997	2.0298	0.5608	4.1577	0.5997	4.3636
164	P1MCPUFP__CPUFP500K_0185__00654	5f7f6b212ced9918882536b46573bb295085f974fe38614b26e9f21727f3e929	PASS	true	cdr3_cross_tool_disagreement_gt_4A_diagnostic	PASS	true	127	1.0	/data1/qlyu/projects/pvrig_priority_top7500_dualreceptor_multiseed_handoff_v3_20260722/inputs/candidate_monomers/P1MCPUFP__CPUFP500K_0185__00654.pdb	9025ff490bddde0c3e2d61bd1731a25094648406c6f339e6de0789db64014a99	PASS	true	127	1.0	/data/qlyu/projects/pvrig_top200_structure_consistency_v1_20260725/models/igfold/P1MCPUFP__CPUFP500K_0185__00654.pdb	8c9762144c7b2ed6830f29cdec4ad5330d3af98ef28ab8e78d1fccaf214ccdf6	PASS	true	127	1.0	/data/qlyu/projects/pvrig_top200_structure_consistency_v1_20260725/models/nanonet/P1MCPUFP__CPUFP500K_0185__00654_nanonet_backbone_cb.pdb	f0d9b23729951c52daf4368dd7cd7545c2a726b2a3e21d0b0272ad70c1a50b11	0.4859	1.6547	0.8442	2.2642	0.4725	1.9521	0.3607	3.2237	0.5861	2.36	0.7135	4.0176	0.5861	4.0176
166	P1MCPUFP__CPUFP500K_0086__00077	004f47f664d39b867104507670fd100f0c7fba445d01439b241c0b45f0328cbf	PASS	true	cdr3_cross_tool_disagreement_gt_4A_diagnostic	PASS	true	127	1.0	/data1/qlyu/projects/pvrig_priority_top7500_dualreceptor_multiseed_handoff_v3_20260722/inputs/candidate_monomers/P1MCPUFP__CPUFP500K_0086__00077.pdb	411eda151672665c4f151b626f0a81146146b7999d0855bea4a8510a848764d1	PASS	true	127	1.0	/data/qlyu/projects/pvrig_top200_structure_consistency_v1_20260725/models/igfold/P1MCPUFP__CPUFP500K_0086__00077.pdb	842c5fb26fd61fef43765a7296bb691b76c877d0e86597520d1038c283e5beb9	PASS	true	127	1.0	/data/qlyu/projects/pvrig_top200_structure_consistency_v1_20260725/models/nanonet/P1MCPUFP__CPUFP500K_0086__00077_nanonet_backbone_cb.pdb	b2af2016d193986151d2bf0871c296a9af53baf548e6540b4d617cccfe28b760	0.4834	2.1711	0.8181	2.1007	0.4378	2.7784	0.619	5.8457	0.5574	3.4272	0.7175	6.7056	0.5574	6.7056
169	P1MCPUFP__CPUFP500K_0284__00666	91b2f2a070c6a6bcedc83d1b71166f5dd29ee0ac9fad25716164bd3d779f1a7c	PASS	true	cdr3_cross_tool_disagreement_gt_4A_diagnostic	PASS	true	127	1.0	/data1/qlyu/projects/pvrig_priority_top7500_dualreceptor_multiseed_handoff_v3_20260722/inputs/candidate_monomers/P1MCPUFP__CPUFP500K_0284__00666.pdb	441756c5c4a278cc2260cf30eedc358beeaf563c3d4fbd425405294e4a9e8baf	PASS	true	127	1.0	/data/qlyu/projects/pvrig_top200_structure_consistency_v1_20260725/models/igfold/P1MCPUFP__CPUFP500K_0284__00666.pdb	2de0c6fcec92cfa2c22b846ca411ee1db290f03a02f8aa5d1d56e581e65cf369	PASS	true	127	1.0	/data/qlyu/projects/pvrig_top200_structure_consistency_v1_20260725/models/nanonet/P1MCPUFP__CPUFP500K_0284__00666_nanonet_backbone_cb.pdb	71090fc2c31dad6432b14f2fb5c0c072a700c2eddb5e076d3267a1211cfb0f2b	0.5902	2.6863	0.5613	2.365	0.4826	2.4511	0.4839	6.9229	0.8272	3.1411	0.8752	7.4378	0.8272	7.4378
171	P1MCPUFP__CPUFP500K_0188__00645	86fcb5c116bda13b5a1f364bcbe870b88bb219941650b45953ac46e3a4c6b7de	PASS	true	cdr3_cross_tool_disagreement_gt_4A_diagnostic	PASS	true	127	1.0	/data1/qlyu/projects/pvrig_priority_top7500_dualreceptor_multiseed_handoff_v3_20260722/inputs/candidate_monomers/P1MCPUFP__CPUFP500K_0188__00645.pdb	ac103ef214d8332e997727d6548503b759303a41256a2ad5f8bf70d9091287df	PASS	true	127	1.0	/data/qlyu/projects/pvrig_top200_structure_consistency_v1_20260725/models/igfold/P1MCPUFP__CPUFP500K_0188__00645.pdb	e1e66f0ea08a31c62dc0b1c2adb9e742307d155f8fab217ca8fdcb5864ec99a8	PASS	true	127	1.0	/data/qlyu/projects/pvrig_top200_structure_consistency_v1_20260725/models/nanonet/P1MCPUFP__CPUFP500K_0188__00645_nanonet_backbone_cb.pdb	b4d80c1985b90affa4ea7c24e918d7684bed213c5687752d34027841366ff615	0.4144	1.869	0.6177	3.105	0.4475	1.9698	0.5696	4.5201	0.5874	2.8916	0.6422	6.3872	0.5874	6.3872
172	P1MCPUFP__CPUFP500K_0287__00280	b059e74e13daa6e095aa675ee23d6e04399ff7cfe7c073c0ce1c18c79216ee4e	PASS	true	cdr3_cross_tool_disagreement_gt_4A_diagnostic	PASS	true	127	1.0	/data1/qlyu/projects/pvrig_priority_top7500_dualreceptor_multiseed_handoff_v3_20260722/inputs/candidate_monomers/P1MCPUFP__CPUFP500K_0287__00280.pdb	f67455d90dbd36976d50069f1050455b68b85a721deeaacc173a947054a06ca0	PASS	true	127	1.0	/data/qlyu/projects/pvrig_top200_structure_consistency_v1_20260725/models/igfold/P1MCPUFP__CPUFP500K_0287__00280.pdb	7b567980100edd947258ec68577797cd07b68db859a976066738f327158d6d20	PASS	true	127	1.0	/data/qlyu/projects/pvrig_top200_structure_consistency_v1_20260725/models/nanonet/P1MCPUFP__CPUFP500K_0287__00280_nanonet_backbone_cb.pdb	ebad5fef1dd549836571c9bdb53d8dd6b0d6ffce6828899d91790a5a4a10bb6f	0.5887	2.1666	0.8101	3.2406	0.4672	2.6522	0.5025	3.8873	0.7357	1.9964	0.522	6.1043	0.7357	6.1043
176	P1MCPUFP__CPUFP500K_0188__00819	7ed8f57ea18a5913c31f02eae4c1e1e4559bdf45dca06a436a5002e10cb6335d	PASS	true	cdr3_cross_tool_disagreement_gt_4A_diagnostic	PASS	true	127	1.0	/data1/qlyu/projects/pvrig_priority_top7500_dualreceptor_multiseed_handoff_v3_20260722/inputs/candidate_monomers/P1MCPUFP__CPUFP500K_0188__00819.pdb	816f31fa251a9aee6f03778219ebee05549ab268ebd24b003bb91682dcfb4546	PASS	true	127	1.0	/data/qlyu/projects/pvrig_top200_structure_consistency_v1_20260725/models/igfold/P1MCPUFP__CPUFP500K_0188__00819.pdb	dc23b3ca6aa9d2ba29ed7f4d5660a42977506d9827b021c216f4aa2187dbc9e2	PASS	true	127	1.0	/data/qlyu/projects/pvrig_top200_structure_consistency_v1_20260725/models/nanonet/P1MCPUFP__CPUFP500K_0188__00819_nanonet_backbone_cb.pdb	6d224a2b9d52f8371e4b9cafb87313e9bf2c655c5f4b7b11cb54de732871993f	0.4251	1.7748	0.7801	3.0226	0.4916	1.8598	0.557	2.8929	0.6607	2.1278	0.7404	4.9922	0.6607	4.9922
184	P1MCPUFP__CPUFP500K_0128__00800	33591962d323acf2d9277b0e058695d1cc2194759f276b50c21b8142df8458c6	PASS	true	cdr3_cross_tool_disagreement_gt_4A_diagnostic	PASS	true	123	1.0	/data1/qlyu/projects/pvrig_priority_top7500_dualreceptor_multiseed_handoff_v3_20260722/inputs/candidate_monomers/P1MCPUFP__CPUFP500K_0128__00800.pdb	e4ee25f68480ac5fc4af72eb83b3a07b6f6bf5667fde22e2085d10ed864f8416	PASS	true	123	1.0	/data/qlyu/projects/pvrig_top200_structure_consistency_v1_20260725/models/igfold/P1MCPUFP__CPUFP500K_0128__00800.pdb	8c0f59f146fe06f2fd629e3537be8b3b97428e1ecd0fc5e3a1c33053b5c37517	PASS	true	123	1.0	/data/qlyu/projects/pvrig_top200_structure_consistency_v1_20260725/models/nanonet/P1MCPUFP__CPUFP500K_0128__00800_nanonet_backbone_cb.pdb	e0871d4588f440b1e2329e7f5f843d8f50c90e92c60bb3900d523470dc70a9d1	0.391	1.139	0.4816	4.5463	0.3781	1.8385	0.3451	4.2804	0.4999	1.6646	0.4851	2.4627	0.4999	4.5463
187	P1MCPUFP__CPUFP500K_0228__00933	dc4a278418fc740e2ae6b8b1ca7783ed9cb87fae47e115b19317cbdcf305e343	PASS	true	cdr3_cross_tool_disagreement_gt_4A_diagnostic	PASS	true	123	1.0	/data1/qlyu/projects/pvrig_priority_top7500_dualreceptor_multiseed_handoff_v3_20260722/inputs/candidate_monomers/P1MCPUFP__CPUFP500K_0228__00933.pdb	98076f852c68e055150ffa6cc5405d5950310e2f6783204c2d94b3a9a172ebd4	PASS	true	123	1.0	/data/qlyu/projects/pvrig_top200_structure_consistency_v1_20260725/models/igfold/P1MCPUFP__CPUFP500K_0228__00933.pdb	bf983005bf8ee96d0089f265b13a8d3f4ebdc10f8844d5e4b9e91f0ad345c301	PASS	true	123	1.0	/data/qlyu/projects/pvrig_top200_structure_consistency_v1_20260725/models/nanonet/P1MCPUFP__CPUFP500K_0228__00933_nanonet_backbone_cb.pdb	ed4ecc45dc29eb547782f86876114ec94a64d9131a822342c08e215ebf9c582e	0.4324	2.184	0.3581	4.6215	0.3029	2.6385	0.3001	3.3142	0.4904	2.2602	0.4847	2.3171	0.4904	4.6215
