path	bytes	sha256
.omx/logs/notify-fallback-2026-07-25.jsonl	581	862d157191743a1daf1a2d1ffb3ca9d3a3a74ace084b68fa66814e3ef1c7fb57
.omx/logs/omx-2026-07-25.jsonl	286	646f240beab18b484d6fc7ef5615f693500c85eff3ecd163d3055ff3e07d9b92
.omx/logs/session-history.jsonl	166	21e4547c6d3749cce1b37ff2c22ea8a9f482167e3c67bdc34bccd88758670872
.omx/metrics.json	232	76b02aa561c22f96daeed3b2b0100e6beaa6e27fd95cb014a78a3170b3a9cb98
.omx/runtime/bin/omx	88	0b68e6c971f9067251b2391a56a901d5f52bb58aade393cc5e85c69eed7fe477
.omx/state/notify-fallback-authority-owner.json	386	69f9c604ce0ec76510b77c0d2ff202d2ddf09be02862b9f42ed872d6319976ac
.omx/state/notify-fallback-authority-state.json	386	69f9c604ce0ec76510b77c0d2ff202d2ddf09be02862b9f42ed872d6319976ac
.omx/state/notify-fallback-state.json	2572	cad5aa164586b54e0bbd2a6b256e87273b75ea70ff821cd30ed99a0c9e47e6e0
.omx/state/update-check.json	83	8c48e468f056ac5ddf3f8cb927d82f83e1b6b1afdeb0fa3b6c79a6d86a508b87
PVRIG_PVRL2_机制当前结论.md	7087	42769be923acd6028c4ea8e307f06beda9a41feaeeaf1e1c3d1448ca3aca06d6
README.md	15058	37f26fd4fc5902e69f57471612b60f0c2d90c9a5a04e06da955170737d7e2f9d
case_studies/01_COM701_CPA7021_Tab5_机制详解.md	11667	d61ab6a11939b6c8d7c39a520186c57e440cd6959080756b1ae37d5a8393f3ee
case_studies/02A_PVRIG_VHH_专利序列与成功验证系列.md	10894	b645da4f3c703a422f46a6d3cd413817f21ba8096dd40c963a6e44bea4f2e52a
case_studies/02_PVRIG_VHH_20_30_38_39_151_HR151_机制详解.md	24862	4f23a1196cac537a0ee09e3ea3e6749348aab138ff443c466348e94a2b74c410
case_studies/03_IBI352g4a_Fc_NK_机制详解.md	11027	c0fd9a2c4f25556efe2ca90185e2a5cfab25080be2c9d2f80f83b58b8db24bea
case_studies/04_GSK4381562_SRF813_distinct_epitope_机制详解.md	12979	b466a3450f84fd878a7ae4b7c2bf72b62b1cc3a9ae774f894b800b8a881fbf77
case_studies/05_SHR2002_TIGIT_PVRIG双抗机制详解.md	13188	9f02ac2493b0e4702ef3fffac1bdbdfc60b2a6bcb39f46b92e0d115ba1384667
case_studies/06_PM1009_SIM0348_TIGIT_PVRIG双抗机制详解.md	9409	c0cdc877a8943d606212fbf1b59db4e983b681345bbf0451a15617f6c0e5c5c9
case_studies/README.md	1813	64461a16e6a1b705ddec07945d8b9de8dfd89c3e81e663b6d4f16e6753143f5e
data/audits/COMBINED_COMMON4_GEOMETRY_RECEIPT.json	8129	250c9d6f9319fa746e3e9a52646112dad67abf419d75e75cfb0420ab4ab25aac
data/audits/PVRIG_Final50_400pose_机制复核明细.tsv	91170	8511bc09260873b7e3ce2770776e2e0fecf408473dcdccc1e75a39883dcc7ec9
data/audits/PVRIG_Final50_Affinity多模型共识侧车.tsv	23420	c707061f6906d08ebabe31ceb671ec1a0b3bd6a638275552584675fbb2e62703
data/audits/PVRIG_Final50_TNP六分量补齐_v1_20260725.json	15474	67dfc2acdf57ff4f19ad514d2679b7674a4acbe30691dd0e2f053d562f7ec3d6
data/audits/PVRIG_Final50_Top10_实验投放侧车_v1_1_20260725.tsv	7324	d1ad389b8d804b48463b8da35aa9c4aaefc852c63e03d56e3bdb0b73928947b6
data/audits/PVRIG_Final50_候选级机制复核汇总.tsv	28020	8f3e3a97a71c3d5e38fc88e246f9a6efa8ce96264b918e5efb24836fbd3f0480
data/audits/PVRIG_Final50_制造格式侧车_FINAL_AUDIT_v1_1_20260725.json	665	83f0f17f40da37d4c3c232d8d2a302e45e799c3603867917e4475e9a75a37b38
data/audits/PVRIG_Final50_制造格式侧车_v1_1_20260725.tsv	31715	6a52ca2b30b9592a604286b474edf35f256a36c00f3826565d6bf208e35cbbf9
data/audits/PVRIG_Final50_无约束重对接与Decoy校准.tsv	21389	eb4c91f41d0cee9cf8f8c293088bc02ca9b0ed4262f46bb433cbe1689b8c412c
data/audits/PVRIG_Final50_比赛提交优先级.tsv	34887	ca2a041517253beef1001b3e7cea2d52ce7f7769370dcad36997b16b14866430
data/audits/PVRIG_Final50_比赛提交策略_RECEIPT.json	2016	92acf4ccab5ba5795254ed758daed5f689c11c405c574a6972cc09e4de8dd45b
data/audits/PVRIG_Final50_比赛表达纯度可开发性复核.tsv	33916	7467f26114245179c9bce19b707c79a68ad70ac58c5fea72c941eded8b070935
data/audits/PVRIG_Final50_糖基化与抗原可及性.tsv	14472	6616c72d58d6da46a22b0dce0616c6ef87ec83cc45cace0db6ef3b1e99e39015
data/audits/PVRIG_Final50_糖基化与抗原可及性_RECEIPT.json	971	0b30309fc425fb995c2ba859db9224b3198bbab3d533f12441f4b96c080e358a
data/audits/PVRIG_Final50_糖基化与抗原可及性_pose.tsv	237564	29be430ffcd1f75a9c0ad4b0edb7009c8e3a3df0d9bb399db940fdd8b79938d5
data/audits/PVRIG_Final50_通用hFc格式pilot_v1_20260725.json	2305	1c93c250f9d65ff9b54e9fef872f73b8ef135d21d163f8823d3b0991d918e668
data/audits/PVRIG_Final50_非特异性与自相互作用.tsv	17982	9d54b8f4e0f8567afc99b62468aba1ed57e0ec0ecec571ae8476425831302207
data/audits/PVRIG_QC397_Final50_融合兼容ABC与竞赛排名_v1_20260726/FINAL50_FUSION_RANKING_AUDIT.json	3767	4b9f629e9ddb21edc8360b43ee1cfbb02b3b25b22e0c0a3da9fa59da3fe2a057
data/audits/PVRIG_QC397_Final50_融合兼容ABC与竞赛排名_v1_20260726/compact_outputs_verified_20260726T0137Z.tar.gz	222521	3fe592c03334411206a8677e3fde1770e6dcb99d897a0322a53442da413c63ed
data/audits/PVRIG_QC397_Final50_融合兼容ABC与竞赛排名_v1_20260726/final50_abc_priority/ABC_PRIORITY_RECEIPT.json	3717	94e1902a2cdd3523edaadf71b20bc7752d0190a1767064b052de3c5e2eacc439
data/audits/PVRIG_QC397_Final50_融合兼容ABC与竞赛排名_v1_20260726/final50_abc_priority/Top10_competition_priority_after_fusion_developability.tsv	7032	03229a9a40106664085ba206a077d9b8a6a9d952be9d096ae6de35e9f775598e
data/audits/PVRIG_QC397_Final50_融合兼容ABC与竞赛排名_v1_20260726/final50_abc_priority/Top20_expression_purity_risk_grades.tsv	33366	da25125c52902447873710835c029aad7263bcd18d0b418fb5c76e5c4017f6ce
data/audits/PVRIG_QC397_Final50_融合兼容ABC与竞赛排名_v1_20260726/final50_common4_bundle/BUNDLE_RECEIPT.json	1592	88af9a01d60021f96d43f0c93560af7da97fd056937798023021ee19efa69316
data/audits/PVRIG_QC397_Final50_融合兼容ABC与竞赛排名_v1_20260726/final50_common4_bundle/final50_candidates.tsv	90464	365c022968968ad77a4b923188a0b3e929b7bb42c4b02810e65a247c6e538b87
data/audits/PVRIG_QC397_Final50_融合兼容ABC与竞赛排名_v1_20260726/final50_common4_bundle/representative_models_manifest.tsv	396223	0d8cf4a0fdeee2d608905f6313e9de4a10671274757e843aaf96ac27573061c8
data/audits/PVRIG_QC397_Final50_融合兼容ABC与竞赛排名_v1_20260726/final50_competition_ranking/Final50_competition_ranked.fasta	10286	a7ccb0c43e3e8f54f48d958e88140987e376e6d5cbe9e572656cc5c575966d55
data/audits/PVRIG_QC397_Final50_融合兼容ABC与竞赛排名_v1_20260726/final50_competition_ranking/Final50_competition_ranked.tsv	42286	6d7193baaf50d0616ad4e924a1a66cf5c4fae85bbad1ad4d7276479cec38f7f3
data/audits/PVRIG_QC397_Final50_融合兼容ABC与竞赛排名_v1_20260726/final50_competition_ranking/RANKING_RECEIPT.json	1840	8db1cdf82c47f7b7eff8ee9b991d2c42c3d67a5288a54b3a1a7a8f2b19c76629
data/audits/PVRIG_QC397_Final50_融合兼容ABC与竞赛排名_v1_20260726/final50_prefusion/PREFUSION_RECEIPT.json	1701	02b42b98d945a497343eddb955f4863917ed1700a44d2b4d943a9b0ddad5fe17
data/audits/PVRIG_QC397_Final50_融合兼容ABC与竞赛排名_v1_20260726/final50_prefusion/Top20_prefusion_candidate_audit.tsv	30096	076da217fcebe6a820d70a9dfe4aac81e00650bb8343d061127257d350516c5c
data/audits/PVRIG_QC397_Final50_融合兼容ABC与竞赛排名_v1_20260726/final50_prefusion/Top20_prefusion_pose_audit.tsv	173578	160dd389af07a363ddafcb97971719ba9e8fb56963c4c3511b66e846c1aac281
data/audits/PVRIG_QC397_Final50_融合兼容ABC与竞赛排名_v1_20260726/final50_structure_sidecar/STRUCTURE_SIDECAR_RECEIPT.json	935	f0929f85b65b29eaa0588db97dd4761a14a285688172ccfafdd3620b46d1a069
data/audits/PVRIG_QC397_Final50_融合兼容ABC与竞赛排名_v1_20260726/final50_structure_sidecar/candidate_structure_manufacturability_sidecar.tsv	14840	aa9a1cf4f5ca1e46cde77aa6732a3bafa819fb00eb55ee509b8933ada3cf9b49
data/audits/PVRIG_QC397_Final50_融合兼容ABC与竞赛排名_v1_20260726/final50_structure_sidecar/pose_surface_metrics.tsv	169299	99c367e2bdd16d897d2c03afb427f48e1acfe5469e1f3c3f163d12b6d2953657
data/audits/PVRIG_QC397_Final50_融合兼容ABC与竞赛排名_v1_20260726/final50_structure_sidecar/ptm_exposure_metrics.tsv	2906801	2ee2af0fd362d67350c721d0c39ae208d209da8ee5679730e855a4c40578e9cd
data/audits/PVRIG_QC397_Top20PlusTop10_融合兼容与ABC风险_v2_20260726/FUSION_DEVELOPABILITY_AUDIT.json	3582	0893e67bdf8d6ca46e9f98f98093ebb34664423ba97fab4bfb8e3015b54673f6
data/audits/PVRIG_QC397_Top20PlusTop10_融合兼容与ABC风险_v2_20260726/compact_outputs_verified_20260726T0117Z.tar.gz	98378	621624627ef3706950ca1013d68770e67f1b51db536b2e13fa20d93370db977a
data/audits/PVRIG_QC397_Top20PlusTop10_融合兼容与ABC风险_v2_20260726/fusion_panel_abc_priority/ABC_PRIORITY_RECEIPT.json	3742	05e297a21bd87e2f4eedd0dc5df3aaac9269304d88d131d5d17806f42c4f83c5
data/audits/PVRIG_QC397_Top20PlusTop10_融合兼容与ABC风险_v2_20260726/fusion_panel_abc_priority/Top10_competition_priority_after_fusion_developability.tsv	7032	03229a9a40106664085ba206a077d9b8a6a9d952be9d096ae6de35e9f775598e
data/audits/PVRIG_QC397_Top20PlusTop10_融合兼容与ABC风险_v2_20260726/fusion_panel_abc_priority/Top20_expression_purity_risk_grades.tsv	14587	3bf5807a9c60c9c71f623eeb7181d9a0a87d8bf7ad57e5b123ee5cef1f595edc
data/audits/PVRIG_QC397_Top20PlusTop10_融合兼容与ABC风险_v2_20260726/fusion_panel_common4_bundle/BUNDLE_RECEIPT.json	1604	0f2790a8ba05cb55b8aca2a2cbacd4e9ccb0c0429bbbd75a6c3d99281afe364a
data/audits/PVRIG_QC397_Top20PlusTop10_融合兼容与ABC风险_v2_20260726/fusion_panel_common4_bundle/fusion_panel_candidates.tsv	40835	3fa8fea08995b3de751b73d8351a6480b444a5ba327e47da720214a6bfd99cbc
data/audits/PVRIG_QC397_Top20PlusTop10_融合兼容与ABC风险_v2_20260726/fusion_panel_common4_bundle/representative_models_manifest.tsv	177806	bce375b9e8810fe37b8831de07cd77c062c5febdcf7b9dbff1c5e2263de865a4
data/audits/PVRIG_QC397_Top20PlusTop10_融合兼容与ABC风险_v2_20260726/fusion_panel_prefusion/PREFUSION_RECEIPT.json	1743	989b40f053544a0be9fe9cf7fcf1e20ccfac714c8a4abb831993970d53c3451c
data/audits/PVRIG_QC397_Top20PlusTop10_融合兼容与ABC风险_v2_20260726/fusion_panel_prefusion/Top20_prefusion_candidate_audit.tsv	13620	01885c1c6920cd7e280015a33fb9cf73856837cc27a9b235c7dc37a493c8edb6
data/audits/PVRIG_QC397_Top20PlusTop10_融合兼容与ABC风险_v2_20260726/fusion_panel_prefusion/Top20_prefusion_pose_audit.tsv	80282	33e45dbda5f9ee0613c7312ff05aefcae62482906bb041d2a78d7ee5c154b92e
data/audits/PVRIG_QC397_Top20PlusTop10_融合兼容与ABC风险_v2_20260726/fusion_panel_structure_sidecar/STRUCTURE_SIDECAR_RECEIPT.json	968	ec82744feb1e687d3b1f51984d8695dc085bc88da23ae0fa32cba82138d1a3c1
data/audits/PVRIG_QC397_Top20PlusTop10_融合兼容与ABC风险_v2_20260726/fusion_panel_structure_sidecar/candidate_structure_manufacturability_sidecar.tsv	6810	2590dc8633564489d6da61393e717bdf1c774cfb4fb463d0bf4ac086c2c828f3
data/audits/PVRIG_QC397_Top20PlusTop10_融合兼容与ABC风险_v2_20260726/fusion_panel_structure_sidecar/pose_surface_metrics.tsv	78432	6482fed8efe1ca744627253352f7c692055b1094bd04cdc15967e9d45b5da25d
data/audits/PVRIG_QC397_Top20PlusTop10_融合兼容与ABC风险_v2_20260726/fusion_panel_structure_sidecar/ptm_exposure_metrics.tsv	1264670	e750844b7c99680780e18bbe1e358fe3fd7dfbfa1ea4a779ad517824a235fce7
data/audits/PVRIG_QC397_static_Top80_Final50_bridge_20260726/BRIDGE_AUDIT.json	3563	cbb9138c15d50cf4bcbb5db30138f1d96cec2f4b8a075796f624a90aa5149b59
data/audits/PVRIG_QC397_static_Top80_Final50_bridge_20260726/Final50_PREAUDIT.json	1860	9196b262ead552b6f5c8be7f1e0b80ccebc0526453457fc41e64b587f1611d2e
data/audits/PVRIG_QC397_static_Top80_Final50_bridge_20260726/Final50_ranked.tsv	86254	7e07f8673ba6d47144d0658c68e22603180d4f15f57b60af8b8ecd9eb1ec59e4
data/audits/PVRIG_QC397_static_Top80_Final50_bridge_20260726/QC397_STATIC_BRIDGE_INPUT_RECEIPT.json	3624	d21437e343e3849e3d5e4f21dff9127fff5995f38d7ef97a6f132264fd226dcd
data/audits/PVRIG_QC397_static_Top80_Final50_bridge_20260726/QC397_STATIC_COMPLETE.json	956	0a49ced4dfb13371d0959e253dd23e0d9c5bbc44a487ca11019b1eecb5e9d9fe
data/audits/PVRIG_QC397_static_Top80_Final50_bridge_20260726/QC397_to_Top80_exclusions.tsv	59620	6c157ef621ae140c94a6a1b7cb107f4d26ed88614984e77a98b0d098714eb731
data/audits/PVRIG_QC397_static_Top80_Final50_bridge_20260726/Top10_priority.tsv	19653	8db3565b7f2bac4768b9895cc96f1cfaf274db482dea01fee2622cd64998a056
data/audits/PVRIG_QC397_static_Top80_Final50_bridge_20260726/Top80_COMPLETE.json	2376	72628354aa34acfa8a37be0c73d56b42cde4a7970d9d150efbb1ac2acb1cb282
data/audits/PVRIG_QC397_static_Top80_Final50_bridge_20260726/Top80_post_static.tsv	123137	0a06062912856c0bb1ef38528da169e027f912f0501b307ed64e86dc69d83aec
data/audits/PVRIG_QC397_static_Top80_Final50_bridge_20260726/runner_static_compatibility.diff	2715	3ddad788e7890af5214767a86552267781844232c203c17e983a1b87bdb532d9
data/audits/PVRIG_QC397_static_Top80_Final50_bridge_20260726/unified_qc397_static_input.tsv	248110	a4264d7434fce4705911f897f2f105d8354334be20e78884482d204a470fcf36
data/audits/PVRIG_QC397_static_Top80_Final50_bridge_20260726/unified_qc397_static_metrics_794.tsv	1237143	d8d388400ff3c7c67b432951cff180e9b27466b50543493fbb086a87a6d67e92
data/audits/PVRIG_QC397_static_Top80_Final50_bridge_20260726_v2/BRIDGE_AUDIT.json	3946	13824e32e34e3468e409b238dd1ae9579a0f197bf142c1cf7de4c640a41193d2
data/audits/PVRIG_QC397_static_Top80_Final50_bridge_20260726_v2/Final50_PREAUDIT.json	2002	baab18316d724655771063e607f02669261f87233bded724916dcaf42165a1e1
data/audits/PVRIG_QC397_static_Top80_Final50_bridge_20260726_v2/Final50_ranked.tsv	89539	9ceb5734741a655e9c94c0b77aba293b054473718c9bd04787dfc6fa27590218
data/audits/PVRIG_QC397_static_Top80_Final50_bridge_20260726_v2/QC397_STATIC_BRIDGE_INPUT_RECEIPT.json	3624	7f01049bce03a74c54e122c0ded07e2b9ce74cf3962e58c40e37bfce363374cf
data/audits/PVRIG_QC397_static_Top80_Final50_bridge_20260726_v2/QC397_STATIC_COMPLETE.json	956	604f59e98e132c2c7b32f278d5c199f212eb1385e901e67b53e64328295be1ac
data/audits/PVRIG_QC397_static_Top80_Final50_bridge_20260726_v2/QC397_to_Top80_exclusions.tsv	57862	ff38e9e169e74ce8a48bcdcf5bece86c5628cad6c3904cac9e886ba96b77bb71
data/audits/PVRIG_QC397_static_Top80_Final50_bridge_20260726_v2/Top10_priority.tsv	20435	ab03cc5257964404fe14d9812a68071dfd7416174a41360813a1e4db7319fab5
data/audits/PVRIG_QC397_static_Top80_Final50_bridge_20260726_v2/Top80_COMPLETE.json	2582	08809411845ca56eac747719572310ae0c2c9a38c714efdd75d4be4ffeba1ce8
data/audits/PVRIG_QC397_static_Top80_Final50_bridge_20260726_v2/Top80_post_static.tsv	127641	496f83946e0249156d9773fc143a98354319eda0664852c484f0db25d80a24d7
data/audits/PVRIG_QC397_static_Top80_Final50_bridge_20260726_v2/runner_static_compatibility.diff	2715	3ddad788e7890af5214767a86552267781844232c203c17e983a1b87bdb532d9
data/audits/PVRIG_QC397_static_Top80_Final50_bridge_20260726_v2/unified_qc397_static_input.tsv	247910	f5c56c1030a1f9d2f85b309db85cab04ff2fa5ba1cde6fb275a2d20bd5063a80
data/audits/PVRIG_QC397_static_Top80_Final50_bridge_20260726_v2/unified_qc397_static_metrics_794.tsv	1237143	d8d388400ff3c7c67b432951cff180e9b27466b50543493fbb086a87a6d67e92
data/audits/PVRIG_旧新7500生成Top3000_common4合并README_20260726.md	690	5b14d3c2fd430522b814646885b9455c5f25db9305044fc822f40108b64c6968
data/audits/PVRIG_阳性扰动无约束独立复合物校准_RECEIPT.json	1312	8b623b4b90ad3a66cc40c15d682eb98e6732e2ee6c384b858cc215a84df8940c
data/audits/combined_common4_complete_3185_geometry_ranked.tsv	1538176	3c91d00d5053186303d42eeec67b2f1cf997be974210baa821569048814edc4f
data/audits/combined_common4_qc397_geometry_ranked.tsv	181876	ad0fa9c8c69c46deeb7d2987b1c5e4652efb9efdce3a2140bd23f3f9853efca8
data/audits/combined_common4_qc397_top50.tsv	23258	be1eded1f49a56a7a71a9bf8b03e1088a3c4dd9505c78d3229322ea9c9e0949e
data/audits/current_final50_common4_rank_delta.tsv	11308	32af2b21130da99783a854fd9f0f93205b76bb3c94e00f3efbab745b305e4748
data/literature/PVRIG_case02_success_validation_series.csv	4141	3bbdd41199739447d08556cb9e4580bbe181d049c6779151093fffaae358a6ae
data/literature/PVRIG_case02_vhh_20_30_38_39_151_evidence_table.csv	1682	0a0cebb102f9e31b9d8da1207d03cbd4dc61d9ffa61471c2f7bea6ca8f0e6c20
data/literature/PVRIG_case02_vhh_20_30_38_39_151_imgt_cdr_table.csv	5883	a654c1fb3cf9e0c4fb89a55c06b3d64069783520555507fdfc59fe2d00dab37e
data/literature/PVRIG_case02_vhh_20_30_38_39_151_patent_cdr_reference.csv	1177	8cef48751fc97a43f44d33e8d34715481008ad77fa84ef0c6cfe78d4d8a1eb41
data/literature/PVRIG_case02_vhh_20_30_38_39_151_raw_anarci_exact_cdr_table.csv	9064	9db73290404a9c709c882c77ea2dff65905cedd0c217ec403f7787d50c323eec
data/literature/PVRIG_case02_vhh_20_30_38_39_151_sequence_mapping.csv	14343	3ede568c6fe2d1ba7ef7070bf567baffa19692d5821b1a2fe52cb8fc85cdcc03
data/literature/PVRIG_case02_vhh_docking_calibration_tags.csv	2341	8832b444c2783fc407a53d4082449799fefc59c98abfc20c2194aafc5511eb2d
data/literature/PVRIG_case03_ibi352g4a_fc_nk_evidence_table.csv	4138	8aa1f8b41e1171cc62868f0be459c1a30dba1c9295b63187904d012bdf5981ce
data/literature/PVRIG_case04_srf813_docking_calibration_tags.csv	2106	ae2116d7101943782a7dc32123b9d1ae44be9705c3cb7140d3901c816de96cb8
data/literature/PVRIG_case04_srf813_gsk4381562_evidence_table.csv	4454	f7d4d6dd388b3d30b3665a41b6b676fba0353b14312096d850233d10fa1483af
data/literature/PVRIG_case05_shr2002_docking_calibration_tags.csv	1087	8bdf6617f6b204f87098572b1e0d31e6f986bc24462e4af76dad609a7c965ac5
data/literature/PVRIG_case05_shr2002_tigit_pvrig_bispecific_evidence_table.csv	2698	fb8fe56876921c799dbd4a1074ef2700a4c207326e993bc40338afbfd638b876
data/literature/PVRIG_case06_pm1009_sim0348_calibration_tags.csv	1192	7ec7eff3fd5c919e918492f4fb496d6905fd060216fe436583fb1ff05dd056f2
data/literature/PVRIG_case06_pm1009_sim0348_evidence_table.csv	3989	cdc3fe4e314206a7420185063113f020f9ee8ab891079e4b9a5da8f6d94209be
data/literature/PVRIG_success_case_evidence_matrix.csv	4768	c07da27c127daab53d8b897f0bbb4f5bcec12bd4f948b3eb819e8b97c4527bb4
data/literature/PVRIG_表达纯度可开发性检索证据表.csv	4593	f2b44c54d0ed2a49fdba6d627828fedf0d1b3987831850dc3e11b4a1a7446905
data/literature/anarci/PVRIG_case02_vhh_20_30_38_39_151_anarci_imgt_H.csv	12490	b6e4f5fa170d4f3ef822f469d88ec9951e35b80753741bc853c8eb2403c2fdf3
data/literature/sources/annals_SIM0348_163MO_2025.md	19893	c504cff6ad996d6d0a4f17c828a7f3b0467d0a4b8bc06babb0ad08487ce0d06c
data/literature/sources/clinicaltrials_NCT05607563_PM1009.json	10442	a8e07d161e74571b585d9cbedc9ebf77f6f27574491446ce76b0c9a5bd00dcad
data/literature/sources/nci_pm1009_drug_dictionary.md	2747	4cfbd4e8c2843c631bdfe8b1864e470ffd05b5f0ce8c22b49cb462b3556ac5f9
data/literature/sources/nci_sim0348_drug_dictionary.md	2803	fe3417d6553d0a99229eaa4d5eaffbbfae0864668fcbba12e18382d0e90eebb5
data/literature/sources/pubmed_39851063_shr2002.xml	10375	8206478af99ff41ea5e9cb93437643c86dc13da241da00d1e2c82cef9b6c13e9
data/literature/sources/pubmed_39851063_shr2002_esummary.json	2033	4111244384f67df6899956d3307342ead6033c0c8110a7466d236180ff30a892
data/literature/sources/simcere_SIM0348_FPI_20230403.md	4130	059792934876cb46d2b4fe8a87478f5820fa6c6d3de083e82f212b1432ad4399
data/patents/WO2021180205A1/WO2021180205A1.pdf	4673605	074b56f72243f98ffdcf34954fad98414dc6e18c3d3d22e7fff4a140458518cc
data/patents/WO2021180205A1/WO2021180205A1_pdftotext.txt	86	289db2f6f7e808b02d97604ce18bf7da8379de94d21b7de29f63babb9a4490cd
data/patents/WO2021180205A1/google_patent_images/PCTCN2021080470-appb-000002.png	41029	597566aabeb4f9fb2611902a459fa83bb2dd6789783c26bc0491c521a31f93f2
data/patents/WO2021180205A1/google_patent_images/PCTCN2021080470-appb-000003.png	19612	e32fe6b22e4a12f99ad919328d8c0dfa6697e63896a7c6677c019c45c14be852
data/patents/WO2021180205A1/google_patent_images/PCTCN2021080470-appb-000004.png	30340	b9da42071e1c8b93ed3b2e45b623b98e0886e3cb8614ec359145b300ab106c54
data/patents/WO2021180205A1/google_patent_images/PCTCN2021080470-appb-000005.png	34763	caab77e073d4afd72563b99a1689c0e5b07c8358e63ca882ccc1ffb7ae0af1e2
data/patents/WO2021180205A1/google_patent_images/PCTCN2021080470-appb-000011.png	17303	05b9ac59d6f7eeea87395f8717ecd483c8a9335a2c35ef39386e21afed910b94
data/patents/WO2021180205A1/google_patent_images/PCTCN2021080470-appb-000012.png	31491	ab91d942884e525ce49134503c1759454a15e8732cb1dadc0bab635e2c3cd008
data/patents/WO2021180205A1/google_patent_images/PCTCN2021080470-appb-000013.png	49109	302e5b156fe80a3b8456933f7940f63538438f2a9b0d02d6b51901c45ff85772
data/patents/WO2021180205A1/google_patent_images/PCTCN2021080470-appb-000014.png	5374	9f17700aa8ecedb65ec822216a3b477c911163de66f4a0f8ef0a42366ae60bc4
data/patents/WO2021180205A1/google_patent_images/PCTCN2021080470-appb-000015.png	44187	1931804722374adfe2f309d525d83474301ae19cef27b4d363e12f014dce1127
data/patents/WO2021180205A1/google_patent_images/PCTCN2021080470-appb-000016.png	48749	87b3f1bdfabdc1ed78d51ecf191edfa00af8049aa867d25ec5d318267c4abbf4
data/patents/WO2021180205A1/google_patent_images/PCTCN2021080470-appb-000017.png	14454	17ebeaaa1c1b211512864ab46d27e6aefb13509e8ed234df91eeb7e405d38428
data/patents/WO2021180205A1/google_patent_images/PCTCN2021080470-appb-000018.png	35658	f5652fbeb166acbde8f200248cc954bcc8b56fad765cd0fac6d59f9cd9c4d66b
data/patents/WO2021180205A1/google_patent_images/PCTCN2021080470-appb-000021.png	6310	27bdcb0b00d557a46d303f15a9d6aa4f1debb7acb73d5b2fb38cb6cafcf723b1
data/patents/WO2021180205A1/google_patent_images/PCTCN2021080470-appb-000022.png	13266	ad88720eabeec963a59dbcc8ffa846c651e25d5362ef9e40a478ee01b52ea06e
data/patents/WO2021180205A1/google_patent_images/PCTCN2021080470-appb-000027.png	47213	31ba877ba7d15f522c6781ace524d3c6e5e564d12e6087c71aa874e832213d7e
data/patents/WO2021180205A1/google_patent_images/PCTCN2021080470-appb-000028.png	92237	2ab9465de331062c52bf9dbed1a5f038bb74d71c2b0dd0f4876ed8a134ef6e92
data/patents/WO2021180205A1/google_patent_images/PCTCN2021080470-appb-000029.png	26198	5474c6b383199cb14e061364528ade0846c24600ac02e876d6fc25add9772211
data/patents/WO2021180205A1/google_patent_images/PCTCN2021080470-appb-000030.png	33285	17eef55f45a309683d0efe8746a243b0a758cb0c7500db97ad129b38289fd5be
data/patents/WO2021180205A1/google_patent_images/PCTCN2021080470-appb-000031.png	4116	df6fbaeb42f2283f37506246ba8846dc2e13a0191a94b86c6f9388c68e7262ff
data/patents/WO2021180205A1/google_patent_images/PCTCN2021080470-appb-000032.png	36971	27f59f1bd06f1f7063aba5c52a81cf440ca7d245f6b2c1d0da9116a7f4519786
data/sequences/PVRIG_case02_vhh_20_30_38_39_151_patent_sequences.fasta	6268	d429c1189d5208c0a461ab99fe7d1a95cc5132c72a58df99e2a956b711c3421d
data/sequences/PVRIG_case04_remzistotug_ginas_sequences.fasta	1219	cad3babfa82606c7edbe11f0a9e9d81aab83b5955897669917a02905ec2a3c1f
data/sequences/PVRIG_case05_shr2002_related_pvrig_arms.fasta	808	cfcf06682759f0596c28ce3c7119b8868f30ac5e459ef60a83a43aa957764062
data/structures/8X6B.pdb	340443	b9a930e44f61ee2ba35b4f8f739bc9431eb1944dad2e2344bd9c9a7ad13bb868
data/structures/9E6Y.pdb	197883	fb05ec77e439b8e1f43bfa12d7eb60f05f2c53e2099f06442f6c9ced32d98316
data/structures/PVRIG_consensus_interface_residues.csv	1841	adea44a68e5b8ad7b82f6833025afbc719b0e35620d058bee714bf646c794323
data/structures/PVRIG_hotspot_set_v1.csv	5558	9e5e82ad1f8193efbbb72865a632528c6b6a08d8a686c5b3e8ac74d2fd1564dd
data/structures/PVRIG_key_contact_residues_v1.csv	12243	868fec8dca9bcb6faf1c69ee2bc7fff2e8d82b169141af49d76b7ca5d8b41b78
data/structures/PVRIG_ligand_contact_pairs_8X6B.csv	2578	c25878006b832158b21adafd3725be40eafc70c902c140466ae253b65f1362e0
data/structures/PVRIG_ligand_contact_pairs_9E6Y.csv	2532	580f685a12bf7b8fa4e24e27f750c680734e0885375511f83e4b77dbadbf4380
data/structures/PVRIG_soft_hint_structure_mapping.csv	1056	381908ce46aefd56d45a2b1fd571f7422e2c1d242081044389c89274aae8cf27
figures/pvrig_pvrl2_8x6b_interface.png	1092812	8f401cb4718a303b5735e58950e7406a7e3232ac36529619a6a76b21c69c84e0
figures/pvrig_pvrl2_9e6y_interface.png	1063855	6219d687a9ee49e9e6b93046755d792bcb138e45748384b85c409613b721de40
figures/pvrig_pvrl2_interface_overlay.png	1349338	17830c26f67615ca238c4fbc2ee98659e0eb10c2e85a2ad94f1ea05d788d1146
official_reference/SICBC_抗体赛道官方信息摘录.md	2542	91890006c833f2b7502b3c84a6300df7c0c9b7da8a3f52a113a2b578908ceaa1
official_reference/后续机制研究挖掘清单.md	2917	e74d0611f6bf52743e5e4ee6b65ea7ff1feba4edaa8e80ae5ee80d375fcf4cc3
official_reference/附件7_抗体赛道实验测试流程与评分规则.pdf	271837	0729e221d4a89f5ff54e3581430dc046c46d773b18f5dc1b54b10a39ec7d0ddc
official_reference/附件7_抗体赛道实验测试流程与评分规则_提取文本.txt	11372	d225536ec760d390c95dafed3a5b60e078ef8238d303a59c7ef5ad87840694a9
official_reference/附件7_评价标准来源与关键条款.md	3068	e14ff021859c07ae77eabf11ef5794466c2789affca63cd18e610444b94e22fe
reports/PVRIG_Final50_VHHhFc_制造格式补充执行结果_v1_20260725.md	5175	88cc0d8e42e75d7aa88e27ae53a8100ea151a992b1f514f9129356cf17152dc1
reports/PVRIG_Final50_VHHhFc_制造格式补充执行计划_v1_20260725.md	2643	e60de443a23c71f7af0d22f17986f23afcf9c94c18de8e0b7e4ee8b2b860b43d
reports/PVRIG_Final50_比赛Top10组合选择说明.md	2449	c8457361a1f8bdf9c0b3bf4c7a65b5d836403677ec6139ffce6149b49cad3475
reports/PVRIG_Final50_比赛提交策略与补充验证计划_v1_20260725.md	3980	4a33e8ef409a27b9a9b0c06898e60ece7243637c4584073009ba714c5ad470e9
reports/PVRIG_Final50_比赛评分_表达纯度可开发性与格式风险复核_20260725.md	17215	939705df46621e52ea81a292c107c5d2b62fd4a35f2051077bf3f32a491bf0b1
reports/PVRIG_Final50_阻断机制与筛选流程独立复核_20260725.md	15599	cbac07abee9521ad32cb76ba42a3faa4f1ad2e72256a9718a039d0bc40e60011
reports/PVRIG_QC397_Final50融合兼容ABC与Top50排名_20260726.md	6734	ab881b5aae8ea28110d01c35b055ff73fdc6eb412d8f518aa90323013b2775b5
reports/PVRIG_QC397_Top20融合兼容与ABC风险复核_20260726.md	10787	7c0dcbf6dc1ec79c2682f8450c3946f41ad8712703de699bf6229ffd8cc61b5b
reports/PVRIG_旧新7500与生成Top3000_common4合并排名_20260726.md	4904	aa71b1fa50c5b6c0ad81b65a9941300081aad9d26d6b8a06cf89dfe8eb55782d
reports/PVRIG_生成197_StaticReview_Top80_Final50桥接_20260726.md	7055	46e17509cd29838b03adff07236e7f30d165b805fe4e4f507438634b4e2a017d
reports/pvrig_pvrl2_binding_mechanism_visual_notes.md	1939	605874046bd80341c1b1094039f3dbb56cb85fbbd22b3a522e10259bfdae7978
scripts/audit_qc397_final50_fusion_ranking_v1.py	11908	6438db7e950bb6a3d93a93e7f04df83b2fb55b94e869aa76748ddc3f27626d8d
scripts/audit_qc397_static_bridge_v1.py	11471	6c6f996a6a0d554bb66037f615bb5f38367e33ef4c32dbd00b9b7e46a7e99305
scripts/audit_qc397_static_bridge_v2.py	11471	6c6f996a6a0d554bb66037f615bb5f38367e33ef4c32dbd00b9b7e46a7e99305
scripts/audit_qc397_top20_plus_top10_fusion_v2.py	13150	6fa5f9bb4ed8f74b59eda7572b65ea641eb3078977f02dc617b7c5cfcf876ca4
scripts/build_pvrig_mechanism_view.py	14454	3bde0382f1dbef07fa0837b83778deeb3fb67dca1ecacd6a8c8d0e2dff0ddb05
scripts/build_qc397_final50_competition_ranking_v1.py	9066	456565dadf5fad72c6f46d918bf8cc820ebbdc230722630165ddf5d003dc8127
scripts/build_qc397_static_bridge_inputs_v1.py	13526	259f032ee19d5ada04988fd096ed037c7ec0c36083b92d5919b0db6763532014
scripts/build_qc397_static_bridge_inputs_v2.py	13526	259f032ee19d5ada04988fd096ed037c7ec0c36083b92d5919b0db6763532014
scripts/final50_competition_submission_strategy_v1.py	14858	b105fe07374bf54de751099faefe27cab203e1f1303df1f0813178990a58c6af
scripts/final50_glycan_membrane_accessibility_v1.py	10363	a7660cefb3d150cfed166462f12638efef4efd5d3e9eab96052cfcc567b4332d
scripts/final50_manufacturability_finalize_controller_v1.sh	1892	7bbdf0bb653277056b45c03c004f5b1cd39ca9aaba67787aa834014510012282
scripts/final50_structure_manufacturability_sidecar_v1.py	15796	0d9e61d839a10a1f71096ca078be6edbd53ed2a241a04552e5ca6115194bd9fc
scripts/integrate_final50_manufacturability_v1.py	6063	e7a3c13e39dbf7d2f9d32347ba8323516ac879354181b83ee818b3b6cb0a3b4c
scripts/integrate_final50_manufacturability_v1_1.py	6080	7dd023952c795dc4085de4d8c80c30c51b226467d4d7cdb8e4d634912def2c88
scripts/merge_existing_top200_generated3000_common4_v1.py	20657	f8456342958d10886702e1dc810b367854d0154f1070c3f3501e1a1e8e78de62
scripts/prepare_generated197_static_panel_v1.py	12276	3c9a1f59ef32f9879fd6d98a5d21af97e8082755f47a57144098352f69a9242f
scripts/prepare_qc397_final50_common4_bundle_v1.py	6824	272246a6854f836b1db9761f93e071cc6d0346c6ecc2ed626d846df162458f52
scripts/prepare_qc397_top20_common4_bundle_v1.py	6003	94f748cf5eb5e49926eff7a0597b7fdf38fe12b08cb55bb2b246d5190ae6e6ad
scripts/prepare_qc397_top20_plus_top10_common4_bundle_v2.py	6952	ea796e9aada9e0b02eeb6f84d2afc70d0f23f6fc1416ad74b77c0a02b91a6332
scripts/run_static_panel_general_v1.py	22669	89a19c6de845d0901436f17d90cdeaed0efa0f95bb6eb709cceecf10e42e6d64
scripts/select_qc397_final50_bridge_v1.py	11578	2f47979108e4db8e54d75296d17d90062424830a130fa9b7501c495f456bec78
scripts/select_qc397_final50_bridge_v2.py	11578	c3f0eb58c05cc78ccc11826dd9f97d36a7e2429d9b56e25a84eb4997fc790182
scripts/select_qc397_top80_static_v1.py	12924	44cca1bc6782161eb839497d583abd07dbf6460e2e2fc9704dcaaecfa48484da
scripts/select_qc397_top80_static_v2.py	12924	44cca1bc6782161eb839497d583abd07dbf6460e2e2fc9704dcaaecfa48484da
scripts/top20_abc_risk_and_submission_priority_v1.py	10735	22f3c0edf3efe6940fdbb4782936d0ea7beea7cdcf13bde21a1d4ed136d82b5b
scripts/top20_plus_top10_abc_priority_v2.py	11131	e26301e5188bc3bcd5fae86555aaefc3f50bc77c5fbbf3308eb744b1790e1428
scripts/top20_plus_top10_prefusion_compatibility_v2.py	10874	31540f1938c0b513fc39fac19e63740388599c338639797257c0183f3c7deb9e
scripts/top20_prefusion_compatibility_v1.py	10836	3d629fe25d786de234ab8202ead1e6820d338c1b9ec2516b2b89300f85418130
success_cases/PVRIG成功案例机制研究_v1.md	16860	ffc72ca18d1c276b8f7933d8688b148a73810fde9716bdb761da55321d19fb69
success_cases/来源索引_成功案例.md	2976	7d86c198a70b08152abdd88de86ef464fbc38395b507038beea05518e9876e44
visualization/pvrig_panel_viewer.py	838	ebe21edb1ccea269ec20df2449afdc0bc4fef6b77ce1d3cba4e84771e9cdbe6f
visualization/pvrig_pvrl2_mechanism_view.html	540103	03adfa42148777395b339f4dbb9547d0b6685b557fe02e574a8fa80fde2bdd96
visualization/pvrig_pvrl2_mechanism_view.pml	6335	359f4dab0689b07ecf1680fa8e009e8cfb42c1aa99fc4b9c0b77f9e108e33000
visualization/pvrig_pvrl2_mechanism_view.pse	1300663	7d2d89e74b807b80ab4e295060a59e780bc93e9001429faacbb4d5a6a78137d8
visualization/pvrig_pvrl2_mechanism_view_portable.pml	6197	5d7b83a0e2c493922787972fcb6328b457d368d6c965f04fdb48d8712cbfee5f
共享阅读入口.md	10249	9d085d5e7702908772d79158d466b56629a71eecc1c74b08ea24ab3b2f5d8f5b
文件清单与当前服务状态.md	11891	42303075a9e9459c499e5108faaa8526184a0081067a3acc46616f3cf3760921
