candidate_id	current_frozen_final50_rank	current_frozen_final50_score	merged_common4_geometry_rank	merged_common4_geometry_rank_delta	merged_common4_qc_geometry_rank	merged_common4_qc_geometry_rank_delta	strict_seed_count	broad_seed_count	pose_robustness_score	blocking_consensus_score	claim_boundary
P1MCPUFP__CPUFP500K_0288__00659	1	90.11	5	4	2	1	4	4	99.500000	99.850000	Rank delta is from shared computational common4 geometry only; it does not replace frozen Final50 or predict experimental binding/blocking.
P1MCPUFP__CPUFP500K_0188__00519	2	92.42	22	20	8	6	4	4	98.750000	99.625000	Rank delta is from shared computational common4 geometry only; it does not replace frozen Final50 or predict experimental binding/blocking.
P1MCPUFP__CPUFP500K_0100__00092	3	89.92	23	20	9	6	4	4	98.750000	99.625000	Rank delta is from shared computational common4 geometry only; it does not replace frozen Final50 or predict experimental binding/blocking.
P1MCPUFP__CPUFP500K_0090__00532	4	91.30	45	41	21	17	4	4	98.250000	99.475000	Rank delta is from shared computational common4 geometry only; it does not replace frozen Final50 or predict experimental binding/blocking.
P1MCPUFP__CPUFP500K_0188__00282	5	90.61	36	31	18	13	4	4	98.250000	99.475000	Rank delta is from shared computational common4 geometry only; it does not replace frozen Final50 or predict experimental binding/blocking.
P1MCPUFP__CPUFP500K_0100__00188	6	91.11	49	43	24	18	4	4	98.000000	99.400000	Rank delta is from shared computational common4 geometry only; it does not replace frozen Final50 or predict experimental binding/blocking.
P1MCPUFP__CPUFP500K_0002__00919	7	92.37	63	56	28	21	4	4	97.750000	99.325000	Rank delta is from shared computational common4 geometry only; it does not replace frozen Final50 or predict experimental binding/blocking.
P1MCPUFP__CPUFP500K_0287__00804	8	91.81	79	71	31	23	4	4	97.722220	99.316666	Rank delta is from shared computational common4 geometry only; it does not replace frozen Final50 or predict experimental binding/blocking.
P1MCPUFP__CPUFP500K_0089__00735	9	91.43	110	101	38	29	4	4	97.000000	99.100000	Rank delta is from shared computational common4 geometry only; it does not replace frozen Final50 or predict experimental binding/blocking.
P1MCPUFP__CPUFP500K_0299__00453	10	91.34	112	102	40	30	4	4	97.000000	99.100000	Rank delta is from shared computational common4 geometry only; it does not replace frozen Final50 or predict experimental binding/blocking.
P1MCPUFP__CPUFP500K_0299__00780	11	90.95	129	118	45	34	4	4	96.750000	99.025000	Rank delta is from shared computational common4 geometry only; it does not replace frozen Final50 or predict experimental binding/blocking.
P1MCPUFP__CPUFP500K_0189__00858	12	90.80	146	134	50	38	4	4	96.500000	98.950000	Rank delta is from shared computational common4 geometry only; it does not replace frozen Final50 or predict experimental binding/blocking.
P1MCPUFP__CPUFP500K_0380__00771	13	88.55	158	145	55	42	4	4	96.250000	98.875000	Rank delta is from shared computational common4 geometry only; it does not replace frozen Final50 or predict experimental binding/blocking.
P1MCPUFP__CPUFP500K_0404__00029	14	90.78	173	159	59	45	4	4	96.222220	98.866666	Rank delta is from shared computational common4 geometry only; it does not replace frozen Final50 or predict experimental binding/blocking.
P1MCPUFP__CPUFP500K_0188__00549	15	92.44	176	161	60	45	4	4	96.000000	98.800000	Rank delta is from shared computational common4 geometry only; it does not replace frozen Final50 or predict experimental binding/blocking.
P1MCPUFP__CPUFP500K_0100__00383	16	92.05	184	168	63	47	4	4	96.000000	98.800000	Rank delta is from shared computational common4 geometry only; it does not replace frozen Final50 or predict experimental binding/blocking.
P1MCPUFP__CPUFP500K_0399__00131	17	91.41	187	170	66	49	4	4	96.000000	98.800000	Rank delta is from shared computational common4 geometry only; it does not replace frozen Final50 or predict experimental binding/blocking.
P1MCPUFP__CPUFP500K_0188__00481	18	90.30	178	160	61	43	4	4	96.000000	98.800000	Rank delta is from shared computational common4 geometry only; it does not replace frozen Final50 or predict experimental binding/blocking.
P1MCPUFP__CPUFP500K_0404__00512	19	89.80	202	183	69	50	4	4	95.750000	98.725000	Rank delta is from shared computational common4 geometry only; it does not replace frozen Final50 or predict experimental binding/blocking.
P1MCPUFP__CPUFP500K_0484__00056	20	88.17	204	184	71	51	4	4	95.750000	98.725000	Rank delta is from shared computational common4 geometry only; it does not replace frozen Final50 or predict experimental binding/blocking.
P1MCPUFP__CPUFP500K_0091__00550	21	90.92	235	214	82	61	4	4	95.500000	98.650000	Rank delta is from shared computational common4 geometry only; it does not replace frozen Final50 or predict experimental binding/blocking.
P1MCPUFP__CPUFP500K_0188__00189	22	90.83	234	212	81	59	4	4	95.500000	98.650000	Rank delta is from shared computational common4 geometry only; it does not replace frozen Final50 or predict experimental binding/blocking.
P1MCPUFP__CPUFP500K_0207__00174	23	89.33	248	225	86	63	4	4	95.250000	98.575000	Rank delta is from shared computational common4 geometry only; it does not replace frozen Final50 or predict experimental binding/blocking.
P1MCPUFP__CPUFP500K_0405__00049	24	91.15	296	272	98	74	4	4	94.750000	98.425000	Rank delta is from shared computational common4 geometry only; it does not replace frozen Final50 or predict experimental binding/blocking.
P1MCPUFP__CPUFP500K_0108__00054	25	88.93	407	382	133	108	4	4	93.500000	98.050000	Rank delta is from shared computational common4 geometry only; it does not replace frozen Final50 or predict experimental binding/blocking.
P1MCPUFP__CPUFP500K_0188__00364	26	88.22	409	383	134	108	4	4	93.500000	98.050000	Rank delta is from shared computational common4 geometry only; it does not replace frozen Final50 or predict experimental binding/blocking.
P1MCPUFP__CPUFP500K_0185__00273	27	90.53	509	482	147	120	4	4	92.750000	97.825000	Rank delta is from shared computational common4 geometry only; it does not replace frozen Final50 or predict experimental binding/blocking.
P1MCPUFP__CPUFP500K_0032__00118	28	89.64	515	487	150	122	4	4	92.750000	97.825000	Rank delta is from shared computational common4 geometry only; it does not replace frozen Final50 or predict experimental binding/blocking.
P1MCPUFP__CPUFP500K_0388__00663	29	91.36	597	568	163	134	4	4	92.250000	97.675000	Rank delta is from shared computational common4 geometry only; it does not replace frozen Final50 or predict experimental binding/blocking.
P1MCPUFP__CPUFP500K_0287__00389	30	88.67	675	645	173	143	4	4	91.750000	97.525000	Rank delta is from shared computational common4 geometry only; it does not replace frozen Final50 or predict experimental binding/blocking.
P1MCPUFP__CPUFP500K_0289__00496	31	92.78	44	13	20	-11	4	4	98.250000	99.475000	Rank delta is from shared computational common4 geometry only; it does not replace frozen Final50 or predict experimental binding/blocking.
P1MCPUFP__CPUFP500K_0091__00849	32	91.87	46	14	22	-10	4	4	98.000000	99.400000	Rank delta is from shared computational common4 geometry only; it does not replace frozen Final50 or predict experimental binding/blocking.
P1MCPUFP__CPUFP500K_0388__00174	33	91.66	84	51	33	0	4	4	97.500000	99.250000	Rank delta is from shared computational common4 geometry only; it does not replace frozen Final50 or predict experimental binding/blocking.
P1MCPUFP__CPUFP500K_0487__00827	34	90.40	113	79	41	7	4	4	97.000000	99.100000	Rank delta is from shared computational common4 geometry only; it does not replace frozen Final50 or predict experimental binding/blocking.
P1MCPUFP__CPUFP500K_0029__00647	35	91.32	152	117	53	18	4	4	96.500000	98.950000	Rank delta is from shared computational common4 geometry only; it does not replace frozen Final50 or predict experimental binding/blocking.
P1MCPUFP__CPUFP500K_0388__00797	36	89.56	205	169	72	36	4	4	95.750000	98.725000	Rank delta is from shared computational common4 geometry only; it does not replace frozen Final50 or predict experimental binding/blocking.
P1MCPUFP__CPUFP500K_0134__00289	37	91.70	225	188	78	41	4	4	95.555560	98.666668	Rank delta is from shared computational common4 geometry only; it does not replace frozen Final50 or predict experimental binding/blocking.
P1MCPUFP__CPUFP500K_0128__00809	38	90.53	257	219	89	51	4	4	95.250000	98.575000	Rank delta is from shared computational common4 geometry only; it does not replace frozen Final50 or predict experimental binding/blocking.
P1MCPUFP__CPUFP500K_0130__00610	39	90.95	289	250	97	58	4	4	94.944440	98.483332	Rank delta is from shared computational common4 geometry only; it does not replace frozen Final50 or predict experimental binding/blocking.
P1MCPUFP__CPUFP500K_0134__00713	40	91.11	358	318	117	77	4	4	94.000000	98.200000	Rank delta is from shared computational common4 geometry only; it does not replace frozen Final50 or predict experimental binding/blocking.
P1MCPUFP__CPUFP500K_0030__00860	41	91.43	78	37	30	-11	4	4	97.750000	99.325000	Rank delta is from shared computational common4 geometry only; it does not replace frozen Final50 or predict experimental binding/blocking.
P1MCPUFP__CPUFP500K_0504__00926	42	88.90	2529	2487	274	232	3	4	91.250000	97.375000	Rank delta is from shared computational common4 geometry only; it does not replace frozen Final50 or predict experimental binding/blocking.
P1MCPUFP__CPUFP500K_0206__00634	43	88.01	2528	2485	273	230	3	4	91.250000	97.375000	Rank delta is from shared computational common4 geometry only; it does not replace frozen Final50 or predict experimental binding/blocking.
P1MCPUFP__CPUFP500K_0228__00457	44	89.27	2532	2488	275	231	3	4	91.000000	97.300000	Rank delta is from shared computational common4 geometry only; it does not replace frozen Final50 or predict experimental binding/blocking.
P1MCPUFP__CPUFP500K_0504__00900	45	89.79	2535	2490	276	231	3	4	90.750000	97.225000	Rank delta is from shared computational common4 geometry only; it does not replace frozen Final50 or predict experimental binding/blocking.
P1MCPUFP__CPUFP500K_0034__00437	46	89.47	539	493	152	106	4	4	92.722220	97.816666	Rank delta is from shared computational common4 geometry only; it does not replace frozen Final50 or predict experimental binding/blocking.
P1MCPUFP__CPUFP500K_0091__00172	47	89.21	2487	2440	253	206	3	4	94.250000	98.275000	Rank delta is from shared computational common4 geometry only; it does not replace frozen Final50 or predict experimental binding/blocking.
P1MCPUFP__CPUFP500K_0190__00879	48	87.62	2506	2458	265	217	3	4	92.750000	97.825000	Rank delta is from shared computational common4 geometry only; it does not replace frozen Final50 or predict experimental binding/blocking.
P1MCPUFP__CPUFP500K_0091__00440	49	88.48	2511	2462	266	217	3	4	92.666660	97.799998	Rank delta is from shared computational common4 geometry only; it does not replace frozen Final50 or predict experimental binding/blocking.
P1MCPUFP__CPUFP500K_0133__00282	50	89.44	2525	2475	271	221	3	4	91.500000	97.450000	Rank delta is from shared computational common4 geometry only; it does not replace frozen Final50 or predict experimental binding/blocking.
