final_rank	candidate_id	conformation	seed	pair_label	haddock_score	alignment_ca_count	alignment_ca_rmsd_a	vhh_sequence_matches_table	pvrig_vhh_residue_pair_contacts_4p5a	pvrig_vhh_residue_pair_clashes_2a	pvrig_contact_residue_count	vhh_contact_residue_count	hotspot_overlap_count	core_hotspot_overlap_count	R95_contact	cdr_contact_residue_fraction	cdr3_contact_residue_fraction	pvrl2_vhh_residue_pair_occlusion_4p5a	pvrl2_vhh_residue_pair_clashes_2a	cdr1_pvrl2_occlusion	cdr2_pvrl2_occlusion	cdr3_pvrl2_occlusion	cdr3_occlusion_fraction	framework_occlusion_fraction	nterm_pvrig_contact	cterm_pvrig_contact	nterm_pvrl2_occlusion	cterm_pvrl2_occlusion
1	P1MCPUFP__CPUFP500K_0288__00659	8x6b	42	STRICT_A	-78.2441	103	0.5225100580020575	True	51	0	21	20	20	19	True	0.95	0.4	774	184	101	58	197	0.25452196382428943	0.5400516795865633	True	False	True	False
1	P1MCPUFP__CPUFP500K_0288__00659	8x6b	917	STRICT_A	-72.7329	103	0.550113223095186	True	49	0	20	21	20	19	True	0.9523809523809523	0.38095238095238093	759	190	106	51	191	0.2516469038208169	0.541501976284585	True	False	True	False
1	P1MCPUFP__CPUFP500K_0288__00659	8x6b	1931	STRICT_A	-65.91562	103	0.4892015777804074	True	41	0	20	15	17	16	True	0.9333333333333333	0.4666666666666667	993	253	99	80	180	0.18126888217522658	0.6384692849949648	True	False	True	True
1	P1MCPUFP__CPUFP500K_0288__00659	8x6b	3047	STRICT_A	-84.38310000000001	103	0.5712449437264557	True	48	0	22	20	20	19	True	0.95	0.4	767	194	106	53	190	0.24771838331160365	0.5449804432855281	True	False	True	False
1	P1MCPUFP__CPUFP500K_0288__00659	9e6y	42	STRICT_A	-57.17300000000001	108	0.5578559420974691	True	46	0	21	17	16	15	False	1.0	0.35294117647058826	708	193	110	31	168	0.23728813559322035	0.5635593220338984	False	False	True	False
1	P1MCPUFP__CPUFP500K_0288__00659	9e6y	917	STRICT_A	-74.9533	108	0.49810434831061495	True	45	0	20	19	20	19	True	0.8947368421052632	0.42105263157894735	805	199	107	69	198	0.24596273291925466	0.5354037267080746	True	False	True	False
1	P1MCPUFP__CPUFP500K_0288__00659	9e6y	1931	STRICT_A	-72.32260000000001	108	0.539306490218227	True	45	0	21	19	20	19	True	0.9473684210526315	0.3684210526315789	742	199	109	44	177	0.238544474393531	0.555256064690027	True	False	True	False
1	P1MCPUFP__CPUFP500K_0288__00659	9e6y	3047	STRICT_A	-70.8307	108	0.5446503950052439	True	40	0	20	15	20	19	True	0.9333333333333333	0.4	694	189	70	67	225	0.3242074927953891	0.4783861671469741	True	False	True	False
2	P1MCPUFP__CPUFP500K_0188__00519	8x6b	42	STRICT_A	-66.69977999999999	103	0.43705396222962994	True	39	0	19	15	16	16	True	0.9333333333333333	0.5333333333333333	812	208	97	70	180	0.22167487684729065	0.5726600985221675	True	False	True	True
2	P1MCPUFP__CPUFP500K_0188__00519	8x6b	917	STRICT_A	-56.2451	103	0.4679933712324515	True	39	0	19	15	16	16	True	0.9333333333333333	0.4666666666666667	761	197	114	49	177	0.2325886990801577	0.5532194480946123	True	False	True	False
2	P1MCPUFP__CPUFP500K_0188__00519	8x6b	1931	STRICT_A	-67.31793	103	0.5072032799095489	True	40	0	19	18	16	16	True	0.8888888888888888	0.6666666666666666	645	178	109	77	184	0.28527131782945736	0.4263565891472868	True	False	True	False
2	P1MCPUFP__CPUFP500K_0188__00519	8x6b	3047	STRICT_A	-72.96108	103	0.48297466937993555	True	46	0	19	18	19	18	True	1.0	0.5	626	162	103	56	140	0.22364217252396165	0.5223642172523961	False	False	True	False
2	P1MCPUFP__CPUFP500K_0188__00519	9e6y	42	STRICT_A	-56.078100000000006	108	0.5649959385766135	True	55	0	21	21	18	18	True	0.9047619047619048	0.6190476190476191	718	193	101	89	182	0.25348189415041783	0.4818941504178273	True	False	True	False
2	P1MCPUFP__CPUFP500K_0188__00519	9e6y	917	STRICT_A	-59.53119999999999	108	0.5412013954447421	True	46	0	20	21	17	16	True	0.9047619047619048	0.6190476190476191	707	196	108	84	173	0.2446958981612447	0.4837340876944837	True	False	True	False
2	P1MCPUFP__CPUFP500K_0188__00519	9e6y	1931	STRICT_A	-62.827149999999996	108	0.4782486583356636	True	50	0	21	18	18	18	True	0.8888888888888888	0.6666666666666666	685	175	116	87	176	0.2569343065693431	0.4467153284671533	True	False	True	False
2	P1MCPUFP__CPUFP500K_0188__00519	9e6y	3047	STRICT_A	-62.482200000000006	108	0.597308865056625	True	49	0	22	21	19	19	True	0.9047619047619048	0.6190476190476191	758	188	105	95	185	0.24406332453825857	0.4920844327176781	True	False	True	False
3	P1MCPUFP__CPUFP500K_0100__00092	8x6b	42	STRICT_A	-85.6185	103	0.5054057620129467	True	63	0	23	23	17	16	True	0.9130434782608695	0.391304347826087	807	204	86	31	177	0.21933085501858737	0.6356877323420075	True	False	True	False
3	P1MCPUFP__CPUFP500K_0100__00092	8x6b	917	STRICT_A	-73.13316	103	0.47806016838882504	True	54	0	20	20	16	15	False	0.9	0.4	846	202	79	33	198	0.23404255319148937	0.6335697399527187	True	False	True	True
3	P1MCPUFP__CPUFP500K_0100__00092	8x6b	1931	STRICT_A	-90.6545	103	0.4667746346236479	True	62	0	24	22	19	18	True	0.9090909090909091	0.4090909090909091	822	216	86	37	180	0.21897810218978103	0.6313868613138686	True	False	True	False
3	P1MCPUFP__CPUFP500K_0100__00092	8x6b	3047	STRICT_A	-71.26400000000001	103	0.5152139430396468	True	53	0	22	20	17	16	True	0.9	0.4	818	187	85	33	180	0.2200488997555012	0.6356968215158925	True	False	True	False
3	P1MCPUFP__CPUFP500K_0100__00092	9e6y	42	STRICT_A	-92.923	108	0.531895750950144	True	63	0	26	22	19	18	True	0.9545454545454546	0.5	850	200	105	27	176	0.20705882352941177	0.6376470588235295	True	False	True	True
3	P1MCPUFP__CPUFP500K_0100__00092	9e6y	917	STRICT_A	-76.22970000000001	108	0.4953097722757338	True	55	0	20	20	16	15	False	0.9	0.35	907	220	93	28	189	0.20837927232635062	0.6582138919514884	True	False	True	True
3	P1MCPUFP__CPUFP500K_0100__00092	9e6y	1931	STRICT_A	-86.51939999999999	108	0.5336199120351052	True	65	0	23	20	16	15	False	0.9	0.35	858	218	98	26	177	0.2062937062937063	0.6491841491841492	True	False	True	True
3	P1MCPUFP__CPUFP500K_0100__00092	9e6y	3047	STRICT_A	-71.75366	108	0.48876301602503874	True	59	0	22	18	16	15	False	0.8888888888888888	0.3333333333333333	863	207	89	25	178	0.20625724217844726	0.6616454229432214	True	False	True	True
4	P1MCPUFP__CPUFP500K_0090__00532	8x6b	42	STRICT_A	-90.1088	103	0.5188370982333776	True	46	0	19	19	18	17	True	0.9473684210526315	0.47368421052631576	713	179	82	71	135	0.18934081346423562	0.5960729312762973	False	False	True	False
4	P1MCPUFP__CPUFP500K_0090__00532	8x6b	917	STRICT_A	-66.89945999999999	103	0.46034708096765126	True	47	0	17	17	16	16	True	0.8823529411764706	0.4117647058823529	911	232	71	75	202	0.2217343578485181	0.6180021953896817	True	False	True	True
4	P1MCPUFP__CPUFP500K_0090__00532	8x6b	1931	STRICT_A	-67.82839999999999	103	0.48266021706976725	True	38	0	15	16	14	14	False	0.9375	0.375	912	213	75	55	212	0.2324561403508772	0.625	True	False	True	True
4	P1MCPUFP__CPUFP500K_0090__00532	8x6b	3047	STRICT_A	-85.3734	103	0.5202090935085046	True	45	0	20	17	18	18	True	0.9411764705882353	0.5294117647058824	858	208	96	80	174	0.20279720279720279	0.5920745920745921	True	False	True	False
4	P1MCPUFP__CPUFP500K_0090__00532	9e6y	42	STRICT_A	-73.5737	108	0.4210483610971993	True	39	0	19	15	16	15	False	0.8666666666666667	0.3333333333333333	987	257	110	76	182	0.18439716312056736	0.6271529888551165	True	False	True	True
4	P1MCPUFP__CPUFP500K_0090__00532	9e6y	917	STRICT_A	-56.7583	108	0.5602303911714985	True	43	0	20	14	18	17	False	0.9285714285714286	0.42857142857142855	976	245	110	88	149	0.1526639344262295	0.6444672131147541	True	False	True	True
4	P1MCPUFP__CPUFP500K_0090__00532	9e6y	1931	STRICT_A	-66.458	108	0.5502308142117657	True	33	0	18	13	17	17	True	0.8461538461538461	0.5384615384615384	843	216	97	72	188	0.22301304863582444	0.5765124555160143	True	False	True	False
4	P1MCPUFP__CPUFP500K_0090__00532	9e6y	3047	STRICT_A	-65.05493999999999	108	0.48879661405335445	True	48	0	19	17	17	17	True	0.9411764705882353	0.5294117647058824	938	219	99	80	169	0.18017057569296374	0.6289978678038379	True	False	True	True
5	P1MCPUFP__CPUFP500K_0188__00282	8x6b	42	STRICT_A	-75.65780000000001	103	0.5431076957962389	True	52	0	20	20	18	17	True	0.9	0.6	753	197	110	86	179	0.23771580345285526	0.50199203187251	True	False	True	False
5	P1MCPUFP__CPUFP500K_0188__00282	8x6b	917	STRICT_A	-96.7813	103	0.512589333164483	True	49	0	22	16	20	18	True	0.9375	0.4375	765	201	77	83	212	0.27712418300653596	0.5137254901960784	True	False	True	False
5	P1MCPUFP__CPUFP500K_0188__00282	8x6b	1931	STRICT_A	-70.43739999999998	103	0.5959688806443856	True	41	0	17	18	15	15	True	1.0	0.3888888888888889	790	222	89	68	192	0.2430379746835443	0.5582278481012658	False	False	True	False
5	P1MCPUFP__CPUFP500K_0188__00282	8x6b	3047	STRICT_A	-71.03817999999998	103	0.4880091391792675	True	47	0	20	20	19	18	True	0.9	0.45	864	207	107	67	205	0.23726851851851852	0.5613425925925926	True	False	True	False
5	P1MCPUFP__CPUFP500K_0188__00282	9e6y	42	STRICT_A	-82.1524	108	0.5837378284255994	True	40	0	21	14	19	18	True	0.9285714285714286	0.2857142857142857	868	221	98	95	209	0.24078341013824886	0.5368663594470046	True	False	True	False
5	P1MCPUFP__CPUFP500K_0188__00282	9e6y	917	STRICT_A	-96.3777	108	0.5418151272201086	True	50	0	23	20	21	19	True	0.95	0.45	806	202	69	89	212	0.2630272952853598	0.5409429280397022	True	False	True	False
5	P1MCPUFP__CPUFP500K_0188__00282	9e6y	1931	STRICT_A	-79.34096000000001	108	0.5969521314718834	True	43	0	20	15	17	16	True	0.9333333333333333	0.26666666666666666	848	221	102	93	213	0.2511792452830189	0.5188679245283019	True	False	True	False
5	P1MCPUFP__CPUFP500K_0188__00282	9e6y	3047	STRICT_A	-90.32167999999999	108	0.8026896532475372	True	38	0	21	14	18	17	True	0.9285714285714286	0.35714285714285715	737	189	81	94	213	0.28900949796472186	0.4735413839891452	True	False	True	False
6	P1MCPUFP__CPUFP500K_0100__00188	8x6b	42	STRICT_A	-72.6704	103	0.5428563337063932	True	42	0	20	19	17	16	True	0.8947368421052632	0.5263157894736842	788	204	75	59	205	0.26015228426395937	0.5697969543147208	True	False	True	False
6	P1MCPUFP__CPUFP500K_0100__00188	8x6b	917	STRICT_A	-62.5652	103	0.5714698009048804	True	42	0	21	18	19	19	True	0.8333333333333334	0.5555555555555556	789	199	91	52	166	0.21039290240811154	0.6083650190114068	True	False	True	False
6	P1MCPUFP__CPUFP500K_0100__00188	8x6b	1931	STRICT_A	-89.4409	103	0.531028103531183	True	40	0	21	18	20	19	True	0.8888888888888888	0.5555555555555556	801	202	98	49	180	0.2247191011235955	0.5917602996254682	True	False	True	False
6	P1MCPUFP__CPUFP500K_0100__00188	8x6b	3047	STRICT_A	-70.74864	103	0.5305848207693722	True	48	0	23	17	20	18	True	0.8235294117647058	0.4117647058823529	695	167	96	82	148	0.21294964028776978	0.5309352517985612	True	False	True	False
6	P1MCPUFP__CPUFP500K_0100__00188	9e6y	42	STRICT_A	-75.07560000000001	108	0.5452550326648519	True	52	0	21	20	19	19	True	0.85	0.5	835	222	95	87	201	0.2407185628742515	0.5413173652694611	True	False	True	True
6	P1MCPUFP__CPUFP500K_0100__00188	9e6y	917	STRICT_A	-80.6493	108	0.5833049914012417	True	49	0	23	20	21	20	True	0.9	0.55	818	207	95	49	169	0.20660146699266504	0.617359413202934	True	False	True	False
6	P1MCPUFP__CPUFP500K_0100__00188	9e6y	1931	STRICT_A	-62.0659	108	0.5299202823671083	True	40	0	16	18	15	14	True	0.8888888888888888	0.6111111111111112	740	177	110	84	172	0.23243243243243245	0.5054054054054054	True	False	True	False
6	P1MCPUFP__CPUFP500K_0100__00188	9e6y	3047	STRICT_A	-79.1643	108	0.5073457476418328	True	41	0	20	15	18	18	True	0.8666666666666667	0.4666666666666667	831	205	99	44	172	0.2069795427196149	0.6209386281588448	True	False	True	True
7	P1MCPUFP__CPUFP500K_0002__00919	8x6b	42	STRICT_A	-69.82580000000002	103	0.49622836132225373	True	42	0	19	20	18	17	True	0.95	0.6	840	224	87	80	193	0.22976190476190475	0.5714285714285714	True	False	True	True
7	P1MCPUFP__CPUFP500K_0002__00919	8x6b	917	STRICT_A	-87.8222	103	0.5184155989258187	True	49	0	22	19	17	17	True	0.8947368421052632	0.5263157894736842	825	211	103	84	177	0.21454545454545454	0.5587878787878788	True	False	True	False
7	P1MCPUFP__CPUFP500K_0002__00919	8x6b	1931	STRICT_A	-78.73570000000001	103	0.5140722672621284	True	47	0	20	23	19	18	True	0.9565217391304348	0.6086956521739131	831	231	91	72	187	0.2250300842358604	0.5788206979542719	True	False	True	True
7	P1MCPUFP__CPUFP500K_0002__00919	8x6b	3047	STRICT_A	-80.27439999999999	103	0.5939274732439604	True	48	0	21	19	17	17	True	0.8421052631578947	0.5263157894736842	816	192	106	77	185	0.2267156862745098	0.5490196078431373	True	False	True	False
7	P1MCPUFP__CPUFP500K_0002__00919	9e6y	42	STRICT_A	-92.1588	108	0.5369429519467672	True	44	0	20	16	18	18	True	0.875	0.5625	829	194	102	85	212	0.255729794933655	0.5186972255729795	True	False	True	False
7	P1MCPUFP__CPUFP500K_0002__00919	9e6y	917	STRICT_A	-74.6677	108	0.554537417330322	True	44	0	21	16	17	17	True	0.875	0.625	851	205	106	75	207	0.24324324324324326	0.5440658049353702	True	False	True	False
7	P1MCPUFP__CPUFP500K_0002__00919	9e6y	1931	STRICT_A	-81.31080000000001	108	0.5928771213805037	True	53	0	23	19	19	19	True	0.8947368421052632	0.5789473684210527	859	212	106	78	201	0.2339930151338766	0.5518044237485448	True	False	True	False
7	P1MCPUFP__CPUFP500K_0002__00919	9e6y	3047	STRICT_A	-87.45620000000001	108	0.5557712101832099	True	42	0	17	19	16	15	True	1.0	0.631578947368421	820	198	89	56	186	0.22682926829268293	0.5963414634146341	False	False	True	True
8	P1MCPUFP__CPUFP500K_0287__00804	8x6b	42	STRICT_A	-66.19160000000001	103	0.4932415600961858	True	54	0	21	21	17	16	True	1.0	0.5238095238095238	732	188	98	51	180	0.2459016393442623	0.5505464480874317	False	False	True	False
8	P1MCPUFP__CPUFP500K_0287__00804	8x6b	917	STRICT_A	-69.0014	103	0.5066588974680634	True	48	0	18	18	16	16	True	0.7777777777777778	0.6111111111111112	788	202	108	91	206	0.2614213197969543	0.4860406091370558	True	False	True	False
8	P1MCPUFP__CPUFP500K_0287__00804	8x6b	1931	STRICT_A	-72.32749999999999	103	0.546163868065128	True	51	0	21	21	21	20	True	0.8095238095238095	0.5238095238095238	641	159	97	32	129	0.20124804992199688	0.5975039001560063	True	False	True	False
8	P1MCPUFP__CPUFP500K_0287__00804	8x6b	3047	STRICT_A	-57.388279999999995	103	0.46506505826604194	True	36	0	14	15	14	14	False	0.9333333333333333	0.4	992	251	104	88	205	0.20665322580645162	0.5997983870967742	True	False	True	True
8	P1MCPUFP__CPUFP500K_0287__00804	9e6y	42	STRICT_A	-68.65719999999999	108	0.46992386290221283	True	41	0	16	18	15	15	True	0.8333333333333334	0.6111111111111112	807	208	102	97	216	0.26765799256505574	0.4857496902106567	True	False	True	False
8	P1MCPUFP__CPUFP500K_0287__00804	9e6y	917	STRICT_A	-68.50594	108	0.5741463555728978	True	47	0	19	18	17	17	True	0.7777777777777778	0.6111111111111112	791	195	104	97	202	0.2553729456384324	0.49051833122629585	True	False	True	False
8	P1MCPUFP__CPUFP500K_0287__00804	9e6y	1931	STRICT_A	-61.12636	108	0.4751830185197633	True	43	0	18	19	16	16	True	0.7894736842105263	0.5789473684210527	881	211	109	90	221	0.2508513053348468	0.5232690124858116	True	False	True	False
8	P1MCPUFP__CPUFP500K_0287__00804	9e6y	3047	STRICT_A	-69.30030000000001	108	0.5743153197011402	True	46	0	20	17	18	17	True	0.9411764705882353	0.7647058823529411	643	169	92	33	135	0.2099533437013997	0.5956454121306376	True	False	True	False
9	P1MCPUFP__CPUFP500K_0089__00735	8x6b	42	STRICT_A	-76.34509999999999	103	0.5811777563640427	True	37	0	19	15	17	17	True	0.9333333333333333	0.4666666666666667	822	204	102	88	189	0.22992700729927007	0.5389294403892944	True	False	True	False
9	P1MCPUFP__CPUFP500K_0089__00735	8x6b	917	STRICT_A	-81.1698	103	0.5502182269719796	True	54	0	22	18	19	19	True	0.8888888888888888	0.5555555555555556	830	211	104	96	189	0.22771084337349398	0.5313253012048192	True	False	True	False
9	P1MCPUFP__CPUFP500K_0089__00735	8x6b	1931	STRICT_A	-83.0068	103	0.5273842499199642	True	43	0	20	18	19	19	True	0.9444444444444444	0.5	799	211	96	94	197	0.246558197747184	0.5156445556946183	True	False	True	False
9	P1MCPUFP__CPUFP500K_0089__00735	8x6b	3047	STRICT_A	-95.08170000000001	103	0.5884813746931548	True	50	0	22	19	19	19	True	0.9473684210526315	0.5263157894736842	784	202	99	90	195	0.24872448979591838	0.5102040816326531	True	False	True	False
9	P1MCPUFP__CPUFP500K_0089__00735	9e6y	42	STRICT_A	-99.3605	108	0.48759327237217037	True	55	0	26	20	21	20	True	0.9	0.5	817	201	94	40	165	0.20195838433292534	0.6340269277845777	True	False	True	False
9	P1MCPUFP__CPUFP500K_0089__00735	9e6y	917	STRICT_A	-75.79279999999999	108	0.532543116200017	True	48	0	22	17	19	19	True	0.8823529411764706	0.5882352941176471	825	211	108	90	198	0.24	0.52	True	False	True	False
9	P1MCPUFP__CPUFP500K_0089__00735	9e6y	1931	STRICT_A	-78.44260000000001	108	0.515070235712982	True	40	0	20	17	19	19	True	0.9411764705882353	0.5294117647058824	820	205	94	94	207	0.2524390243902439	0.5182926829268293	True	False	True	False
9	P1MCPUFP__CPUFP500K_0089__00735	9e6y	3047	STRICT_A	-88.4116	108	0.5701593279673179	True	41	0	22	17	19	19	True	0.9411764705882353	0.4117647058823529	769	187	92	95	198	0.2574772431729519	0.49934980494148246	True	False	True	False
10	P1MCPUFP__CPUFP500K_0299__00453	8x6b	42	STRICT_A	-80.4205	103	1.7083497717928857	True	47	0	21	17	19	19	True	0.8823529411764706	0.5882352941176471	753	202	103	92	176	0.2337317397078353	0.5073041168658698	True	False	True	False
10	P1MCPUFP__CPUFP500K_0299__00453	8x6b	917	STRICT_A	-80.9481	103	0.5682490584668127	True	46	0	23	18	21	20	True	0.8888888888888888	0.7777777777777778	752	182	115	49	141	0.1875	0.5944148936170213	True	False	True	False
10	P1MCPUFP__CPUFP500K_0299__00453	8x6b	1931	STRICT_A	-65.43101	103	0.462115846441827	True	48	0	25	18	19	18	True	0.9444444444444444	0.5555555555555556	899	237	88	72	199	0.22135706340378197	0.6006674082313682	True	False	True	True
10	P1MCPUFP__CPUFP500K_0299__00453	8x6b	3047	STRICT_A	-87.3991	103	0.5880480242184831	True	46	0	23	16	20	19	True	0.875	0.5625	794	201	104	96	175	0.22040302267002518	0.5277078085642317	True	False	True	False
10	P1MCPUFP__CPUFP500K_0299__00453	9e6y	42	STRICT_A	-83.34219999999999	108	0.49527544112257826	True	37	0	19	17	17	16	True	0.9411764705882353	0.5882352941176471	912	243	83	61	207	0.22697368421052633	0.6151315789473685	True	False	True	True
10	P1MCPUFP__CPUFP500K_0299__00453	9e6y	917	STRICT_A	-80.001	108	0.5145641724430677	True	42	0	20	17	19	18	True	0.8823529411764706	0.5882352941176471	811	198	104	44	178	0.21948212083847102	0.5980271270036991	True	False	True	True
10	P1MCPUFP__CPUFP500K_0299__00453	9e6y	1931	STRICT_A	-79.67721999999999	108	0.5617111533148984	True	49	0	25	18	21	20	True	0.9444444444444444	0.6111111111111112	923	244	85	64	200	0.21668472372697725	0.6218851570964247	True	False	True	True
10	P1MCPUFP__CPUFP500K_0299__00453	9e6y	3047	STRICT_A	-73.1454	108	0.49592236334873524	True	49	0	25	19	21	20	True	0.9473684210526315	0.5789473684210527	912	238	80	62	202	0.22149122807017543	0.6228070175438597	True	False	True	True
11	P1MCPUFP__CPUFP500K_0299__00780	8x6b	42	STRICT_A	-79.7272	103	0.5043432816100645	True	56	0	21	22	20	19	True	0.9545454545454546	0.45454545454545453	708	170	104	55	154	0.2175141242937853	0.557909604519774	True	False	True	False
11	P1MCPUFP__CPUFP500K_0299__00780	8x6b	917	STRICT_A	-82.80940000000001	103	0.5788438345241168	True	50	0	19	20	19	18	True	0.95	0.5	659	173	102	47	144	0.21851289833080426	0.5553869499241275	True	False	True	False
11	P1MCPUFP__CPUFP500K_0299__00780	8x6b	1931	STRICT_A	-78.24759999999999	103	0.5045819833670474	True	39	0	18	17	17	16	True	0.8823529411764706	0.29411764705882354	700	170	79	91	194	0.27714285714285714	0.48	True	False	True	False
11	P1MCPUFP__CPUFP500K_0299__00780	8x6b	3047	STRICT_A	-73.7474	103	0.5391284471520938	True	52	0	21	20	20	19	True	0.95	0.4	686	173	104	47	158	0.2303206997084548	0.5495626822157434	True	False	True	False
11	P1MCPUFP__CPUFP500K_0299__00780	9e6y	42	STRICT_A	-68.59496	108	0.6641668329061798	True	38	0	20	16	16	15	True	0.875	0.5	803	201	50	53	207	0.2577833125778331	0.613947696139477	True	False	True	True
11	P1MCPUFP__CPUFP500K_0299__00780	9e6y	917	STRICT_A	-84.0875	108	0.6397054604890695	True	39	0	21	15	19	18	True	0.9333333333333333	0.4	735	169	85	95	206	0.2802721088435374	0.4748299319727891	True	False	True	False
11	P1MCPUFP__CPUFP500K_0299__00780	9e6y	1931	STRICT_A	-83.631	108	0.565222749915429	True	54	0	21	21	20	19	True	0.9523809523809523	0.42857142857142855	677	169	111	33	141	0.20827178729689808	0.5790251107828656	True	False	True	False
11	P1MCPUFP__CPUFP500K_0299__00780	9e6y	3047	STRICT_A	-69.41129999999998	108	0.48502025965793333	True	44	0	20	17	19	18	True	0.9411764705882353	0.47058823529411764	771	175	82	95	193	0.2503242542153048	0.5201037613488976	True	False	True	False
12	P1MCPUFP__CPUFP500K_0189__00858	8x6b	42	STRICT_A	-92.15862	103	0.5046012843234348	True	51	0	25	18	20	20	True	0.8333333333333334	0.4444444444444444	821	191	99	76	138	0.16808769792935443	0.6187576126674786	True	False	True	False
12	P1MCPUFP__CPUFP500K_0189__00858	8x6b	917	STRICT_A	-78.06127	103	0.48702331421968126	True	54	0	20	24	17	17	True	0.8333333333333334	0.25	728	187	91	64	134	0.18406593406593408	0.603021978021978	True	False	True	False
12	P1MCPUFP__CPUFP500K_0189__00858	8x6b	1931	STRICT_A	-79.88103000000001	103	0.6723024202286944	True	42	0	17	19	14	14	True	0.9473684210526315	0.3684210526315789	719	180	102	46	164	0.22809457579972184	0.5660639777468707	False	False	True	False
12	P1MCPUFP__CPUFP500K_0189__00858	8x6b	3047	STRICT_A	-74.36426	103	0.4625352892169529	True	40	0	19	18	18	17	True	0.7777777777777778	0.2777777777777778	896	226	92	86	180	0.20089285714285715	0.6004464285714286	True	False	True	False
12	P1MCPUFP__CPUFP500K_0189__00858	9e6y	42	STRICT_A	-70.7614	108	0.5753309961047165	True	52	0	21	23	19	18	True	0.8695652173913043	0.34782608695652173	890	232	84	72	186	0.20898876404494382	0.6157303370786517	True	False	True	True
12	P1MCPUFP__CPUFP500K_0189__00858	9e6y	917	STRICT_A	-92.73429999999999	108	0.6297454581062683	True	56	0	19	22	15	14	True	0.8181818181818182	0.3181818181818182	617	166	80	32	150	0.24311183144246354	0.5753646677471637	True	False	True	False
12	P1MCPUFP__CPUFP500K_0189__00858	9e6y	1931	STRICT_A	-71.22860000000001	108	0.62283418089638	True	59	0	22	22	19	18	True	0.8181818181818182	0.2727272727272727	919	225	85	75	197	0.21436343852013057	0.6115342763873776	True	False	True	True
12	P1MCPUFP__CPUFP500K_0189__00858	9e6y	3047	STRICT_A	-76.9503	108	0.5688646654865673	True	55	0	26	20	19	19	True	0.85	0.45	882	207	101	78	155	0.17573696145124718	0.6213151927437641	True	False	True	True
13	P1MCPUFP__CPUFP500K_0380__00771	8x6b	42	STRICT_A	-73.29937999999999	103	0.5521079689334788	True	52	0	20	19	17	16	False	1.0	0.3684210526315789	869	216	85	35	209	0.24050632911392406	0.6214039125431531	False	False	True	True
13	P1MCPUFP__CPUFP500K_0380__00771	8x6b	917	STRICT_A	-69.13829999999999	103	0.4917529834081226	True	47	0	18	18	16	16	False	1.0	0.3888888888888889	897	225	97	57	213	0.23745819397993312	0.5908584169453734	False	False	True	False
13	P1MCPUFP__CPUFP500K_0380__00771	8x6b	1931	STRICT_A	-72.645	103	0.5378094702563345	True	60	0	22	19	16	15	False	0.9473684210526315	0.3157894736842105	896	236	71	74	149	0.16629464285714285	0.671875	True	False	True	True
13	P1MCPUFP__CPUFP500K_0380__00771	8x6b	3047	STRICT_A	-69.10194	103	0.5520783378442591	True	56	0	20	19	17	16	False	1.0	0.42105263157894735	891	214	88	40	209	0.2345679012345679	0.621773288439955	False	False	True	True
13	P1MCPUFP__CPUFP500K_0380__00771	9e6y	42	STRICT_A	-68.1763	108	0.43347359858738566	True	42	0	17	19	15	15	False	1.0	0.3684210526315789	961	241	106	54	211	0.21956295525494277	0.6139438085327783	False	False	True	False
13	P1MCPUFP__CPUFP500K_0380__00771	9e6y	917	STRICT_A	-80.25059999999999	108	0.5065848837878152	True	40	0	18	16	17	16	True	0.875	0.5625	611	145	108	52	116	0.18985270049099837	0.5482815057283142	True	False	True	False
13	P1MCPUFP__CPUFP500K_0380__00771	9e6y	1931	STRICT_A	-96.09540000000001	108	0.5652613660661804	True	45	0	20	17	19	19	True	0.8823529411764706	0.47058823529411764	861	205	98	46	191	0.2218350754936121	0.610917537746806	True	False	True	True
13	P1MCPUFP__CPUFP500K_0380__00771	9e6y	3047	STRICT_A	-65.41140000000001	108	0.5016969754771147	True	38	0	16	17	14	14	False	1.0	0.4117647058823529	953	245	106	58	208	0.21825813221406087	0.6096537250786989	False	False	True	False
14	P1MCPUFP__CPUFP500K_0404__00029	8x6b	42	STRICT_A	-83.4477	103	0.5211973243054515	True	39	0	21	16	20	19	True	0.8125	0.5	781	207	102	85	196	0.25096030729833546	0.5096030729833547	True	False	True	False
14	P1MCPUFP__CPUFP500K_0404__00029	8x6b	917	STRICT_A	-90.0101	103	0.5446031656582646	True	64	0	30	19	21	20	True	0.7894736842105263	0.5789473684210527	676	183	93	33	132	0.1952662721893491	0.6183431952662722	True	False	True	False
14	P1MCPUFP__CPUFP500K_0404__00029	8x6b	1931	STRICT_A	-78.19420000000002	103	0.5238652208256614	True	53	0	25	17	20	19	True	0.8235294117647058	0.5882352941176471	739	191	88	35	145	0.19621109607577808	0.6373477672530447	True	False	True	False
14	P1MCPUFP__CPUFP500K_0404__00029	8x6b	3047	STRICT_A	-65.2219	103	0.5478707951513695	True	46	0	21	17	20	19	True	0.8235294117647058	0.6470588235294118	686	177	104	79	169	0.24635568513119532	0.4868804664723032	True	False	True	False
14	P1MCPUFP__CPUFP500K_0404__00029	9e6y	42	STRICT_A	-73.7602	108	0.5391698202009472	True	41	0	17	18	17	16	True	0.8333333333333334	0.5	887	218	88	54	186	0.20969560315670802	0.6302142051860203	True	False	True	True
14	P1MCPUFP__CPUFP500K_0404__00029	9e6y	917	STRICT_A	-59.122800000000005	108	0.4928180470121736	True	33	0	17	15	14	13	True	0.8666666666666667	0.4666666666666667	691	168	71	82	180	0.26049204052098407	0.5180897250361794	True	False	True	False
14	P1MCPUFP__CPUFP500K_0404__00029	9e6y	1931	STRICT_A	-59.74989	108	0.5622694837581131	True	41	0	20	18	18	16	True	1.0	0.5	725	175	82	89	164	0.22620689655172413	0.5379310344827586	False	False	True	False
14	P1MCPUFP__CPUFP500K_0404__00029	9e6y	3047	STRICT_A	-71.56943000000001	108	0.5432966230055194	True	41	0	21	17	18	17	True	0.8823529411764706	0.6470588235294118	793	198	76	40	162	0.2042875157629256	0.6494325346784363	False	False	True	False
15	P1MCPUFP__CPUFP500K_0188__00549	8x6b	42	STRICT_A	-110.59700000000001	103	0.47996632092288327	True	58	0	24	24	20	19	True	0.9166666666666666	0.4166666666666667	681	168	93	38	152	0.22320117474302498	0.5844346549192364	True	False	True	False
15	P1MCPUFP__CPUFP500K_0188__00549	8x6b	917	STRICT_A	-95.21249999999999	103	0.5315870105613528	True	54	0	23	22	20	19	True	0.9090909090909091	0.4090909090909091	705	182	87	46	160	0.22695035460992907	0.5843971631205673	True	False	True	False
15	P1MCPUFP__CPUFP500K_0188__00549	8x6b	1931	STRICT_A	-104.9177	103	0.49776469263216755	True	50	0	21	21	18	17	True	0.8571428571428571	0.5238095238095238	659	169	94	48	145	0.22003034901365706	0.5644916540212443	True	False	True	False
15	P1MCPUFP__CPUFP500K_0188__00549	8x6b	3047	STRICT_A	-94.9428	103	0.47399635020455666	True	52	0	22	22	19	18	True	0.9090909090909091	0.45454545454545453	683	175	96	34	155	0.22693997071742314	0.582723279648609	True	False	True	False
15	P1MCPUFP__CPUFP500K_0188__00549	9e6y	42	STRICT_A	-105.26950000000001	108	0.6263839943788907	True	60	0	24	25	21	20	True	0.92	0.4	709	191	98	31	143	0.2016925246826516	0.616361071932299	True	False	True	False
15	P1MCPUFP__CPUFP500K_0188__00549	9e6y	917	STRICT_A	-86.89020000000002	108	0.46194937969176325	True	52	0	21	23	19	18	True	0.9130434782608695	0.4782608695652174	696	195	101	36	145	0.20833333333333334	0.5948275862068966	True	False	True	False
15	P1MCPUFP__CPUFP500K_0188__00549	9e6y	1931	STRICT_A	-88.82190000000001	108	0.5484213847079703	True	54	0	23	22	21	20	True	0.9090909090909091	0.36363636363636365	703	186	103	34	145	0.20625889046941678	0.5988620199146515	True	False	True	False
15	P1MCPUFP__CPUFP500K_0188__00549	9e6y	3047	STRICT_A	-95.202	108	0.6109984692670856	True	54	0	23	24	21	20	True	0.9166666666666666	0.4166666666666667	706	181	104	34	150	0.21246458923512748	0.5920679886685553	True	False	True	False
16	P1MCPUFP__CPUFP500K_0100__00383	8x6b	42	STRICT_A	-65.52449999999999	103	0.5822597547222935	True	40	0	20	16	19	19	True	0.875	0.5	783	204	86	46	171	0.21839080459770116	0.6130268199233716	True	False	True	False
16	P1MCPUFP__CPUFP500K_0100__00383	8x6b	917	STRICT_A	-62.459559999999996	103	0.5240088147258792	True	41	0	21	15	19	18	True	0.8666666666666667	0.5333333333333333	787	199	104	89	194	0.24650571791613723	0.5082592121982211	True	False	True	False
16	P1MCPUFP__CPUFP500K_0100__00383	8x6b	1931	STRICT_A	-68.9424	103	0.5396148296808773	True	46	0	21	18	20	20	True	0.8888888888888888	0.5555555555555556	753	193	84	48	155	0.2058432934926959	0.6188579017264276	True	False	True	False
16	P1MCPUFP__CPUFP500K_0100__00383	8x6b	3047	STRICT_A	-69.95933000000001	103	0.5858724410603797	True	50	0	24	18	21	20	True	0.9444444444444444	0.6111111111111112	713	194	82	45	158	0.22159887798036465	0.6002805049088359	True	False	True	False
16	P1MCPUFP__CPUFP500K_0100__00383	9e6y	42	STRICT_A	-76.0746	108	0.4823595607300365	True	47	0	23	17	21	20	True	0.8823529411764706	0.47058823529411764	794	192	88	42	172	0.21662468513853905	0.6196473551637279	True	False	True	True
16	P1MCPUFP__CPUFP500K_0100__00383	9e6y	917	STRICT_A	-78.44786	108	0.5957722948952032	True	47	0	21	18	18	18	True	0.7777777777777778	0.4444444444444444	763	211	99	82	189	0.24770642201834864	0.5150720838794234	True	False	True	False
16	P1MCPUFP__CPUFP500K_0100__00383	9e6y	1931	STRICT_A	-76.8841	108	0.5315416787468918	True	44	0	23	17	21	20	True	0.8823529411764706	0.47058823529411764	802	193	93	41	175	0.21820448877805487	0.614713216957606	True	False	True	True
16	P1MCPUFP__CPUFP500K_0100__00383	9e6y	3047	STRICT_A	-86.06980000000001	108	0.5968905215761625	True	49	0	23	16	21	20	True	0.875	0.4375	803	201	85	43	171	0.2129514321295143	0.6276463262764632	True	False	True	True
17	P1MCPUFP__CPUFP500K_0399__00131	8x6b	42	STRICT_A	-84.51581999999999	103	0.5351840873126922	True	45	0	18	19	17	16	True	0.9473684210526315	0.47368421052631576	625	159	99	59	144	0.2304	0.5168	True	False	True	False
17	P1MCPUFP__CPUFP500K_0399__00131	8x6b	917	STRICT_A	-84.78454000000002	103	0.5171526339684819	True	47	0	19	19	19	18	True	0.9473684210526315	0.5263157894736842	653	156	106	48	154	0.23583460949464014	0.5283307810107197	True	False	True	False
17	P1MCPUFP__CPUFP500K_0399__00131	8x6b	1931	STRICT_A	-70.3647	103	0.4668844881262215	True	48	0	19	19	18	17	True	0.8947368421052632	0.5789473684210527	642	153	115	89	177	0.2757009345794392	0.40654205607476634	True	False	True	False
17	P1MCPUFP__CPUFP500K_0399__00131	8x6b	3047	STRICT_A	-78.11820000000002	103	0.5242806286267211	True	43	0	22	18	20	19	True	0.8888888888888888	0.5555555555555556	664	178	108	52	156	0.23493975903614459	0.5240963855421686	True	False	True	False
17	P1MCPUFP__CPUFP500K_0399__00131	9e6y	42	STRICT_A	-75.591	108	0.5985449486463307	True	38	0	19	16	18	17	True	0.875	0.5625	876	232	95	46	190	0.21689497716894976	0.6221461187214612	True	False	True	False
17	P1MCPUFP__CPUFP500K_0399__00131	9e6y	917	STRICT_A	-74.56388	108	0.46632651618589976	True	41	0	19	13	16	16	False	0.7692307692307693	0.6923076923076923	876	212	121	85	218	0.24885844748858446	0.5159817351598174	True	False	True	False
17	P1MCPUFP__CPUFP500K_0399__00131	9e6y	1931	STRICT_A	-84.05539999999999	108	0.488099996871951	True	39	0	22	18	19	18	True	0.8888888888888888	0.5	638	163	117	53	141	0.22100313479623823	0.512539184952978	True	False	True	False
17	P1MCPUFP__CPUFP500K_0399__00131	9e6y	3047	STRICT_A	-76.27120000000001	108	0.4309011469607354	True	48	0	21	21	19	18	True	0.9047619047619048	0.6190476190476191	657	170	117	56	139	0.2115677321156773	0.5251141552511416	True	False	True	False
18	P1MCPUFP__CPUFP500K_0188__00481	8x6b	42	STRICT_A	-75.51844	103	0.5023382327250887	True	52	0	23	17	22	20	True	0.8823529411764706	0.5882352941176471	752	182	86	100	195	0.25930851063829785	0.4933510638297872	True	False	True	False
18	P1MCPUFP__CPUFP500K_0188__00481	8x6b	917	STRICT_A	-69.29818	103	0.5936148783035541	True	42	0	21	15	19	18	True	0.8666666666666667	0.6666666666666666	794	188	99	109	198	0.24937027707808565	0.48866498740554154	True	False	True	False
18	P1MCPUFP__CPUFP500K_0188__00481	8x6b	1931	STRICT_A	-92.3	103	0.6752021802483344	True	41	0	22	17	19	18	True	0.8235294117647058	0.6470588235294118	988	257	96	90	210	0.2125506072874494	0.5991902834008097	True	False	True	True
18	P1MCPUFP__CPUFP500K_0188__00481	8x6b	3047	STRICT_A	-76.1736	103	0.5133541067199723	True	41	0	20	15	20	19	True	0.8666666666666667	0.6	745	173	92	103	195	0.26174496644295303	0.47651006711409394	True	False	True	False
18	P1MCPUFP__CPUFP500K_0188__00481	9e6y	42	STRICT_A	-73.06766	108	0.5431675884905729	True	45	0	22	17	21	19	True	0.8823529411764706	0.5882352941176471	753	177	85	104	194	0.25763612217795484	0.4913678618857902	True	False	True	False
18	P1MCPUFP__CPUFP500K_0188__00481	9e6y	917	STRICT_A	-73.65844000000001	108	0.5137413755454202	True	47	0	21	16	20	19	True	0.875	0.625	768	190	86	109	196	0.2552083333333333	0.4908854166666667	True	False	True	False
18	P1MCPUFP__CPUFP500K_0188__00481	9e6y	1931	STRICT_A	-63.095	108	0.6124326866985729	True	45	0	22	15	21	20	True	0.8666666666666667	0.6666666666666666	853	222	99	102	200	0.23446658851113716	0.52989449003517	True	False	True	False
18	P1MCPUFP__CPUFP500K_0188__00481	9e6y	3047	STRICT_A	-74.7093	108	0.5506082091658985	True	46	0	23	16	20	19	True	0.875	0.625	787	193	88	106	198	0.25158831003811943	0.5019059720457433	True	False	True	False
19	P1MCPUFP__CPUFP500K_0404__00512	8x6b	42	STRICT_A	-89.4504	103	0.5301335466406476	True	39	0	22	16	18	17	True	0.875	0.625	959	251	88	86	206	0.21480709071949947	0.6037539103232534	True	False	True	True
19	P1MCPUFP__CPUFP500K_0404__00512	8x6b	917	STRICT_A	-64.35220000000001	103	0.548913699437747	True	41	0	19	16	19	19	True	0.8125	0.5	739	195	105	73	174	0.2354533152909337	0.523680649526387	True	False	True	False
19	P1MCPUFP__CPUFP500K_0404__00512	8x6b	1931	STRICT_A	-65.1547	103	0.49634607018054416	True	43	0	20	16	17	17	True	1.0	0.5	792	188	101	53	188	0.23737373737373738	0.5681818181818182	False	False	True	False
19	P1MCPUFP__CPUFP500K_0404__00512	8x6b	3047	STRICT_A	-87.2502	103	0.5871697428601416	True	48	0	24	19	17	16	True	0.8947368421052632	0.47368421052631576	879	212	67	72	206	0.23435722411831628	0.6075085324232082	True	False	True	True
19	P1MCPUFP__CPUFP500K_0404__00512	9e6y	42	STRICT_A	-82.1504	108	0.5207443835161273	True	44	0	19	16	16	16	True	0.875	0.5	993	243	101	59	184	0.18529707955689828	0.6535750251762337	True	False	True	True
19	P1MCPUFP__CPUFP500K_0404__00512	9e6y	917	STRICT_A	-75.98460000000001	108	0.6391267456424049	True	45	0	19	17	18	18	True	0.8235294117647058	0.5294117647058824	773	184	97	84	196	0.2535575679172057	0.5122897800776197	True	False	True	False
19	P1MCPUFP__CPUFP500K_0404__00512	9e6y	1931	STRICT_A	-71.79149999999998	108	0.5594899362380714	True	49	0	21	17	20	20	True	0.8235294117647058	0.5294117647058824	766	193	104	78	184	0.2402088772845953	0.5221932114882507	True	False	True	False
19	P1MCPUFP__CPUFP500K_0404__00512	9e6y	3047	STRICT_A	-59.982000000000006	108	0.5832242217435473	True	38	0	17	15	16	16	True	0.8	0.5333333333333333	845	211	110	75	201	0.2378698224852071	0.5431952662721894	True	False	True	True
20	P1MCPUFP__CPUFP500K_0484__00056	8x6b	42	STRICT_A	-61.473699999999994	103	0.6448179912401355	True	47	0	21	20	19	18	True	0.9	0.4	622	160	96	47	138	0.22186495176848875	0.5482315112540193	True	False	True	False
20	P1MCPUFP__CPUFP500K_0484__00056	8x6b	917	STRICT_A	-62.869299999999996	103	0.44454479682846754	True	45	0	20	17	17	16	True	0.9411764705882353	0.4117647058823529	841	215	95	44	206	0.24494649227110582	0.5897740784780023	True	False	True	False
20	P1MCPUFP__CPUFP500K_0484__00056	8x6b	1931	STRICT_A	-60.120599999999996	103	0.6152171474113095	True	48	0	20	18	18	17	False	0.8888888888888888	0.3888888888888889	803	211	86	81	155	0.1930261519302615	0.5990037359900373	True	False	True	True
20	P1MCPUFP__CPUFP500K_0484__00056	8x6b	3047	STRICT_A	-64.15298000000001	103	0.5433860377225916	True	41	0	20	17	19	18	True	0.8235294117647058	0.4117647058823529	754	190	93	92	204	0.27055702917771884	0.48408488063660476	True	False	True	False
20	P1MCPUFP__CPUFP500K_0484__00056	9e6y	42	STRICT_A	-72.73423	108	0.4817893040405089	True	39	0	15	20	14	14	True	0.85	0.65	720	178	85	101	211	0.29305555555555557	0.4486111111111111	True	False	True	False
20	P1MCPUFP__CPUFP500K_0484__00056	9e6y	917	STRICT_A	-65.7993	108	0.5453022252693611	True	48	0	21	17	19	18	True	0.9411764705882353	0.4117647058823529	840	191	105	37	188	0.22380952380952382	0.6071428571428571	True	False	True	False
20	P1MCPUFP__CPUFP500K_0484__00056	9e6y	1931	STRICT_A	-71.67295999999999	108	0.4743334085343578	True	47	0	20	17	18	17	True	0.9411764705882353	0.4117647058823529	848	214	98	34	191	0.22523584905660377	0.6191037735849056	True	False	True	False
20	P1MCPUFP__CPUFP500K_0484__00056	9e6y	3047	STRICT_A	-61.5861	108	0.4964496748035752	True	37	0	16	16	14	14	False	0.9375	0.375	971	258	98	41	227	0.23377960865087538	0.6230690010298661	True	False	True	True
21	P1MCPUFP__CPUFP500K_0091__00550	8x6b	42	STRICT_A	-70.52064	103	0.47259455702069825	True	43	0	17	18	15	14	True	0.8888888888888888	0.3888888888888889	728	187	80	73	163	0.2239010989010989	0.5659340659340659	True	False	True	False
21	P1MCPUFP__CPUFP500K_0091__00550	8x6b	917	STRICT_A	-60.76640999999999	103	0.48869417938542115	True	40	0	17	17	15	14	True	1.0	0.4117647058823529	652	156	85	74	135	0.20705521472392638	0.549079754601227	False	False	True	False
21	P1MCPUFP__CPUFP500K_0091__00550	8x6b	1931	STRICT_A	-73.28617000000001	103	0.5764862605130723	True	41	0	19	15	16	15	True	1.0	0.3333333333333333	686	179	97	67	146	0.21282798833819241	0.5481049562682215	False	False	True	False
21	P1MCPUFP__CPUFP500K_0091__00550	8x6b	3047	STRICT_A	-66.13712600000001	103	0.5460937071123608	True	49	0	20	19	16	15	True	0.8947368421052632	0.3157894736842105	677	181	97	69	142	0.20974889217134415	0.5450516986706057	True	False	True	False
21	P1MCPUFP__CPUFP500K_0091__00550	9e6y	42	STRICT_A	-60.57207	108	0.5559419000753244	True	41	0	18	18	15	14	True	0.8888888888888888	0.3333333333333333	727	178	79	84	142	0.1953232462173315	0.5804676753782668	True	False	True	False
21	P1MCPUFP__CPUFP500K_0091__00550	9e6y	917	STRICT_A	-45.39229	108	0.6297361438115074	True	27	0	14	15	14	14	True	0.8666666666666667	0.7333333333333333	663	172	110	80	170	0.2564102564102564	0.45701357466063347	True	False	True	False
21	P1MCPUFP__CPUFP500K_0091__00550	9e6y	1931	STRICT_A	-64.569649	108	0.5639875987832402	True	52	0	24	19	18	17	True	0.9473684210526315	0.47368421052631576	660	161	106	64	129	0.19545454545454546	0.546969696969697	True	False	True	False
21	P1MCPUFP__CPUFP500K_0091__00550	9e6y	3047	STRICT_A	-58.36754604000001	108	0.7086408746878866	True	45	0	17	18	15	14	True	0.9444444444444444	0.3888888888888889	754	202	94	78	131	0.17374005305039789	0.5981432360742706	True	False	True	False
22	P1MCPUFP__CPUFP500K_0188__00189	8x6b	42	STRICT_A	-64.44887	103	0.5331953771145723	True	41	0	18	18	16	15	True	0.8888888888888888	0.6666666666666666	708	183	118	86	165	0.2330508474576271	0.4788135593220339	True	False	True	False
22	P1MCPUFP__CPUFP500K_0188__00189	8x6b	917	STRICT_A	-58.599070000000005	103	0.5512158423221256	True	41	0	21	17	19	18	True	0.9411764705882353	0.5294117647058824	710	195	110	74	162	0.22816901408450704	0.5126760563380282	True	False	True	False
22	P1MCPUFP__CPUFP500K_0188__00189	8x6b	1931	STRICT_A	-57.7087	103	0.6394146987672796	True	45	0	19	19	18	17	True	0.9473684210526315	0.47368421052631576	646	159	98	42	156	0.24148606811145512	0.541795665634675	True	False	True	False
22	P1MCPUFP__CPUFP500K_0188__00189	8x6b	3047	STRICT_A	-78.46662000000002	103	0.5364645964776221	True	54	0	23	23	18	17	True	0.9130434782608695	0.4782608695652174	860	210	68	76	216	0.25116279069767444	0.5813953488372093	True	False	True	True
22	P1MCPUFP__CPUFP500K_0188__00189	9e6y	42	STRICT_A	-68.09357	108	0.6174355931590717	True	47	0	23	20	19	18	True	0.9	0.6	666	173	112	77	137	0.2057057057057057	0.5105105105105106	True	False	True	False
22	P1MCPUFP__CPUFP500K_0188__00189	9e6y	917	STRICT_A	-62.51650000000001	108	0.48636821900296234	True	47	0	19	20	17	16	False	0.95	0.6	966	242	72	80	209	0.2163561076604555	0.6262939958592133	True	False	True	True
22	P1MCPUFP__CPUFP500K_0188__00189	9e6y	1931	STRICT_A	-61.63080000000001	108	0.5860569662411066	True	43	0	20	18	17	16	True	0.8888888888888888	0.5555555555555556	670	174	114	79	144	0.21492537313432836	0.49701492537313435	True	False	True	False
22	P1MCPUFP__CPUFP500K_0188__00189	9e6y	3047	STRICT_A	-73.15833	108	0.5344421138891164	True	37	0	18	18	17	16	True	0.9444444444444444	0.4444444444444444	628	150	108	39	123	0.19585987261146498	0.5700636942675159	True	False	True	False
23	P1MCPUFP__CPUFP500K_0207__00174	8x6b	42	STRICT_A	-70.55680000000001	103	0.4788252451607304	True	51	0	20	16	14	13	False	0.875	0.3125	844	204	82	42	187	0.22156398104265404	0.6315165876777251	True	False	True	True
23	P1MCPUFP__CPUFP500K_0207__00174	8x6b	917	STRICT_A	-89.7637	103	0.5195796817295891	True	52	0	21	19	17	16	False	0.8947368421052632	0.42105263157894735	861	202	85	43	188	0.2183507549361208	0.6329849012775842	True	False	True	True
23	P1MCPUFP__CPUFP500K_0207__00174	8x6b	1931	STRICT_A	-85.471	103	0.5628336462761759	True	48	0	24	17	20	19	True	0.8235294117647058	0.47058823529411764	845	205	94	57	183	0.2165680473372781	0.6047337278106509	True	False	True	False
23	P1MCPUFP__CPUFP500K_0207__00174	8x6b	3047	STRICT_A	-86.4219	103	0.5182444362483276	True	41	0	22	16	19	18	True	0.875	0.4375	768	192	99	81	186	0.2421875	0.5234375	True	False	True	False
23	P1MCPUFP__CPUFP500K_0207__00174	9e6y	42	STRICT_A	-74.1185	108	0.6161715484419321	True	43	0	21	18	17	16	True	0.8888888888888888	0.5	736	177	99	80	189	0.25679347826086957	0.5	True	False	True	False
23	P1MCPUFP__CPUFP500K_0207__00174	9e6y	917	STRICT_A	-81.62637	108	0.5896190790106586	True	44	0	24	16	21	20	True	0.8125	0.5	770	208	102	84	191	0.24805194805194805	0.5103896103896104	True	False	True	False
23	P1MCPUFP__CPUFP500K_0207__00174	9e6y	1931	STRICT_A	-74.74227	108	0.48442943023125873	True	45	0	21	16	15	14	False	0.875	0.3125	876	219	95	47	186	0.21232876712328766	0.6255707762557078	True	False	True	True
23	P1MCPUFP__CPUFP500K_0207__00174	9e6y	3047	STRICT_A	-65.32749999999999	108	0.5984110102506051	True	46	0	23	17	19	18	True	0.8823529411764706	0.47058823529411764	709	173	97	87	186	0.2623413258110014	0.4781382228490832	True	False	True	False
24	P1MCPUFP__CPUFP500K_0405__00049	8x6b	42	STRICT_A	-62.92629999999999	103	0.4999355982315178	True	55	0	21	23	17	16	True	0.9130434782608695	0.6086956521739131	677	167	99	44	139	0.20531757754800592	0.5834564254062038	True	False	True	False
24	P1MCPUFP__CPUFP500K_0405__00049	8x6b	917	STRICT_A	-70.18110000000001	103	0.46922460090219764	True	51	0	19	22	18	17	True	0.9090909090909091	0.5909090909090909	690	179	97	53	145	0.21014492753623187	0.572463768115942	True	False	True	False
24	P1MCPUFP__CPUFP500K_0405__00049	8x6b	1931	STRICT_A	-86.26068	103	0.5832272332203564	True	57	0	23	23	18	17	True	0.9130434782608695	0.5217391304347826	689	165	96	46	145	0.2104499274310595	0.5834542815674891	True	False	True	False
24	P1MCPUFP__CPUFP500K_0405__00049	8x6b	3047	STRICT_A	-73.8998	103	0.4645290763950555	True	48	0	20	21	17	16	True	0.9047619047619048	0.6666666666666666	695	173	100	63	143	0.20575539568345325	0.5597122302158274	True	False	True	False
24	P1MCPUFP__CPUFP500K_0405__00049	9e6y	42	STRICT_A	-65.97200000000001	108	0.4801943450541698	True	44	0	17	20	16	15	True	0.9	0.7	664	175	105	45	129	0.19427710843373494	0.5798192771084337	True	False	True	False
24	P1MCPUFP__CPUFP500K_0405__00049	9e6y	917	STRICT_A	-65.27739999999999	108	0.5306180113129672	True	48	0	21	21	18	17	True	0.9047619047619048	0.6190476190476191	696	186	107	49	135	0.1939655172413793	0.5818965517241379	True	False	True	False
24	P1MCPUFP__CPUFP500K_0405__00049	9e6y	1931	STRICT_A	-71.1071	108	0.48263378041730076	True	49	0	20	22	18	17	True	0.9090909090909091	0.6363636363636364	675	176	107	43	133	0.19703703703703704	0.5807407407407408	True	False	True	False
24	P1MCPUFP__CPUFP500K_0405__00049	9e6y	3047	STRICT_A	-67.41029999999999	108	0.5622309882105251	True	45	0	20	20	17	16	True	0.9	0.7	634	163	101	40	132	0.2082018927444795	0.5694006309148265	True	False	True	False
25	P1MCPUFP__CPUFP500K_0108__00054	8x6b	42	STRICT_A	-52.73336	103	0.5020437418021981	True	39	0	17	17	14	14	False	0.8823529411764706	0.4117647058823529	854	213	93	60	179	0.20960187353629978	0.6112412177985949	True	False	True	True
25	P1MCPUFP__CPUFP500K_0108__00054	8x6b	917	STRICT_A	-63.77911000000001	103	0.5718317477324403	True	50	0	21	20	17	17	True	1.0	0.45	688	167	96	43	177	0.25726744186046513	0.5406976744186046	False	False	True	False
25	P1MCPUFP__CPUFP500K_0108__00054	8x6b	1931	STRICT_A	-52.753840000000004	103	0.577395660914556	True	47	0	20	21	18	17	True	1.0	0.47619047619047616	711	187	96	40	176	0.24753867791842477	0.5611814345991561	False	False	True	False
25	P1MCPUFP__CPUFP500K_0108__00054	8x6b	3047	STRICT_A	-49.15899999999999	103	0.5408646869826067	True	33	0	18	14	17	16	True	0.9285714285714286	0.42857142857142855	744	182	97	77	193	0.2594086021505376	0.5067204301075269	True	False	True	False
25	P1MCPUFP__CPUFP500K_0108__00054	9e6y	42	STRICT_A	-61.45339	108	0.4627318245988555	True	44	0	20	17	19	18	True	0.7647058823529411	0.5882352941176471	844	219	94	81	188	0.22274881516587677	0.5699052132701422	True	False	True	True
25	P1MCPUFP__CPUFP500K_0108__00054	9e6y	917	STRICT_A	-52.84597	108	0.6102875946973793	True	45	0	20	20	18	17	True	1.0	0.5	743	196	96	36	186	0.2503364737550471	0.5720053835800808	False	False	True	True
25	P1MCPUFP__CPUFP500K_0108__00054	9e6y	1931	STRICT_A	-72.7391	108	0.669318093439773	True	42	0	18	20	18	18	True	0.85	0.5	912	211	64	43	191	0.20942982456140352	0.6732456140350878	True	False	True	True
25	P1MCPUFP__CPUFP500K_0108__00054	9e6y	3047	STRICT_A	-47.83467000000001	108	0.4972093043567312	True	43	0	19	20	17	17	True	0.95	0.45	795	191	114	47	187	0.23522012578616353	0.5622641509433962	True	False	True	True
26	P1MCPUFP__CPUFP500K_0188__00364	8x6b	42	STRICT_A	-68.8321	103	0.5432723535718978	True	41	0	19	19	18	17	True	0.8421052631578947	0.631578947368421	728	187	88	35	141	0.1936813186813187	0.6373626373626373	True	False	True	True
26	P1MCPUFP__CPUFP500K_0188__00364	8x6b	917	STRICT_A	-80.33890000000001	103	0.5071998614822534	True	42	0	20	21	18	17	True	0.6666666666666666	0.47619047619047616	845	212	106	40	173	0.20473372781065088	0.6224852071005917	True	False	True	False
26	P1MCPUFP__CPUFP500K_0188__00364	8x6b	1931	STRICT_A	-72.88910000000001	103	0.5535474904085298	True	43	0	21	19	20	18	True	0.8421052631578947	0.3684210526315789	632	161	84	83	134	0.2120253164556962	0.5237341772151899	True	False	True	False
26	P1MCPUFP__CPUFP500K_0188__00364	8x6b	3047	STRICT_A	-70.8109	103	0.5216079918477624	True	45	0	21	17	20	18	True	0.8823529411764706	0.35294117647058826	639	158	79	87	143	0.2237871674491393	0.5164319248826291	False	False	True	False
26	P1MCPUFP__CPUFP500K_0188__00364	9e6y	42	STRICT_A	-68.42609999999999	108	0.6359453382537885	True	35	0	20	14	18	17	True	0.7857142857142857	0.5714285714285714	774	192	95	93	207	0.26744186046511625	0.4896640826873385	True	False	True	False
26	P1MCPUFP__CPUFP500K_0188__00364	9e6y	917	STRICT_A	-78.99279999999999	108	0.5829454253172136	True	40	0	19	20	16	15	True	0.75	0.55	910	219	55	27	184	0.2021978021978022	0.7076923076923077	True	False	True	True
26	P1MCPUFP__CPUFP500K_0188__00364	9e6y	1931	STRICT_A	-68.3435	108	0.6034136789503503	True	41	0	22	16	19	18	True	0.75	0.5625	739	188	115	98	197	0.2665764546684709	0.44519621109607577	True	False	True	False
26	P1MCPUFP__CPUFP500K_0188__00364	9e6y	3047	STRICT_A	-64.29480000000001	108	0.45884697050718265	True	42	0	18	19	17	16	True	0.7894736842105263	0.631578947368421	840	208	86	34	164	0.19523809523809524	0.6619047619047619	True	False	True	True
27	P1MCPUFP__CPUFP500K_0185__00273	8x6b	42	STRICT_A	-65.2159	103	0.5121038780340667	True	41	0	19	17	15	15	True	0.8235294117647058	0.5882352941176471	858	214	72	39	190	0.22144522144522144	0.6491841491841492	True	False	True	True
27	P1MCPUFP__CPUFP500K_0185__00273	8x6b	917	STRICT_A	-60.170370000000005	103	0.4570476917069886	True	46	0	20	19	17	16	True	1.0	0.5263157894736842	708	187	79	51	207	0.2923728813559322	0.5240112994350282	False	False	True	False
27	P1MCPUFP__CPUFP500K_0185__00273	8x6b	1931	STRICT_A	-75.1725	103	0.5319939767287557	True	46	0	19	17	18	17	True	0.9411764705882353	0.47058823529411764	665	152	59	80	199	0.2992481203007519	0.4917293233082707	True	False	True	False
27	P1MCPUFP__CPUFP500K_0185__00273	8x6b	3047	STRICT_A	-88.1922	103	0.5192124786764796	True	46	0	19	20	18	18	True	0.95	0.5	720	189	94	47	181	0.2513888888888889	0.5527777777777778	True	False	True	False
27	P1MCPUFP__CPUFP500K_0185__00273	9e6y	42	STRICT_A	-67.86599	108	0.49518868406655886	True	44	0	19	19	18	18	True	0.9473684210526315	0.42105263157894735	767	202	94	48	191	0.24902216427640156	0.5658409387222947	True	False	True	True
27	P1MCPUFP__CPUFP500K_0185__00273	9e6y	917	STRICT_A	-57.86099999999999	108	0.621117599619168	True	34	0	18	16	17	16	True	1.0	0.4375	727	179	74	47	227	0.312242090784044	0.5213204951856947	False	False	True	False
27	P1MCPUFP__CPUFP500K_0185__00273	9e6y	1931	STRICT_A	-79.34660000000001	108	0.5040935074553488	True	43	0	19	19	18	18	True	0.9473684210526315	0.47368421052631576	773	212	93	47	190	0.24579560155239327	0.5730918499353169	True	False	True	False
27	P1MCPUFP__CPUFP500K_0185__00273	9e6y	3047	STRICT_A	-76.9842	108	0.5768678897172556	True	48	0	20	19	17	16	True	1.0	0.42105263157894735	743	195	77	42	214	0.288021534320323	0.5518169582772544	False	False	True	False
28	P1MCPUFP__CPUFP500K_0032__00118	8x6b	42	STRICT_A	-75.65620000000001	103	0.46097967619304964	True	46	0	21	16	18	18	True	0.8125	0.625	860	210	65	48	166	0.1930232558139535	0.6755813953488372	True	False	True	True
28	P1MCPUFP__CPUFP500K_0032__00118	8x6b	917	STRICT_A	-63.10298	103	0.5361185604257307	True	48	0	21	19	19	18	True	0.8947368421052632	0.3684210526315789	780	207	53	80	133	0.17051282051282052	0.658974358974359	False	False	True	False
28	P1MCPUFP__CPUFP500K_0032__00118	8x6b	1931	STRICT_A	-76.7319	103	0.5120664198589455	True	57	0	23	22	18	17	True	0.8181818181818182	0.22727272727272727	755	205	62	78	179	0.2370860927152318	0.5774834437086093	False	False	True	False
28	P1MCPUFP__CPUFP500K_0032__00118	8x6b	3047	STRICT_A	-63.12357999999999	103	0.4775687035803036	True	30	0	16	13	14	14	False	1.0	0.3076923076923077	805	216	63	51	177	0.21987577639751552	0.6385093167701863	False	False	True	True
28	P1MCPUFP__CPUFP500K_0032__00118	9e6y	42	STRICT_A	-73.3051	108	0.5637952963432625	True	47	0	23	15	16	15	True	0.8	0.6	856	228	54	46	155	0.1810747663551402	0.7021028037383178	True	False	True	True
28	P1MCPUFP__CPUFP500K_0032__00118	9e6y	917	STRICT_A	-67.38000000000001	108	0.5040999970826728	True	45	0	20	19	18	17	True	0.8947368421052632	0.3684210526315789	796	202	58	88	128	0.16080402010050251	0.6557788944723618	False	False	True	False
28	P1MCPUFP__CPUFP500K_0032__00118	9e6y	1931	STRICT_A	-73.68859999999998	108	0.5333993280200452	True	55	0	21	22	19	18	True	0.9090909090909091	0.3181818181818182	826	206	52	87	142	0.17191283292978207	0.6598062953995157	False	False	True	False
28	P1MCPUFP__CPUFP500K_0032__00118	9e6y	3047	STRICT_A	-77.9329	108	0.6300732620548075	True	54	0	22	22	20	18	True	0.8636363636363636	0.36363636363636365	732	185	45	81	144	0.19672131147540983	0.6311475409836066	True	False	True	False
29	P1MCPUFP__CPUFP500K_0388__00663	8x6b	42	STRICT_A	-67.72374	103	0.45835964243859545	True	48	0	21	18	19	19	True	0.7222222222222222	0.4444444444444444	788	202	102	86	196	0.24873096446700507	0.5126903553299492	True	False	True	False
29	P1MCPUFP__CPUFP500K_0388__00663	8x6b	917	STRICT_A	-78.38141999999999	103	0.537811981816567	True	54	0	25	20	23	21	True	0.9	0.65	615	174	107	22	126	0.2048780487804878	0.5853658536585366	True	False	True	False
29	P1MCPUFP__CPUFP500K_0388__00663	8x6b	1931	STRICT_A	-58.13887	103	0.5078530151873959	True	37	0	19	16	16	16	True	0.75	0.5	755	198	112	81	189	0.2503311258278146	0.49403973509933774	True	False	True	False
29	P1MCPUFP__CPUFP500K_0388__00663	8x6b	3047	STRICT_A	-64.69896000000003	103	0.5728913691071819	True	46	0	22	19	20	19	True	0.8947368421052632	0.631578947368421	622	165	99	20	132	0.21221864951768488	0.5964630225080386	True	False	True	False
29	P1MCPUFP__CPUFP500K_0388__00663	9e6y	42	STRICT_A	-78.36501	108	0.5681738259818467	True	46	0	22	17	17	17	True	0.7647058823529411	0.4117647058823529	768	210	109	76	197	0.2565104166666667	0.5026041666666666	True	False	True	False
29	P1MCPUFP__CPUFP500K_0388__00663	9e6y	917	STRICT_A	-57.03835	108	0.511042460754011	True	34	0	17	15	14	14	True	0.7333333333333333	0.5333333333333333	817	203	119	65	207	0.2533659730722154	0.5214198286413708	True	False	True	False
29	P1MCPUFP__CPUFP500K_0388__00663	9e6y	1931	STRICT_A	-67.67728000000001	108	0.6472470628964894	True	49	0	20	20	20	19	True	0.95	0.7	616	160	98	18	126	0.20454545454545456	0.6071428571428571	True	False	True	False
29	P1MCPUFP__CPUFP500K_0388__00663	9e6y	3047	STRICT_A	-47.314750000000004	108	0.5303718994849355	True	45	0	22	15	14	13	False	1.0	0.4666666666666667	759	182	108	13	187	0.2463768115942029	0.5942028985507246	False	False	True	False
30	P1MCPUFP__CPUFP500K_0287__00389	8x6b	42	STRICT_A	-77.75072	103	0.45194067864393694	True	36	0	19	16	18	17	True	0.9375	0.5	705	182	80	87	203	0.28794326241134754	0.475177304964539	True	False	True	False
30	P1MCPUFP__CPUFP500K_0287__00389	8x6b	917	STRICT_A	-63.861599999999996	103	0.5546687147457152	True	40	0	23	16	20	19	True	0.875	0.5	821	215	77	58	192	0.23386114494518878	0.6017052375152253	True	False	True	False
30	P1MCPUFP__CPUFP500K_0287__00389	8x6b	1931	STRICT_A	-71.92299999999999	103	0.5141694234855313	True	44	0	23	20	19	18	True	0.95	0.6	874	229	73	77	200	0.2288329519450801	0.5995423340961098	True	False	True	True
30	P1MCPUFP__CPUFP500K_0287__00389	8x6b	3047	STRICT_A	-74.8346	103	0.4999140074058676	True	52	0	24	18	19	18	True	0.9444444444444444	0.5555555555555556	664	168	97	42	144	0.21686746987951808	0.5737951807228916	True	False	True	False
30	P1MCPUFP__CPUFP500K_0287__00389	9e6y	42	STRICT_A	-69.55270000000002	108	0.49774545018906724	True	45	0	21	18	19	18	True	0.8888888888888888	0.5555555555555556	690	173	74	101	199	0.28840579710144926	0.4579710144927536	True	False	True	False
30	P1MCPUFP__CPUFP500K_0287__00389	9e6y	917	STRICT_A	-62.6792	108	0.4702833500453036	True	43	0	20	18	19	18	True	0.8888888888888888	0.5555555555555556	672	174	73	95	202	0.3005952380952381	0.4494047619047619	True	False	True	False
30	P1MCPUFP__CPUFP500K_0287__00389	9e6y	1931	STRICT_A	-68.79324	108	0.5382692441902766	True	38	0	20	15	18	18	True	0.8666666666666667	0.5333333333333333	724	182	96	94	204	0.281767955801105	0.4558011049723757	True	False	True	False
30	P1MCPUFP__CPUFP500K_0287__00389	9e6y	3047	STRICT_A	-65.57512	108	0.5237750044069681	True	40	0	22	14	20	19	True	0.8571428571428571	0.5714285714285714	768	190	91	99	210	0.2734375	0.4791666666666667	True	False	True	False
31	P1MCPUFP__CPUFP500K_0289__00496	8x6b	42	STRICT_A	-69.25482000000001	103	0.5219444252670027	True	56	0	23	21	18	17	False	0.9047619047619048	0.42857142857142855	839	201	68	26	182	0.2169249106078665	0.6710369487485102	True	False	True	True
31	P1MCPUFP__CPUFP500K_0289__00496	8x6b	917	STRICT_A	-65.93741999999999	103	0.7197118774820468	True	61	0	23	21	17	16	False	0.9047619047619048	0.42857142857142855	833	195	71	24	192	0.2304921968787515	0.6554621848739496	True	False	True	True
31	P1MCPUFP__CPUFP500K_0289__00496	8x6b	1931	STRICT_A	-52.715900000000005	103	0.5216212148993413	True	46	0	18	21	16	16	False	0.9047619047619048	0.42857142857142855	871	227	74	41	208	0.23880597014925373	0.6291618828932262	True	False	True	True
31	P1MCPUFP__CPUFP500K_0289__00496	8x6b	3047	STRICT_A	-59.05006000000001	103	0.4890034803453591	True	44	0	17	19	16	15	False	0.8947368421052632	0.3684210526315789	880	197	72	43	201	0.22840909090909092	0.6409090909090909	True	False	True	False
31	P1MCPUFP__CPUFP500K_0289__00496	9e6y	42	STRICT_A	-70.62106	108	0.5512142508555207	True	56	0	23	20	18	17	False	0.9	0.35	969	235	63	72	185	0.19091847265221878	0.6697626418988648	True	False	True	False
31	P1MCPUFP__CPUFP500K_0289__00496	9e6y	917	STRICT_A	-78.80573000000001	108	0.4320912930304721	True	62	0	23	20	17	16	False	0.9	0.3	909	221	60	68	168	0.1848184818481848	0.6743674367436744	True	False	True	False
31	P1MCPUFP__CPUFP500K_0289__00496	9e6y	1931	STRICT_A	-83.36289000000001	108	0.6074945787655448	True	60	0	26	22	20	19	True	0.9090909090909091	0.5	862	214	89	30	190	0.22041763341067286	0.6415313225058005	True	False	True	True
31	P1MCPUFP__CPUFP500K_0289__00496	9e6y	3047	STRICT_A	-78.33774000000001	108	0.5902091773436514	True	55	0	22	20	17	16	False	0.9	0.45	870	224	88	30	185	0.21264367816091953	0.6517241379310345	True	False	True	True
32	P1MCPUFP__CPUFP500K_0091__00849	8x6b	42	STRICT_A	-58.29773	103	0.5448576770545721	True	43	0	21	16	19	18	True	0.9375	0.4375	733	182	86	52	179	0.24420190995907232	0.567530695770805	True	False	True	False
32	P1MCPUFP__CPUFP500K_0091__00849	8x6b	917	STRICT_A	-64.12154112000002	103	0.5212731629235448	True	47	0	19	22	17	16	True	0.9545454545454546	0.5454545454545454	809	196	85	59	179	0.22126081582200247	0.6007416563658838	True	False	True	True
32	P1MCPUFP__CPUFP500K_0091__00849	8x6b	1931	STRICT_A	-68.48850999999999	103	0.5622402144854823	True	49	0	22	22	19	18	True	0.9545454545454546	0.5909090909090909	791	196	83	52	186	0.23514538558786346	0.5941845764854614	True	False	True	True
32	P1MCPUFP__CPUFP500K_0091__00849	8x6b	3047	STRICT_A	-63.674609999999994	103	0.5867485549968766	True	50	0	20	20	17	16	True	0.95	0.5	786	197	81	56	176	0.22391857506361323	0.6017811704834606	True	False	True	False
32	P1MCPUFP__CPUFP500K_0091__00849	9e6y	42	STRICT_A	-65.68342	108	0.5723781419187873	True	42	0	20	21	18	17	True	0.9523809523809523	0.6190476190476191	755	199	83	44	186	0.24635761589403973	0.5854304635761589	True	False	True	True
32	P1MCPUFP__CPUFP500K_0091__00849	9e6y	917	STRICT_A	-54.48354	108	0.5170667047896444	True	49	0	19	19	16	16	False	0.9473684210526315	0.3684210526315789	998	254	90	66	158	0.15831663326653306	0.685370741482966	True	False	True	True
32	P1MCPUFP__CPUFP500K_0091__00849	9e6y	1931	STRICT_A	-63.630750000000006	108	0.6544642628679839	True	45	0	20	21	18	17	True	0.9523809523809523	0.5714285714285714	820	204	86	50	199	0.2426829268292683	0.5914634146341463	True	False	True	True
32	P1MCPUFP__CPUFP500K_0091__00849	9e6y	3047	STRICT_A	-75.07018	108	0.5884664366566329	True	51	0	24	23	19	18	True	0.9565217391304348	0.5217391304347826	769	197	66	43	192	0.24967490247074123	0.6085825747724317	True	False	True	True
33	P1MCPUFP__CPUFP500K_0388__00174	8x6b	42	STRICT_A	-75.91746	103	0.5136580786276062	True	56	0	25	19	20	19	True	0.9473684210526315	0.5263157894736842	786	195	80	32	175	0.22264631043256997	0.6348600508905853	True	False	True	False
33	P1MCPUFP__CPUFP500K_0388__00174	8x6b	917	STRICT_A	-65.50035	103	0.6532303252865274	True	47	0	21	17	17	17	True	0.8823529411764706	0.5294117647058824	826	199	76	78	188	0.22760290556900725	0.585956416464891	True	False	True	True
33	P1MCPUFP__CPUFP500K_0388__00174	8x6b	1931	STRICT_A	-63.82054	103	0.48550128416645627	True	46	0	19	17	17	16	True	0.9411764705882353	0.47058823529411764	800	203	76	32	186	0.2325	0.6325	True	False	True	False
33	P1MCPUFP__CPUFP500K_0388__00174	8x6b	3047	STRICT_A	-79.37849000000001	103	0.48706935884685376	True	51	0	24	20	20	19	True	0.95	0.55	806	201	87	44	176	0.21836228287841192	0.6191066997518611	True	False	True	False
33	P1MCPUFP__CPUFP500K_0388__00174	9e6y	42	STRICT_A	-61.2765	108	0.4408241233923521	True	35	0	15	16	14	14	True	0.9375	0.625	926	230	74	71	219	0.23650107991360692	0.6069114470842333	True	False	True	True
33	P1MCPUFP__CPUFP500K_0388__00174	9e6y	917	STRICT_A	-56.236372	108	0.5760166263385674	True	43	0	20	17	16	16	True	0.9411764705882353	0.5294117647058824	879	233	82	75	214	0.2434584755403868	0.5779294653014789	True	False	True	True
33	P1MCPUFP__CPUFP500K_0388__00174	9e6y	1931	STRICT_A	-74.14443999999999	108	0.5514631576273024	True	51	0	23	19	19	18	True	0.9473684210526315	0.5789473684210527	789	212	98	23	171	0.21673003802281368	0.6299112801013942	True	False	True	False
33	P1MCPUFP__CPUFP500K_0388__00174	9e6y	3047	STRICT_A	-77.12166	108	0.6911463904496883	True	43	0	21	20	20	19	True	0.95	0.55	814	211	71	48	185	0.22727272727272727	0.6265356265356266	True	False	True	True
34	P1MCPUFP__CPUFP500K_0487__00827	8x6b	42	STRICT_A	-86.35988	103	0.4950264704533232	True	56	0	22	21	20	19	True	0.8095238095238095	0.5714285714285714	673	162	109	31	140	0.20802377414561665	0.5839524517087668	True	False	True	False
34	P1MCPUFP__CPUFP500K_0487__00827	8x6b	917	STRICT_A	-69.79349	103	0.5125597866976614	True	47	0	17	17	15	15	True	0.8823529411764706	0.5882352941176471	866	196	108	76	181	0.2090069284064665	0.5785219399538106	True	False	True	False
34	P1MCPUFP__CPUFP500K_0487__00827	8x6b	1931	STRICT_A	-56.09691000000001	103	0.5444036177055137	True	41	0	22	18	20	19	True	0.9444444444444444	0.5555555555555556	815	194	104	45	196	0.24049079754601227	0.5766871165644172	True	False	True	False
34	P1MCPUFP__CPUFP500K_0487__00827	8x6b	3047	STRICT_A	-62.120760000000004	103	0.5415455291497515	True	47	0	18	19	17	16	True	0.9473684210526315	0.5263157894736842	797	196	99	42	199	0.24968632371392724	0.5734002509410289	True	False	True	False
34	P1MCPUFP__CPUFP500K_0487__00827	9e6y	42	STRICT_A	-62.40222	108	0.5693711606311821	True	48	0	23	23	20	19	True	0.9130434782608695	0.6086956521739131	849	208	72	51	212	0.2497055359246172	0.6054181389870436	True	False	True	False
34	P1MCPUFP__CPUFP500K_0487__00827	9e6y	917	STRICT_A	-63.5886	108	0.4744077356195046	True	49	0	18	18	17	17	True	0.8333333333333334	0.6111111111111112	860	210	104	76	205	0.23837209302325582	0.5523255813953488	True	False	True	False
34	P1MCPUFP__CPUFP500K_0487__00827	9e6y	1931	STRICT_A	-60.518600000000006	108	0.5140357483063451	True	42	0	19	17	17	17	True	0.8235294117647058	0.6470588235294118	884	224	104	81	209	0.23642533936651583	0.5542986425339367	True	False	True	False
34	P1MCPUFP__CPUFP500K_0487__00827	9e6y	3047	STRICT_A	-53.03484	108	0.4970354475409089	True	38	0	16	19	16	15	True	0.8421052631578947	0.6842105263157895	737	190	111	80	161	0.21845318860244234	0.5223880597014925	True	False	True	False
35	P1MCPUFP__CPUFP500K_0029__00647	8x6b	42	STRICT_A	-68.7166	103	0.49496633811027607	True	56	0	20	23	16	15	False	0.8695652173913043	0.21739130434782608	890	218	69	69	173	0.1943820224719101	0.650561797752809	False	False	True	False
35	P1MCPUFP__CPUFP500K_0029__00647	8x6b	917	STRICT_A	-51.0272	103	0.5074727161425899	True	44	0	18	16	17	16	False	0.875	0.4375	809	216	84	62	153	0.18912237330037082	0.630407911001236	True	False	True	False
35	P1MCPUFP__CPUFP500K_0029__00647	8x6b	1931	STRICT_A	-70.21346999999999	103	0.5009602348961858	True	41	0	18	18	16	15	False	1.0	0.2777777777777778	868	212	73	76	180	0.2073732718894009	0.6209677419354839	False	False	True	False
35	P1MCPUFP__CPUFP500K_0029__00647	8x6b	3047	STRICT_A	-74.84559999999999	103	0.5124012633759617	True	47	0	18	21	16	15	False	0.9047619047619048	0.2857142857142857	897	213	72	76	172	0.19175027870680045	0.6432552954292085	False	False	True	False
35	P1MCPUFP__CPUFP500K_0029__00647	9e6y	42	STRICT_A	-58.19487000000001	108	0.47852561755719275	True	43	0	19	18	17	16	False	0.9444444444444444	0.2777777777777778	899	218	72	79	183	0.203559510567297	0.628476084538376	False	False	True	True
35	P1MCPUFP__CPUFP500K_0029__00647	9e6y	917	STRICT_A	-60.221460000000015	108	0.639911076225333	True	51	0	19	23	17	16	False	0.8695652173913043	0.2608695652173913	943	225	69	77	187	0.19830328738069988	0.6468716861081655	False	False	True	True
35	P1MCPUFP__CPUFP500K_0029__00647	9e6y	1931	STRICT_A	-65.96833	108	0.5335226628249495	True	43	0	19	18	16	15	False	1.0	0.2777777777777778	889	218	76	80	185	0.2080989876265467	0.6164229471316085	False	False	True	True
35	P1MCPUFP__CPUFP500K_0029__00647	9e6y	3047	STRICT_A	-59.656200000000005	108	0.452352924843898	True	44	0	18	19	17	16	False	0.9473684210526315	0.2631578947368421	886	221	68	74	183	0.20654627539503387	0.6331828442437923	False	False	True	True
36	P1MCPUFP__CPUFP500K_0388__00797	8x6b	42	STRICT_A	-102.27739	103	0.5184013319681684	True	63	0	25	24	18	17	True	0.875	0.5	898	234	64	50	168	0.1870824053452116	0.6859688195991092	True	False	True	True
36	P1MCPUFP__CPUFP500K_0388__00797	8x6b	917	STRICT_A	-85.60419999999999	103	0.4983456803326821	True	59	0	25	20	16	15	False	0.85	0.4	915	230	59	44	187	0.20437158469945355	0.6830601092896175	True	False	True	True
36	P1MCPUFP__CPUFP500K_0388__00797	8x6b	1931	STRICT_A	-98.348	103	0.49421112217630747	True	68	0	27	25	18	17	True	0.88	0.52	915	233	54	41	184	0.2010928961748634	0.6950819672131148	True	False	True	True
36	P1MCPUFP__CPUFP500K_0388__00797	8x6b	3047	STRICT_A	-88.4727	103	0.473493519208196	True	54	0	25	18	18	17	True	0.8333333333333334	0.5555555555555556	923	224	76	54	172	0.18634886240520043	0.6728060671722643	True	False	True	True
36	P1MCPUFP__CPUFP500K_0388__00797	9e6y	42	STRICT_A	-56.907619999999994	108	0.46388919090718816	True	50	0	19	17	14	14	False	0.8235294117647058	0.47058823529411764	1008	241	75	63	198	0.19642857142857142	0.6666666666666666	True	False	True	True
36	P1MCPUFP__CPUFP500K_0388__00797	9e6y	917	STRICT_A	-85.4233	108	0.47823167986107606	True	62	0	23	21	17	16	False	0.8571428571428571	0.42857142857142855	985	239	76	55	182	0.1847715736040609	0.682233502538071	True	False	True	True
36	P1MCPUFP__CPUFP500K_0388__00797	9e6y	1931	STRICT_A	-90.32607999999999	108	0.5087131032948059	True	63	0	25	22	18	17	True	0.8636363636363636	0.5454545454545454	980	226	76	52	173	0.17653061224489797	0.6928571428571428	True	False	True	True
36	P1MCPUFP__CPUFP500K_0388__00797	9e6y	3047	STRICT_A	-90.11110000000001	108	0.42493362650951094	True	52	0	23	17	17	16	False	0.8235294117647058	0.47058823529411764	932	235	81	55	175	0.18776824034334763	0.6663090128755365	True	False	True	True
37	P1MCPUFP__CPUFP500K_0134__00289	8x6b	42	STRICT_A	-83.07454	103	0.47472486015286963	True	48	0	19	23	14	13	True	0.8695652173913043	0.30434782608695654	673	176	40	86	139	0.2065378900445765	0.6062407132243685	False	False	True	False
37	P1MCPUFP__CPUFP500K_0134__00289	8x6b	917	STRICT_A	-72.82747	103	0.4921957966381993	True	53	0	18	25	15	14	True	0.92	0.4	711	193	37	79	131	0.18424753867791843	0.6526019690576652	False	False	True	False
37	P1MCPUFP__CPUFP500K_0134__00289	8x6b	1931	STRICT_A	-79.24055999999999	103	0.4742136607968344	True	50	0	19	24	15	14	True	0.875	0.3333333333333333	703	189	31	74	142	0.2019914651493599	0.6486486486486487	True	False	True	False
37	P1MCPUFP__CPUFP500K_0134__00289	8x6b	3047	STRICT_A	-78.71318000000001	103	0.5454115953031888	True	48	0	19	21	15	14	True	0.9047619047619048	0.38095238095238093	720	195	37	87	137	0.19027777777777777	0.6375	False	False	True	False
37	P1MCPUFP__CPUFP500K_0134__00289	9e6y	42	STRICT_A	-78.96111	108	0.5031657154843141	True	54	0	21	25	16	15	True	0.88	0.36	747	191	41	86	129	0.17269076305220885	0.6572958500669344	False	False	True	True
37	P1MCPUFP__CPUFP500K_0134__00289	9e6y	917	STRICT_A	-72.66779	108	0.5008518671416026	True	51	0	19	21	15	14	True	0.8095238095238095	0.2857142857142857	785	217	64	60	191	0.24331210191082803	0.5987261146496815	False	False	True	False
37	P1MCPUFP__CPUFP500K_0134__00289	9e6y	1931	STRICT_A	-70.69179	108	0.5121274348462936	True	52	0	19	24	17	15	True	0.8333333333333334	0.3333333333333333	723	179	40	77	172	0.23789764868603042	0.6002766251728907	True	False	True	False
37	P1MCPUFP__CPUFP500K_0134__00289	9e6y	3047	STRICT_A	-79.49027	108	0.5774450183025948	True	50	0	19	21	16	15	True	0.8095238095238095	0.2857142857142857	800	218	63	62	190	0.2375	0.60625	True	False	True	False
38	P1MCPUFP__CPUFP500K_0128__00809	8x6b	42	STRICT_A	-61.0637	103	0.45088302969820215	True	41	0	19	18	15	15	False	0.9444444444444444	0.3333333333333333	836	207	77	31	173	0.2069377990430622	0.6638755980861244	True	False	True	True
38	P1MCPUFP__CPUFP500K_0128__00809	8x6b	917	STRICT_A	-72.59450000000001	103	0.46544603961312925	True	47	0	19	17	17	16	False	0.9411764705882353	0.29411764705882354	983	262	56	87	138	0.14038657171922686	0.7141403865717192	True	False	True	True
38	P1MCPUFP__CPUFP500K_0128__00809	8x6b	1931	STRICT_A	-66.85470000000001	103	0.48090699188102987	True	51	0	20	19	17	16	False	0.8947368421052632	0.2631578947368421	981	249	52	84	141	0.1437308868501529	0.7176350662589195	True	False	True	True
38	P1MCPUFP__CPUFP500K_0128__00809	8x6b	3047	STRICT_A	-79.67580000000001	103	0.4683089234666199	True	50	0	20	19	17	16	False	0.9473684210526315	0.3684210526315789	986	273	58	90	110	0.11156186612576065	0.7383367139959433	True	False	True	True
38	P1MCPUFP__CPUFP500K_0128__00809	9e6y	42	STRICT_A	-74.98840000000001	108	0.47087233258796274	True	47	0	18	19	16	15	False	0.8947368421052632	0.2631578947368421	1039	272	56	92	138	0.13282001924927817	0.7247353224254091	True	False	True	True
38	P1MCPUFP__CPUFP500K_0128__00809	9e6y	917	STRICT_A	-71.49010999999999	108	0.5171926235986568	True	40	0	17	18	16	15	True	0.8888888888888888	0.3333333333333333	751	197	45	84	151	0.2010652463382157	0.6271637816245007	False	False	True	False
38	P1MCPUFP__CPUFP500K_0128__00809	9e6y	1931	STRICT_A	-69.0899	108	0.5399459159739577	True	51	0	19	20	16	15	False	0.9	0.3	1015	264	57	90	132	0.13004926108374384	0.7251231527093596	True	False	True	True
38	P1MCPUFP__CPUFP500K_0128__00809	9e6y	3047	STRICT_A	-68.64751999999999	108	0.5220737460563832	True	46	0	18	19	16	15	False	0.9473684210526315	0.3684210526315789	1051	290	50	91	131	0.12464319695528069	0.7411988582302569	True	False	True	True
39	P1MCPUFP__CPUFP500K_0130__00610	8x6b	42	STRICT_A	-70.99803	103	0.5609607422236054	True	47	0	21	22	17	15	True	0.8636363636363636	0.4090909090909091	767	196	60	101	152	0.1981747066492829	0.5919165580182529	True	False	True	False
39	P1MCPUFP__CPUFP500K_0130__00610	8x6b	917	STRICT_A	-48.09274999999999	103	0.49935518256413514	True	41	0	18	17	15	15	False	0.9411764705882353	0.35294117647058826	863	213	76	37	176	0.20393974507531865	0.6651216685979142	True	False	True	True
39	P1MCPUFP__CPUFP500K_0130__00610	8x6b	1931	STRICT_A	-69.76403000000002	103	0.47496788951643765	True	49	0	22	22	18	16	True	0.8636363636363636	0.36363636363636365	722	195	55	93	147	0.203601108033241	0.5914127423822715	True	False	True	False
39	P1MCPUFP__CPUFP500K_0130__00610	8x6b	3047	STRICT_A	-70.06780000000002	103	0.5487555654247211	True	41	0	21	22	16	15	True	0.8181818181818182	0.2727272727272727	764	197	55	90	163	0.21335078534031413	0.5968586387434555	True	False	True	False
39	P1MCPUFP__CPUFP500K_0130__00610	9e6y	42	STRICT_A	-93.26531	108	0.5870273988608604	True	54	0	22	23	18	17	True	0.9130434782608695	0.391304347826087	791	214	58	86	163	0.20606826801517067	0.6118836915297092	True	False	True	False
39	P1MCPUFP__CPUFP500K_0130__00610	9e6y	917	STRICT_A	-89.12989999999999	108	0.640394118786204	True	55	0	22	23	17	16	True	0.9130434782608695	0.391304347826087	775	197	62	91	149	0.19225806451612903	0.6103225806451613	True	False	True	False
39	P1MCPUFP__CPUFP500K_0130__00610	9e6y	1931	STRICT_A	-83.13481	108	0.5682633192934179	True	48	0	21	18	16	15	True	0.9444444444444444	0.4444444444444444	813	207	53	87	142	0.17466174661746617	0.6531365313653137	False	False	True	True
39	P1MCPUFP__CPUFP500K_0130__00610	9e6y	3047	STRICT_A	-53.29495	108	0.6318782184334948	True	38	0	17	18	15	15	True	1.0	0.4444444444444444	827	214	69	79	166	0.2007255139056832	0.6203143893591294	False	False	True	False
40	P1MCPUFP__CPUFP500K_0134__00713	8x6b	42	STRICT_A	-56.8581	103	0.4501770798500667	True	38	0	17	16	15	15	False	1.0	0.25	892	217	68	94	183	0.20515695067264575	0.6132286995515696	False	False	True	False
40	P1MCPUFP__CPUFP500K_0134__00713	8x6b	917	STRICT_A	-71.61415999999998	103	0.49231116274771136	True	47	0	20	20	16	15	True	0.9	0.2	790	203	60	84	165	0.2088607594936709	0.6088607594936709	False	False	True	False
40	P1MCPUFP__CPUFP500K_0134__00713	8x6b	1931	STRICT_A	-72.373	103	0.4823301352622155	True	56	0	20	24	16	16	False	0.875	0.20833333333333334	845	231	68	73	173	0.20473372781065088	0.6284023668639053	False	False	True	False
40	P1MCPUFP__CPUFP500K_0134__00713	8x6b	3047	STRICT_A	-67.4367	103	0.5017996594713224	True	49	0	17	20	15	15	False	0.9	0.25	859	236	68	76	183	0.21303841676367868	0.619324796274738	False	False	True	False
40	P1MCPUFP__CPUFP500K_0134__00713	9e6y	42	STRICT_A	-75.75299999999999	108	0.4781396732003803	True	51	0	19	20	16	16	False	0.85	0.2	955	231	70	82	193	0.20209424083769634	0.6387434554973822	False	False	True	True
40	P1MCPUFP__CPUFP500K_0134__00713	9e6y	917	STRICT_A	-66.5808	108	0.5174308301461903	True	56	0	20	22	16	16	False	0.9090909090909091	0.22727272727272727	920	223	67	82	192	0.20869565217391303	0.6293478260869565	True	False	True	True
40	P1MCPUFP__CPUFP500K_0134__00713	9e6y	1931	STRICT_A	-67.8657	108	0.5562958531199179	True	50	0	18	18	16	16	False	0.9444444444444444	0.2777777777777778	967	236	72	88	197	0.20372285418821096	0.6308169596690796	False	False	True	True
40	P1MCPUFP__CPUFP500K_0134__00713	9e6y	3047	STRICT_A	-68.253	108	0.43553917283431703	True	50	0	18	16	16	16	False	1.0	0.25	948	238	63	87	194	0.20464135021097046	0.6371308016877637	False	False	True	True
41	P1MCPUFP__CPUFP500K_0030__00860	8x6b	42	STRICT_A	-68.58391	103	0.5648065823291861	True	59	0	23	25	20	19	True	0.76	0.2	783	202	62	87	186	0.23754789272030652	0.5721583652618135	True	False	True	False
41	P1MCPUFP__CPUFP500K_0030__00860	8x6b	917	STRICT_A	-65.70431	103	0.5196849704590482	True	44	0	17	22	15	14	True	0.8636363636363636	0.36363636363636365	743	183	61	96	133	0.17900403768506057	0.6096904441453567	True	False	True	False
41	P1MCPUFP__CPUFP500K_0030__00860	8x6b	1931	STRICT_A	-64.34162	103	0.4621199778249775	True	41	0	15	22	15	14	True	0.8636363636363636	0.36363636363636365	758	181	61	97	138	0.1820580474934037	0.6094986807387863	True	False	True	False
41	P1MCPUFP__CPUFP500K_0030__00860	8x6b	3047	STRICT_A	-86.87406	103	0.5383046818776024	True	47	0	20	22	17	16	True	0.9090909090909091	0.4090909090909091	663	173	50	88	133	0.20060331825037708	0.5912518853695324	True	False	True	False
41	P1MCPUFP__CPUFP500K_0030__00860	9e6y	42	STRICT_A	-84.69611	108	0.5016492287063136	True	47	0	17	23	15	14	True	0.8260869565217391	0.34782608695652173	737	188	57	95	127	0.1723202170963365	0.621438263229308	True	False	True	False
41	P1MCPUFP__CPUFP500K_0030__00860	9e6y	917	STRICT_A	-77.11285000000001	108	0.4651230478798708	True	44	0	19	22	17	16	True	0.8636363636363636	0.36363636363636365	737	187	57	90	129	0.17503392130257803	0.6255088195386703	True	False	True	True
41	P1MCPUFP__CPUFP500K_0030__00860	9e6y	1931	STRICT_A	-71.450041	108	0.527527263364764	True	42	0	17	22	15	14	True	0.8636363636363636	0.36363636363636365	759	185	60	95	133	0.17523056653491437	0.6205533596837944	True	False	True	False
41	P1MCPUFP__CPUFP500K_0030__00860	9e6y	3047	STRICT_A	-87.65154	108	0.49239997026607185	True	48	0	19	23	16	15	True	0.8260869565217391	0.34782608695652173	715	184	57	91	133	0.18601398601398603	0.606993006993007	True	False	True	False
42	P1MCPUFP__CPUFP500K_0504__00926	8x6b	42	STRICT_A	-73.87426	103	0.5399553470913511	True	47	0	20	21	19	18	True	0.9047619047619048	0.5714285714285714	661	177	106	56	146	0.22087745839636913	0.5340393343419062	True	False	True	False
42	P1MCPUFP__CPUFP500K_0504__00926	8x6b	917	SUPPORTED_AB	-62.584799999999994	103	0.5367829291415771	True	42	0	19	20	16	15	True	0.9	0.65	434	112	75	17	92	0.2119815668202765	0.576036866359447	True	False	True	False
42	P1MCPUFP__CPUFP500K_0504__00926	8x6b	1931	STRICT_A	-83.85154	103	0.5718639967456836	True	51	0	20	25	19	18	True	0.92	0.52	656	160	105	49	140	0.21341463414634146	0.551829268292683	True	False	True	False
42	P1MCPUFP__CPUFP500K_0504__00926	8x6b	3047	STRICT_A	-65.50822	103	0.5183775579866701	True	43	0	20	19	19	18	True	0.8421052631578947	0.3684210526315789	892	224	105	58	190	0.21300448430493274	0.6042600896860987	True	False	True	True
42	P1MCPUFP__CPUFP500K_0504__00926	9e6y	42	STRICT_A	-58.05644	108	0.7952544240592615	True	50	0	20	24	19	18	True	0.9166666666666666	0.5416666666666666	709	174	110	50	146	0.2059238363892807	0.5684062059238364	True	False	True	False
42	P1MCPUFP__CPUFP500K_0504__00926	9e6y	917	STRICT_A	-42.72993999999999	108	0.551137553941599	True	35	0	16	18	16	15	True	0.9444444444444444	0.5555555555555556	688	184	111	59	154	0.2238372093023256	0.5290697674418605	True	False	True	False
42	P1MCPUFP__CPUFP500K_0504__00926	9e6y	1931	STRICT_A	-71.02768	108	0.6085984444800245	True	47	0	22	22	20	19	True	0.8636363636363636	0.5	640	145	106	40	125	0.1953125	0.5765625	True	False	True	False
42	P1MCPUFP__CPUFP500K_0504__00926	9e6y	3047	STRICT_A	-53.55264000000001	108	0.5624849962150448	True	43	0	17	21	17	16	True	0.9047619047619048	0.5714285714285714	620	169	118	51	134	0.2161290322580645	0.5112903225806451	True	False	True	False
43	P1MCPUFP__CPUFP500K_0206__00634	8x6b	42	STRICT_A	-81.03790000000001	103	0.5157034741157214	True	46	0	19	20	17	16	True	0.8	0.55	807	202	75	48	167	0.20693928128872366	0.6406443618339529	True	False	True	True
43	P1MCPUFP__CPUFP500K_0206__00634	8x6b	917	STRICT_A	-92.67706	103	0.5791334672053989	True	48	0	20	21	16	15	True	0.8095238095238095	0.5714285714285714	869	217	51	41	192	0.22094361334867663	0.6731875719217492	True	False	True	True
43	P1MCPUFP__CPUFP500K_0206__00634	8x6b	1931	STRICT_A	-85.1414	103	0.5575771327108117	True	48	0	20	21	16	15	True	0.8095238095238095	0.5714285714285714	852	214	56	44	180	0.2112676056338028	0.6713615023474179	True	False	True	True
43	P1MCPUFP__CPUFP500K_0206__00634	8x6b	3047	SUPPORTED_AB	-76.24925999999999	103	0.586609258403801	True	49	0	20	20	13	12	True	0.75	0.5	724	181	37	19	118	0.16298342541436464	0.7596685082872928	True	False	True	True
43	P1MCPUFP__CPUFP500K_0206__00634	9e6y	42	STRICT_A	-71.43480000000001	108	0.4923478287513701	True	47	0	18	18	15	14	True	0.8888888888888888	0.5555555555555556	822	212	38	39	202	0.24574209245742093	0.6605839416058394	True	False	True	True
43	P1MCPUFP__CPUFP500K_0206__00634	9e6y	917	STRICT_A	-100.04410000000001	108	0.5330517290265551	True	51	0	21	19	17	16	True	0.7894736842105263	0.5263157894736842	931	236	39	37	189	0.20300751879699247	0.715359828141783	True	False	True	True
43	P1MCPUFP__CPUFP500K_0206__00634	9e6y	1931	STRICT_A	-82.90620999999999	108	0.5683621930266738	True	40	0	20	18	18	17	True	0.7777777777777778	0.5	856	228	66	36	177	0.20677570093457945	0.6740654205607477	True	False	True	True
43	P1MCPUFP__CPUFP500K_0206__00634	9e6y	3047	STRICT_A	-70.6217	108	0.6104259826779216	True	37	0	20	15	19	18	True	0.8	0.6666666666666666	776	209	107	46	165	0.21262886597938144	0.5902061855670103	True	False	True	False
44	P1MCPUFP__CPUFP500K_0228__00457	8x6b	42	STRICT_A	-78.7396	103	0.4583528470009131	True	49	0	23	20	17	16	True	0.95	0.4	784	207	50	85	143	0.18239795918367346	0.6454081632653061	False	False	True	False
44	P1MCPUFP__CPUFP500K_0228__00457	8x6b	917	STRICT_A	-88.0668	103	0.5505717690067714	True	50	0	25	20	17	16	True	0.95	0.4	809	201	46	82	151	0.18665018541409148	0.6551297898640297	False	False	True	False
44	P1MCPUFP__CPUFP500K_0228__00457	8x6b	1931	SUPPORTED_AB	-93.34039999999999	103	0.5093083174676525	True	47	0	17	22	13	13	True	0.7727272727272727	0.18181818181818182	647	169	61	47	185	0.28593508500772796	0.5471406491499228	False	False	True	False
44	P1MCPUFP__CPUFP500K_0228__00457	8x6b	3047	STRICT_A	-83.5072	103	0.6213674969910246	True	44	0	23	18	16	15	True	0.9444444444444444	0.3888888888888889	785	198	47	87	153	0.19490445859872613	0.6343949044585987	False	False	True	False
44	P1MCPUFP__CPUFP500K_0228__00457	9e6y	42	STRICT_A	-67.79468	108	0.4950013192298092	True	43	0	20	19	17	16	True	0.8421052631578947	0.21052631578947367	788	199	59	71	180	0.22842639593908629	0.6065989847715736	False	False	True	False
44	P1MCPUFP__CPUFP500K_0228__00457	9e6y	917	STRICT_A	-85.7903	108	0.47425257198601406	True	45	0	17	19	14	14	True	0.8421052631578947	0.21052631578947367	703	170	69	54	192	0.27311522048364156	0.5519203413940256	False	False	True	False
44	P1MCPUFP__CPUFP500K_0228__00457	9e6y	1931	STRICT_A	-91.65669999999999	108	0.61890132868349	True	47	0	24	21	16	15	True	0.9523809523809523	0.38095238095238093	792	197	44	78	146	0.18434343434343434	0.6616161616161617	False	False	True	False
44	P1MCPUFP__CPUFP500K_0228__00457	9e6y	3047	STRICT_A	-88.111	108	0.542111296035377	True	49	0	23	19	17	16	True	0.9473684210526315	0.3157894736842105	807	198	47	86	137	0.1697645600991326	0.6654275092936803	False	False	True	False
45	P1MCPUFP__CPUFP500K_0504__00900	8x6b	42	STRICT_A	-60.533579999999986	103	0.46383990784958384	True	35	0	15	15	14	14	False	0.8666666666666667	0.4666666666666667	808	204	116	83	168	0.2079207920792079	0.5457920792079208	True	False	True	False
45	P1MCPUFP__CPUFP500K_0504__00900	8x6b	917	STRICT_A	-70.51517	103	0.5217451659985426	True	48	0	21	17	19	18	True	0.8823529411764706	0.5294117647058824	669	162	100	94	188	0.28101644245142005	0.4289985052316891	True	False	True	False
45	P1MCPUFP__CPUFP500K_0504__00900	8x6b	1931	STRICT_A	-69.7476	103	0.552156743598099	True	46	0	21	16	18	18	True	0.875	0.5625	668	171	99	98	187	0.27994011976047906	0.4251497005988024	True	False	True	False
45	P1MCPUFP__CPUFP500K_0504__00900	8x6b	3047	STRICT_A	-85.32628000000001	103	0.5401097046112283	True	45	0	20	17	18	18	True	0.8823529411764706	0.5294117647058824	699	165	102	97	189	0.2703862660944206	0.4449213161659514	True	False	True	False
45	P1MCPUFP__CPUFP500K_0504__00900	9e6y	42	STRICT_A	-43.60187	108	0.4893516472436292	True	44	0	20	16	19	18	True	0.875	0.5625	689	184	97	100	186	0.26995645863570394	0.444121915820029	True	False	True	False
45	P1MCPUFP__CPUFP500K_0504__00900	9e6y	917	STRICT_A	-78.017	108	0.5455993205991183	True	47	0	21	16	19	18	False	0.8125	0.4375	802	219	114	90	165	0.2057356608478803	0.5399002493765586	True	False	True	False
45	P1MCPUFP__CPUFP500K_0504__00900	9e6y	1931	SUPPORTED_AB	-46.22666000000001	108	0.53994294193501	True	41	0	17	17	13	11	True	1.0	0.4117647058823529	365	93	66	10	141	0.3863013698630137	0.4054794520547945	False	False	True	False
45	P1MCPUFP__CPUFP500K_0504__00900	9e6y	3047	STRICT_A	-52.41279999999999	108	0.47513570152154055	True	37	0	17	14	15	15	False	0.8571428571428571	0.42857142857142855	762	187	115	80	134	0.17585301837270342	0.568241469816273	True	False	True	False
46	P1MCPUFP__CPUFP500K_0034__00437	8x6b	42	STRICT_A	-84.54165	103	0.534308921795449	True	47	0	19	21	16	14	True	0.9047619047619048	0.38095238095238093	687	182	38	79	145	0.21106259097525473	0.61863173216885	False	False	True	False
46	P1MCPUFP__CPUFP500K_0034__00437	8x6b	917	STRICT_A	-77.08653	103	0.47919936858890466	True	48	0	21	21	17	15	True	0.9047619047619048	0.3333333333333333	723	193	41	82	145	0.20055325034578148	0.6293222683264177	False	False	True	False
46	P1MCPUFP__CPUFP500K_0034__00437	8x6b	1931	STRICT_A	-95.29799999999999	103	0.4666450838166351	True	52	0	22	20	15	14	True	0.95	0.35	762	185	47	75	144	0.1889763779527559	0.6509186351706037	False	False	True	False
46	P1MCPUFP__CPUFP500K_0034__00437	8x6b	3047	STRICT_A	-86.77009999999999	103	0.5186057325000069	True	56	0	22	22	17	15	True	0.9090909090909091	0.36363636363636365	706	182	39	77	152	0.21529745042492918	0.6203966005665722	False	False	True	False
46	P1MCPUFP__CPUFP500K_0034__00437	9e6y	42	STRICT_A	-78.26276	108	0.4781018494640723	True	49	0	21	19	16	15	True	0.8947368421052632	0.3157894736842105	754	190	48	87	144	0.1909814323607427	0.629973474801061	False	False	True	False
46	P1MCPUFP__CPUFP500K_0034__00437	9e6y	917	STRICT_A	-95.5798	108	0.628260185168023	True	55	0	23	21	18	16	True	0.9523809523809523	0.3333333333333333	769	191	44	85	143	0.1859557867360208	0.64629388816645	False	False	True	False
46	P1MCPUFP__CPUFP500K_0034__00437	9e6y	1931	STRICT_A	-100.90459999999999	108	0.5704593269252398	True	52	0	22	19	16	15	True	0.9473684210526315	0.3684210526315789	788	186	51	84	140	0.17766497461928935	0.6510152284263959	False	False	True	False
46	P1MCPUFP__CPUFP500K_0034__00437	9e6y	3047	STRICT_A	-84.0955	108	0.5804695144058578	True	48	0	21	18	16	15	True	1.0	0.3888888888888889	799	201	49	75	151	0.18898623279098872	0.655819774718398	False	False	True	True
47	P1MCPUFP__CPUFP500K_0091__00172	8x6b	42	STRICT_A	-75.82578999999998	103	0.5479454050314086	True	52	0	20	24	15	14	True	0.9583333333333334	0.5416666666666666	628	158	64	29	140	0.2229299363057325	0.6289808917197452	True	False	True	False
47	P1MCPUFP__CPUFP500K_0091__00172	8x6b	917	SUPPORTED_AB	-100.6239	103	0.5091875282293287	True	51	0	21	22	17	15	True	0.8181818181818182	0.45454545454545453	579	141	56	76	168	0.29015544041450775	0.48186528497409326	True	False	True	False
47	P1MCPUFP__CPUFP500K_0091__00172	8x6b	1931	STRICT_A	-85.4161	103	0.5734765722215235	True	56	0	26	23	20	19	True	0.9130434782608695	0.5217391304347826	799	193	64	54	182	0.22778473091364204	0.6245306633291614	True	False	True	True
47	P1MCPUFP__CPUFP500K_0091__00172	8x6b	3047	STRICT_A	-91.72140000000002	103	0.5200505381706426	True	51	0	22	23	19	18	True	0.782608695652174	0.391304347826087	713	170	54	80	196	0.27489481065918653	0.5371669004207573	True	False	True	False
47	P1MCPUFP__CPUFP500K_0091__00172	9e6y	42	STRICT_A	-91.90112	108	0.550487639055491	True	48	0	23	21	18	17	True	0.9523809523809523	0.47619047619047616	732	200	71	42	190	0.25956284153005466	0.5860655737704918	True	False	True	False
47	P1MCPUFP__CPUFP500K_0091__00172	9e6y	917	STRICT_A	-80.73140000000001	108	0.5509763765276987	True	60	0	27	22	20	19	True	0.9545454545454546	0.5	794	200	68	37	176	0.2216624685138539	0.646095717884131	True	False	True	True
47	P1MCPUFP__CPUFP500K_0091__00172	9e6y	1931	STRICT_A	-64.50509	108	0.6727341796120987	True	41	0	21	18	16	15	True	0.9444444444444444	0.5	690	183	70	32	170	0.2463768115942029	0.6057971014492753	True	False	True	True
47	P1MCPUFP__CPUFP500K_0091__00172	9e6y	3047	STRICT_A	-74.51076	108	0.5938869802491501	True	43	0	23	15	18	16	True	0.8666666666666667	0.4	657	157	92	76	140	0.213089802130898	0.5312024353120244	True	False	True	False
48	P1MCPUFP__CPUFP500K_0190__00879	8x6b	42	STRICT_A	-67.48835000000001	103	0.554671317462845	True	50	0	23	17	19	18	True	0.8823529411764706	0.7058823529411765	832	214	86	44	173	0.20793269230769232	0.6358173076923077	True	False	True	False
48	P1MCPUFP__CPUFP500K_0190__00879	8x6b	917	STRICT_A	-66.14973000000002	103	0.5409931924378732	True	43	0	19	15	16	16	True	0.8666666666666667	0.6	808	193	83	59	175	0.21658415841584158	0.6076732673267327	True	False	True	False
48	P1MCPUFP__CPUFP500K_0190__00879	8x6b	1931	STRICT_A	-58.05758	103	0.4491985574572831	True	40	0	20	18	19	18	True	0.8888888888888888	0.6111111111111112	824	226	79	41	189	0.22936893203883496	0.625	True	False	True	False
48	P1MCPUFP__CPUFP500K_0190__00879	8x6b	3047	STRICT_A	-70.03420000000001	103	0.4768316967684408	True	42	0	19	19	16	15	True	0.8947368421052632	0.42105263157894735	698	161	85	65	135	0.19340974212034384	0.5916905444126075	True	False	True	False
48	P1MCPUFP__CPUFP500K_0190__00879	9e6y	42	STRICT_A	-63.47252	108	0.46012479940792067	True	40	0	19	21	18	18	True	0.9047619047619048	0.6190476190476191	871	221	74	42	196	0.22502870264064295	0.6417910447761194	True	False	True	True
48	P1MCPUFP__CPUFP500K_0190__00879	9e6y	917	SUPPORTED_AB	-57.40388	108	0.5975835791534089	True	31	0	14	18	13	12	True	0.9444444444444444	0.5555555555555556	587	136	100	63	111	0.1890971039182283	0.5332197614991482	True	False	True	False
48	P1MCPUFP__CPUFP500K_0190__00879	9e6y	1931	STRICT_A	-54.94333	108	0.5387742062047005	True	41	0	18	20	16	15	True	0.9	0.5	675	159	89	66	117	0.17333333333333334	0.597037037037037	True	False	True	False
48	P1MCPUFP__CPUFP500K_0190__00879	9e6y	3047	STRICT_A	-67.91262900000001	108	0.5254818004987963	True	49	0	21	21	19	18	True	0.9523809523809523	0.6190476190476191	875	228	82	41	199	0.22742857142857142	0.632	True	False	True	True
49	P1MCPUFP__CPUFP500K_0091__00440	8x6b	42	STRICT_A	-50.03902000000001	103	0.5135347021495335	True	37	0	19	15	15	15	True	0.8666666666666667	0.6666666666666666	870	211	115	74	185	0.21264367816091953	0.5701149425287356	True	False	True	False
49	P1MCPUFP__CPUFP500K_0091__00440	8x6b	917	STRICT_A	-57.643180000000015	103	0.6329693413542209	True	57	0	22	22	21	20	True	0.9090909090909091	0.6363636363636364	825	210	86	51	171	0.20727272727272728	0.6266666666666667	True	False	True	True
49	P1MCPUFP__CPUFP500K_0091__00440	8x6b	1931	STRICT_A	-50.281993000000014	103	0.5056519055584694	True	43	0	19	18	16	15	False	0.9444444444444444	0.6666666666666666	836	213	87	69	183	0.21889952153110048	0.5944976076555024	True	False	True	True
49	P1MCPUFP__CPUFP500K_0091__00440	8x6b	3047	SUPPORTED_AB	-50.14286000000001	103	0.47576901874333416	True	29	0	14	16	14	12	True	0.75	0.1875	538	128	59	85	167	0.3104089219330855	0.42193308550185876	True	False	True	False
49	P1MCPUFP__CPUFP500K_0091__00440	9e6y	42	STRICT_A	-56.839355999999995	108	0.40447097981307234	True	43	0	19	17	16	15	False	0.8823529411764706	0.5294117647058824	967	252	85	65	196	0.20268872802481902	0.6421923474663909	True	False	True	True
49	P1MCPUFP__CPUFP500K_0091__00440	9e6y	917	STRICT_A	-39.58089300000002	108	0.5522717355458405	True	36	0	19	14	16	15	False	0.9285714285714286	0.6428571428571429	956	222	86	58	210	0.2196652719665272	0.6297071129707112	True	False	True	True
49	P1MCPUFP__CPUFP500K_0091__00440	9e6y	1931	STRICT_A	-50.52602999999999	108	0.5083301786576493	True	43	0	20	19	19	18	True	0.8947368421052632	0.6842105263157895	861	215	99	38	171	0.1986062717770035	0.6422764227642277	True	False	True	False
49	P1MCPUFP__CPUFP500K_0091__00440	9e6y	3047	STRICT_A	-56.1102	108	0.4977565051909091	True	45	0	21	19	19	18	True	0.9473684210526315	0.5789473684210527	836	217	92	46	182	0.21770334928229665	0.6172248803827751	True	False	True	True
50	P1MCPUFP__CPUFP500K_0133__00282	8x6b	42	STRICT_A	-54.17894	103	0.48068449506925576	True	32	0	15	13	15	15	True	0.9230769230769231	0.6153846153846154	920	235	73	82	171	0.1858695652173913	0.6456521739130435	True	False	True	False
50	P1MCPUFP__CPUFP500K_0133__00282	8x6b	917	STRICT_A	-67.22498000000002	103	0.49749688845934975	True	49	0	19	21	15	14	True	0.9523809523809523	0.42857142857142855	792	209	60	84	140	0.17676767676767677	0.6414141414141414	False	False	True	False
50	P1MCPUFP__CPUFP500K_0133__00282	8x6b	1931	STRICT_A	-72.4439	103	0.5371317557956045	True	46	0	18	19	18	18	True	0.9473684210526315	0.42105263157894735	792	199	83	44	157	0.19823232323232323	0.6414141414141414	True	False	True	False
50	P1MCPUFP__CPUFP500K_0133__00282	8x6b	3047	STRICT_A	-74.3828	103	0.5519320202684894	True	47	0	18	19	16	16	True	0.9473684210526315	0.42105263157894735	795	199	81	27	168	0.21132075471698114	0.6528301886792452	True	False	True	False
50	P1MCPUFP__CPUFP500K_0133__00282	9e6y	42	SUPPORTED_AB	-60.907799999999995	108	0.538571713895748	True	46	0	20	18	18	17	False	0.9444444444444444	0.5555555555555556	716	184	98	35	138	0.19273743016759776	0.6215083798882681	True	False	True	False
50	P1MCPUFP__CPUFP500K_0133__00282	9e6y	917	STRICT_A	-57.86078999999999	108	0.568798427903079	True	41	0	18	19	17	17	True	0.9473684210526315	0.42105263157894735	789	197	94	47	155	0.1964512040557668	0.6248415716096325	True	False	True	False
50	P1MCPUFP__CPUFP500K_0133__00282	9e6y	1931	STRICT_A	-63.2072	108	0.6284803716058239	True	44	0	19	18	19	18	True	0.9444444444444444	0.4444444444444444	817	210	93	38	167	0.204406364749082	0.6352509179926561	True	False	True	False
50	P1MCPUFP__CPUFP500K_0133__00282	9e6y	3047	STRICT_A	-62.04048	108	0.6431743437312948	True	45	0	18	17	16	16	False	0.8823529411764706	0.35294117647058826	882	202	93	43	170	0.1927437641723356	0.6530612244897959	True	False	True	False
