competition_submission_priority	portfolio_status	candidate_id	mechanism_rank	previous_top10_rank	parent_id	cdr3_diversity_cluster	manufacturability_proxy_tier	prior_proxy_risk_reasons	tnp_PSH	tnp_PPC	tnp_PNC	glycan_accessibility_status	membrane_orientation_status	affinity_consensus_rank	affinity_consensus_status	unconstrained_independent_complex_decision	selection_reason	required_pre_submission_check	claim_boundary
1	PROVISIONAL_TOP10	P1MCPUFP__CPUFP500K_0188__00519	2		case02_pos_10_151H7	CDR3CL_0002	D1_LOWER_RISK_PROXY		green	green	green	POTENTIAL_GLYCAN_ANCHOR_NEARBY_10_TO_20A	NOT_RESOLVED_ISOLATED_DOMAIN_PVRIG_41_TO_152		NOT_ASSIGNED_NO_CALIBRATED_CROSS_CANDIDATE_METHOD	NO_EXPANSION_UNCALIBRATED_CONTROL_SEPARATION	D1 core; mechanism rank 2.	Re-run official validator/CDR novelty/hash on the exact exported sequence file; do not submit this table as experimental evidence.	Portfolio priority optimizes experimental-slot risk allocation; it is not a predicted BLI, Yield, purity, Kd, IC50, or experimental blocker score.
2	PROVISIONAL_TOP10	P1MCPUFP__CPUFP500K_0100__00188	6		case02_pos_01_PVRIG-151_HR151	CDR3CL_0029	D1_LOWER_RISK_PROXY		green	green	green	POTENTIAL_GLYCAN_ANCHOR_NEARBY_10_TO_20A	NOT_RESOLVED_ISOLATED_DOMAIN_PVRIG_41_TO_152		NOT_ASSIGNED_NO_CALIBRATED_CROSS_CANDIDATE_METHOD	NO_EXPANSION_UNCALIBRATED_CONTROL_SEPARATION	D1 core; independent HR-151-derived CDR3 cluster.	Re-run official validator/CDR novelty/hash on the exact exported sequence file; do not submit this table as experimental evidence.	Portfolio priority optimizes experimental-slot risk allocation; it is not a predicted BLI, Yield, purity, Kd, IC50, or experimental blocker score.
3	PROVISIONAL_TOP10	P1MCPUFP__CPUFP500K_0002__00919	7		case02_pos_01_PVRIG-151_HR151	CDR3CL_0001	D1_LOWER_RISK_PROXY		green	green	green	POTENTIAL_GLYCAN_ANCHOR_NEARBY_10_TO_20A	NOT_RESOLVED_ISOLATED_DOMAIN_PVRIG_41_TO_152		NOT_ASSIGNED_NO_CALIBRATED_CROSS_CANDIDATE_METHOD	NO_EXPANSION_UNCALIBRATED_CONTROL_SEPARATION	D1 core; distinct HR-151-derived CDR3 cluster.	Re-run official validator/CDR novelty/hash on the exact exported sequence file; do not submit this table as experimental evidence.	Portfolio priority optimizes experimental-slot risk allocation; it is not a predicted BLI, Yield, purity, Kd, IC50, or experimental blocker score.
4	PROVISIONAL_TOP10	P1MCPUFP__CPUFP500K_0288__00659	1		case02_pos_10_151H7	CDR3CL_0088	D2_REVIEW	conservative_developability_gate_fail;single_domain_suitability_borderline;expression_proxy_lt80	green	green	green	POTENTIAL_GLYCAN_ANCHOR_NEARBY_10_TO_20A	NOT_RESOLVED_ISOLATED_DOMAIN_PVRIG_41_TO_152		NOT_ASSIGNED_NO_CALIBRATED_CROSS_CANDIDATE_METHOD	NO_EXPANSION_UNCALIBRATED_CONTROL_SEPARATION	Mechanism-leading D2; held below D1 cores for manufacturing review.	Re-run official validator/CDR novelty/hash on the exact exported sequence file; do not submit this table as experimental evidence.	Portfolio priority optimizes experimental-slot risk allocation; it is not a predicted BLI, Yield, purity, Kd, IC50, or experimental blocker score.
5	PROVISIONAL_TOP10	P1MCPUFP__CPUFP500K_0100__00092	3		case02_pos_01_PVRIG-151_HR151	CDR3CL_0005	D2_REVIEW	purity_proxy_lt90	amber	green	green	POTENTIAL_GLYCAN_ANCHOR_NEARBY_10_TO_20A	NOT_RESOLVED_ISOLATED_DOMAIN_PVRIG_41_TO_152		NOT_ASSIGNED_NO_CALIBRATED_CROSS_CANDIDATE_METHOD	NO_EXPANSION_UNCALIBRATED_CONTROL_SEPARATION	Mechanism-leading D2; HR-151-derived portfolio coverage.	Re-run official validator/CDR novelty/hash on the exact exported sequence file; do not submit this table as experimental evidence.	Portfolio priority optimizes experimental-slot risk allocation; it is not a predicted BLI, Yield, purity, Kd, IC50, or experimental blocker score.
6	PROVISIONAL_TOP10	P1MCPUFP__CPUFP500K_0090__00532	4		case02_pos_10_151H7	CDR3CL_0001	D2_REVIEW	expression_proxy_lt80	green	green	green	POTENTIAL_GLYCAN_ANCHOR_NEARBY_10_TO_20A	NOT_RESOLVED_ISOLATED_DOMAIN_PVRIG_41_TO_152		NOT_ASSIGNED_NO_CALIBRATED_CROSS_CANDIDATE_METHOD	NO_EXPANSION_UNCALIBRATED_CONTROL_SEPARATION	Mechanism-leading D2; distinct CDR3 cluster.	Re-run official validator/CDR novelty/hash on the exact exported sequence file; do not submit this table as experimental evidence.	Portfolio priority optimizes experimental-slot risk allocation; it is not a predicted BLI, Yield, purity, Kd, IC50, or experimental blocker score.
7	PROVISIONAL_TOP10	P1MCPUFP__CPUFP500K_0188__00282	5		case02_pos_10_151H7	CDR3CL_0002	D2_REVIEW	conservative_developability_gate_fail;single_domain_suitability_borderline;expression_proxy_lt80	green	green	green	POTENTIAL_GLYCAN_ANCHOR_NEARBY_10_TO_20A	NOT_RESOLVED_ISOLATED_DOMAIN_PVRIG_41_TO_152		NOT_ASSIGNED_NO_CALIBRATED_CROSS_CANDIDATE_METHOD	NO_EXPANSION_UNCALIBRATED_CONTROL_SEPARATION	Mechanism-leading D2; secondary mechanism backup.	Re-run official validator/CDR novelty/hash on the exact exported sequence file; do not submit this table as experimental evidence.	Portfolio priority optimizes experimental-slot risk allocation; it is not a predicted BLI, Yield, purity, Kd, IC50, or experimental blocker score.
8	PROVISIONAL_TOP10	P1MCPUFP__CPUFP500K_0032__00118	28		case02_pos_04_PVRIG-38	CDR3CL_0003	D1_LOWER_RISK_PROXY		green	green	green	POTENTIAL_GLYCAN_ANCHOR_NEARBY_10_TO_20A	NOT_RESOLVED_ISOLATED_DOMAIN_PVRIG_41_TO_152		NOT_ASSIGNED_NO_CALIBRATED_CROSS_CANDIDATE_METHOD	NO_EXPANSION_UNCALIBRATED_CONTROL_SEPARATION	D1 PVRIG-38 parent diversity anchor.	Re-run official validator/CDR novelty/hash on the exact exported sequence file; do not submit this table as experimental evidence.	Portfolio priority optimizes experimental-slot risk allocation; it is not a predicted BLI, Yield, purity, Kd, IC50, or experimental blocker score.
9	PROVISIONAL_TOP10	P1MCPUFP__CPUFP500K_0029__00647	35		case02_pos_04_PVRIG-38	CDR3CL_0006	D1_LOWER_RISK_PROXY		green	green	green	POTENTIAL_GLYCAN_ANCHOR_NEARBY_10_TO_20A	NOT_RESOLVED_ISOLATED_DOMAIN_PVRIG_41_TO_152		NOT_ASSIGNED_NO_CALIBRATED_CROSS_CANDIDATE_METHOD	NO_EXPANSION_UNCALIBRATED_CONTROL_SEPARATION	D1 PVRIG-38 second CDR3 cluster; parent/CDR3 diversity backup.	Re-run official validator/CDR novelty/hash on the exact exported sequence file; do not submit this table as experimental evidence.	Portfolio priority optimizes experimental-slot risk allocation; it is not a predicted BLI, Yield, purity, Kd, IC50, or experimental blocker score.
10	PROVISIONAL_TOP10	P1MCPUFP__CPUFP500K_0091__00550	21		case02_pos_11_151H8	CDR3CL_0007	D3_HIGH_REVIEW	single_domain_suitability_poor	amber	red	green	POTENTIAL_GLYCAN_ANCHOR_NEARBY_10_TO_20A	NOT_RESOLVED_ISOLATED_DOMAIN_PVRIG_41_TO_152		NOT_ASSIGNED_NO_CALIBRATED_CROSS_CANDIDATE_METHOD	NO_EXPANSION_UNCALIBRATED_CONTROL_SEPARATION	Only D3 high-risk 151H8-format sentry; not a primary manufacturing bet.	Re-run official validator/CDR novelty/hash on the exact exported sequence file; do not submit this table as experimental evidence.	Portfolio priority optimizes experimental-slot risk allocation; it is not a predicted BLI, Yield, purity, Kd, IC50, or experimental blocker score.
11	FINAL50_RESERVE	P1MCPUFP__CPUFP500K_0089__00735	9		case02_pos_10_151H7	CDR3CL_0002	D1_LOWER_RISK_PROXY		green	green	green	POTENTIAL_GLYCAN_ANCHOR_NEARBY_10_TO_20A	NOT_RESOLVED_ISOLATED_DOMAIN_PVRIG_41_TO_152		NOT_ASSIGNED_NO_CALIBRATED_CROSS_CANDIDATE_METHOD	NO_EXPANSION_UNCALIBRATED_CONTROL_SEPARATION	Reserve ordered by D tier then frozen mechanism rank; no new mechanism score applied.	Re-run official validator/CDR novelty/hash on the exact exported sequence file; do not submit this table as experimental evidence.	Portfolio priority optimizes experimental-slot risk allocation; it is not a predicted BLI, Yield, purity, Kd, IC50, or experimental blocker score.
12	FINAL50_RESERVE	P1MCPUFP__CPUFP500K_0299__00453	10		case02_pos_01_PVRIG-151_HR151	CDR3CL_0001	D1_LOWER_RISK_PROXY		green	green	green	POTENTIAL_GLYCAN_ANCHOR_NEARBY_10_TO_20A	NOT_RESOLVED_ISOLATED_DOMAIN_PVRIG_41_TO_152		NOT_ASSIGNED_NO_CALIBRATED_CROSS_CANDIDATE_METHOD	NO_EXPANSION_UNCALIBRATED_CONTROL_SEPARATION	Reserve ordered by D tier then frozen mechanism rank; no new mechanism score applied.	Re-run official validator/CDR novelty/hash on the exact exported sequence file; do not submit this table as experimental evidence.	Portfolio priority optimizes experimental-slot risk allocation; it is not a predicted BLI, Yield, purity, Kd, IC50, or experimental blocker score.
13	FINAL50_RESERVE	P1MCPUFP__CPUFP500K_0299__00780	11		case02_pos_01_PVRIG-151_HR151	CDR3CL_0001	D1_LOWER_RISK_PROXY		green	green	green	POTENTIAL_GLYCAN_ANCHOR_NEARBY_10_TO_20A	NOT_RESOLVED_ISOLATED_DOMAIN_PVRIG_41_TO_152		NOT_ASSIGNED_NO_CALIBRATED_CROSS_CANDIDATE_METHOD	NO_EXPANSION_UNCALIBRATED_CONTROL_SEPARATION	Reserve ordered by D tier then frozen mechanism rank; no new mechanism score applied.	Re-run official validator/CDR novelty/hash on the exact exported sequence file; do not submit this table as experimental evidence.	Portfolio priority optimizes experimental-slot risk allocation; it is not a predicted BLI, Yield, purity, Kd, IC50, or experimental blocker score.
14	FINAL50_RESERVE	P1MCPUFP__CPUFP500K_0189__00858	12		case02_pos_10_151H7	CDR3CL_0001	D1_LOWER_RISK_PROXY		green	green	green	POTENTIAL_GLYCAN_ANCHOR_NEARBY_10_TO_20A	NOT_RESOLVED_ISOLATED_DOMAIN_PVRIG_41_TO_152		NOT_ASSIGNED_NO_CALIBRATED_CROSS_CANDIDATE_METHOD	NO_EXPANSION_UNCALIBRATED_CONTROL_SEPARATION	Reserve ordered by D tier then frozen mechanism rank; no new mechanism score applied.	Re-run official validator/CDR novelty/hash on the exact exported sequence file; do not submit this table as experimental evidence.	Portfolio priority optimizes experimental-slot risk allocation; it is not a predicted BLI, Yield, purity, Kd, IC50, or experimental blocker score.
15	FINAL50_RESERVE	P1MCPUFP__CPUFP500K_0188__00549	15		case02_pos_10_151H7	CDR3CL_0002	D1_LOWER_RISK_PROXY		green	green	green	POTENTIAL_GLYCAN_ANCHOR_NEARBY_10_TO_20A	NOT_RESOLVED_ISOLATED_DOMAIN_PVRIG_41_TO_152		NOT_ASSIGNED_NO_CALIBRATED_CROSS_CANDIDATE_METHOD	NO_EXPANSION_UNCALIBRATED_CONTROL_SEPARATION	Reserve ordered by D tier then frozen mechanism rank; no new mechanism score applied.	Re-run official validator/CDR novelty/hash on the exact exported sequence file; do not submit this table as experimental evidence.	Portfolio priority optimizes experimental-slot risk allocation; it is not a predicted BLI, Yield, purity, Kd, IC50, or experimental blocker score.
16	FINAL50_RESERVE	P1MCPUFP__CPUFP500K_0100__00383	16		case02_pos_01_PVRIG-151_HR151	CDR3CL_0005	D1_LOWER_RISK_PROXY		green	green	green	POTENTIAL_GLYCAN_ANCHOR_NEARBY_10_TO_20A	NOT_RESOLVED_ISOLATED_DOMAIN_PVRIG_41_TO_152		NOT_ASSIGNED_NO_CALIBRATED_CROSS_CANDIDATE_METHOD	NO_EXPANSION_UNCALIBRATED_CONTROL_SEPARATION	Reserve ordered by D tier then frozen mechanism rank; no new mechanism score applied.	Re-run official validator/CDR novelty/hash on the exact exported sequence file; do not submit this table as experimental evidence.	Portfolio priority optimizes experimental-slot risk allocation; it is not a predicted BLI, Yield, purity, Kd, IC50, or experimental blocker score.
17	FINAL50_RESERVE	P1MCPUFP__CPUFP500K_0405__00049	24		case02_pos_01_PVRIG-151_HR151	CDR3CL_0001	D1_LOWER_RISK_PROXY		green	green	green	POTENTIAL_GLYCAN_ANCHOR_NEARBY_10_TO_20A	NOT_RESOLVED_ISOLATED_DOMAIN_PVRIG_41_TO_152		NOT_ASSIGNED_NO_CALIBRATED_CROSS_CANDIDATE_METHOD	NO_EXPANSION_UNCALIBRATED_CONTROL_SEPARATION	Reserve ordered by D tier then frozen mechanism rank; no new mechanism score applied.	Re-run official validator/CDR novelty/hash on the exact exported sequence file; do not submit this table as experimental evidence.	Portfolio priority optimizes experimental-slot risk allocation; it is not a predicted BLI, Yield, purity, Kd, IC50, or experimental blocker score.
18	FINAL50_RESERVE	P1MCPUFP__CPUFP500K_0134__00289	37		case02_pos_04_PVRIG-38	CDR3CL_0052	D1_LOWER_RISK_PROXY		green	green	green	POTENTIAL_GLYCAN_ANCHOR_NEARBY_10_TO_20A	NOT_RESOLVED_ISOLATED_DOMAIN_PVRIG_41_TO_152		NOT_ASSIGNED_NO_CALIBRATED_CROSS_CANDIDATE_METHOD	NO_EXPANSION_UNCALIBRATED_CONTROL_SEPARATION	Reserve ordered by D tier then frozen mechanism rank; no new mechanism score applied.	Re-run official validator/CDR novelty/hash on the exact exported sequence file; do not submit this table as experimental evidence.	Portfolio priority optimizes experimental-slot risk allocation; it is not a predicted BLI, Yield, purity, Kd, IC50, or experimental blocker score.
19	FINAL50_RESERVE	P1MCPUFP__CPUFP500K_0130__00610	39		case02_pos_04_PVRIG-38	CDR3CL_0048	D1_LOWER_RISK_PROXY		green	green	green	POTENTIAL_GLYCAN_ANCHOR_NEARBY_10_TO_20A	NOT_RESOLVED_ISOLATED_DOMAIN_PVRIG_41_TO_152		NOT_ASSIGNED_NO_CALIBRATED_CROSS_CANDIDATE_METHOD	NO_EXPANSION_UNCALIBRATED_CONTROL_SEPARATION	Reserve ordered by D tier then frozen mechanism rank; no new mechanism score applied.	Re-run official validator/CDR novelty/hash on the exact exported sequence file; do not submit this table as experimental evidence.	Portfolio priority optimizes experimental-slot risk allocation; it is not a predicted BLI, Yield, purity, Kd, IC50, or experimental blocker score.
20	FINAL50_RESERVE	P1MCPUFP__CPUFP500K_0134__00713	40		case02_pos_04_PVRIG-38	CDR3CL_0053	D1_LOWER_RISK_PROXY		green	green	green	POTENTIAL_GLYCAN_ANCHOR_NEARBY_10_TO_20A	NOT_RESOLVED_ISOLATED_DOMAIN_PVRIG_41_TO_152		NOT_ASSIGNED_NO_CALIBRATED_CROSS_CANDIDATE_METHOD	NO_EXPANSION_UNCALIBRATED_CONTROL_SEPARATION	Reserve ordered by D tier then frozen mechanism rank; no new mechanism score applied.	Re-run official validator/CDR novelty/hash on the exact exported sequence file; do not submit this table as experimental evidence.	Portfolio priority optimizes experimental-slot risk allocation; it is not a predicted BLI, Yield, purity, Kd, IC50, or experimental blocker score.
21	FINAL50_RESERVE	P1MCPUFP__CPUFP500K_0030__00860	41		case02_pos_04_PVRIG-38	CDR3CL_0004	D1_LOWER_RISK_PROXY		green	green	green	POTENTIAL_GLYCAN_ANCHOR_NEARBY_10_TO_20A	NOT_RESOLVED_ISOLATED_DOMAIN_PVRIG_41_TO_152		NOT_ASSIGNED_NO_CALIBRATED_CROSS_CANDIDATE_METHOD	NO_EXPANSION_UNCALIBRATED_CONTROL_SEPARATION	Reserve ordered by D tier then frozen mechanism rank; no new mechanism score applied.	Re-run official validator/CDR novelty/hash on the exact exported sequence file; do not submit this table as experimental evidence.	Portfolio priority optimizes experimental-slot risk allocation; it is not a predicted BLI, Yield, purity, Kd, IC50, or experimental blocker score.
22	FINAL50_RESERVE	P1MCPUFP__CPUFP500K_0228__00457	44		case02_pos_04_PVRIG-38	CDR3CL_0004	D1_LOWER_RISK_PROXY		green	green	green	POTENTIAL_GLYCAN_ANCHOR_NEARBY_10_TO_20A	NOT_RESOLVED_ISOLATED_DOMAIN_PVRIG_41_TO_152		NOT_ASSIGNED_NO_CALIBRATED_CROSS_CANDIDATE_METHOD	NO_EXPANSION_UNCALIBRATED_CONTROL_SEPARATION	Reserve ordered by D tier then frozen mechanism rank; no new mechanism score applied.	Re-run official validator/CDR novelty/hash on the exact exported sequence file; do not submit this table as experimental evidence.	Portfolio priority optimizes experimental-slot risk allocation; it is not a predicted BLI, Yield, purity, Kd, IC50, or experimental blocker score.
23	FINAL50_RESERVE	P1MCPUFP__CPUFP500K_0034__00437	46		case02_pos_04_PVRIG-38	CDR3CL_0008	D1_LOWER_RISK_PROXY		green	green	green	POTENTIAL_GLYCAN_ANCHOR_NEARBY_10_TO_20A	NOT_RESOLVED_ISOLATED_DOMAIN_PVRIG_41_TO_152		NOT_ASSIGNED_NO_CALIBRATED_CROSS_CANDIDATE_METHOD	NO_EXPANSION_UNCALIBRATED_CONTROL_SEPARATION	Reserve ordered by D tier then frozen mechanism rank; no new mechanism score applied.	Re-run official validator/CDR novelty/hash on the exact exported sequence file; do not submit this table as experimental evidence.	Portfolio priority optimizes experimental-slot risk allocation; it is not a predicted BLI, Yield, purity, Kd, IC50, or experimental blocker score.
24	FINAL50_RESERVE	P1MCPUFP__CPUFP500K_0133__00282	50		case02_pos_04_PVRIG-38	CDR3CL_0008	D1_LOWER_RISK_PROXY		green	green	green	POTENTIAL_GLYCAN_ANCHOR_NEARBY_10_TO_20A	NOT_RESOLVED_ISOLATED_DOMAIN_PVRIG_41_TO_152		NOT_ASSIGNED_NO_CALIBRATED_CROSS_CANDIDATE_METHOD	NO_EXPANSION_UNCALIBRATED_CONTROL_SEPARATION	Reserve ordered by D tier then frozen mechanism rank; no new mechanism score applied.	Re-run official validator/CDR novelty/hash on the exact exported sequence file; do not submit this table as experimental evidence.	Portfolio priority optimizes experimental-slot risk allocation; it is not a predicted BLI, Yield, purity, Kd, IC50, or experimental blocker score.
25	FINAL50_RESERVE	P1MCPUFP__CPUFP500K_0287__00804	8		case02_pos_10_151H7	CDR3CL_0002	D2_REVIEW	conservative_developability_gate_fail;single_domain_suitability_borderline;expression_proxy_lt80	amber	green	green	POTENTIAL_GLYCAN_ANCHOR_NEARBY_10_TO_20A	NOT_RESOLVED_ISOLATED_DOMAIN_PVRIG_41_TO_152		NOT_ASSIGNED_NO_CALIBRATED_CROSS_CANDIDATE_METHOD	NO_EXPANSION_UNCALIBRATED_CONTROL_SEPARATION	Reserve ordered by D tier then frozen mechanism rank; no new mechanism score applied.	Re-run official validator/CDR novelty/hash on the exact exported sequence file; do not submit this table as experimental evidence.	Portfolio priority optimizes experimental-slot risk allocation; it is not a predicted BLI, Yield, purity, Kd, IC50, or experimental blocker score.
26	FINAL50_RESERVE	P1MCPUFP__CPUFP500K_0380__00771	13		case02_pos_10_151H7	CDR3CL_0001	D2_REVIEW	purity_proxy_lt90	green	green	green	POTENTIAL_GLYCAN_ANCHOR_NEARBY_10_TO_20A	NOT_RESOLVED_ISOLATED_DOMAIN_PVRIG_41_TO_152		NOT_ASSIGNED_NO_CALIBRATED_CROSS_CANDIDATE_METHOD	NO_EXPANSION_UNCALIBRATED_CONTROL_SEPARATION	Reserve ordered by D tier then frozen mechanism rank; no new mechanism score applied.	Re-run official validator/CDR novelty/hash on the exact exported sequence file; do not submit this table as experimental evidence.	Portfolio priority optimizes experimental-slot risk allocation; it is not a predicted BLI, Yield, purity, Kd, IC50, or experimental blocker score.
27	FINAL50_RESERVE	P1MCPUFP__CPUFP500K_0404__00029	14		case02_pos_01_PVRIG-151_HR151	CDR3CL_0108	D2_REVIEW	conservative_developability_gate_fail	green	green	green	POTENTIAL_GLYCAN_ANCHOR_NEARBY_10_TO_20A	NOT_RESOLVED_ISOLATED_DOMAIN_PVRIG_41_TO_152		NOT_ASSIGNED_NO_CALIBRATED_CROSS_CANDIDATE_METHOD	NO_EXPANSION_UNCALIBRATED_CONTROL_SEPARATION	Reserve ordered by D tier then frozen mechanism rank; no new mechanism score applied.	Re-run official validator/CDR novelty/hash on the exact exported sequence file; do not submit this table as experimental evidence.	Portfolio priority optimizes experimental-slot risk allocation; it is not a predicted BLI, Yield, purity, Kd, IC50, or experimental blocker score.
28	FINAL50_RESERVE	P1MCPUFP__CPUFP500K_0399__00131	17		case02_pos_01_PVRIG-151_HR151	CDR3CL_0107	D2_REVIEW	conservative_developability_gate_fail	green	green	green	POTENTIAL_GLYCAN_ANCHOR_NEARBY_10_TO_20A	NOT_RESOLVED_ISOLATED_DOMAIN_PVRIG_41_TO_152		NOT_ASSIGNED_NO_CALIBRATED_CROSS_CANDIDATE_METHOD	NO_EXPANSION_UNCALIBRATED_CONTROL_SEPARATION	Reserve ordered by D tier then frozen mechanism rank; no new mechanism score applied.	Re-run official validator/CDR novelty/hash on the exact exported sequence file; do not submit this table as experimental evidence.	Portfolio priority optimizes experimental-slot risk allocation; it is not a predicted BLI, Yield, purity, Kd, IC50, or experimental blocker score.
29	FINAL50_RESERVE	P1MCPUFP__CPUFP500K_0188__00481	18		case02_pos_10_151H7	CDR3CL_0002	D2_REVIEW	conservative_developability_gate_fail;single_domain_suitability_borderline;expression_proxy_lt80	amber	red	green	POTENTIAL_GLYCAN_ANCHOR_NEARBY_10_TO_20A	NOT_RESOLVED_ISOLATED_DOMAIN_PVRIG_41_TO_152		NOT_ASSIGNED_NO_CALIBRATED_CROSS_CANDIDATE_METHOD	NO_EXPANSION_UNCALIBRATED_CONTROL_SEPARATION	Reserve ordered by D tier then frozen mechanism rank; no new mechanism score applied.	Re-run official validator/CDR novelty/hash on the exact exported sequence file; do not submit this table as experimental evidence.	Portfolio priority optimizes experimental-slot risk allocation; it is not a predicted BLI, Yield, purity, Kd, IC50, or experimental blocker score.
30	FINAL50_RESERVE	P1MCPUFP__CPUFP500K_0404__00512	19		case02_pos_01_PVRIG-151_HR151	CDR3CL_0001	D2_REVIEW	expression_proxy_lt80	green	green	green	POTENTIAL_GLYCAN_ANCHOR_NEARBY_10_TO_20A	NOT_RESOLVED_ISOLATED_DOMAIN_PVRIG_41_TO_152		NOT_ASSIGNED_NO_CALIBRATED_CROSS_CANDIDATE_METHOD	NO_EXPANSION_UNCALIBRATED_CONTROL_SEPARATION	Reserve ordered by D tier then frozen mechanism rank; no new mechanism score applied.	Re-run official validator/CDR novelty/hash on the exact exported sequence file; do not submit this table as experimental evidence.	Portfolio priority optimizes experimental-slot risk allocation; it is not a predicted BLI, Yield, purity, Kd, IC50, or experimental blocker score.
31	FINAL50_RESERVE	P1MCPUFP__CPUFP500K_0188__00189	22		case02_pos_10_151H7	CDR3CL_0002	D2_REVIEW	expression_proxy_lt80	green	green	green	POTENTIAL_GLYCAN_ANCHOR_NEARBY_10_TO_20A	NOT_RESOLVED_ISOLATED_DOMAIN_PVRIG_41_TO_152		NOT_ASSIGNED_NO_CALIBRATED_CROSS_CANDIDATE_METHOD	NO_EXPANSION_UNCALIBRATED_CONTROL_SEPARATION	Reserve ordered by D tier then frozen mechanism rank; no new mechanism score applied.	Re-run official validator/CDR novelty/hash on the exact exported sequence file; do not submit this table as experimental evidence.	Portfolio priority optimizes experimental-slot risk allocation; it is not a predicted BLI, Yield, purity, Kd, IC50, or experimental blocker score.
32	FINAL50_RESERVE	P1MCPUFP__CPUFP500K_0207__00174	23		case02_pos_01_PVRIG-151_HR151	CDR3CL_0001	D2_REVIEW	expression_proxy_lt80	green	green	green	POTENTIAL_GLYCAN_ANCHOR_NEARBY_10_TO_20A	NOT_RESOLVED_ISOLATED_DOMAIN_PVRIG_41_TO_152		NOT_ASSIGNED_NO_CALIBRATED_CROSS_CANDIDATE_METHOD	NO_EXPANSION_UNCALIBRATED_CONTROL_SEPARATION	Reserve ordered by D tier then frozen mechanism rank; no new mechanism score applied.	Re-run official validator/CDR novelty/hash on the exact exported sequence file; do not submit this table as experimental evidence.	Portfolio priority optimizes experimental-slot risk allocation; it is not a predicted BLI, Yield, purity, Kd, IC50, or experimental blocker score.
33	FINAL50_RESERVE	P1MCPUFP__CPUFP500K_0108__00054	25		case02_pos_01_PVRIG-151_HR151	CDR3CL_0001	D2_REVIEW	expression_proxy_lt80	green	green	green	POTENTIAL_GLYCAN_ANCHOR_NEARBY_10_TO_20A	NOT_RESOLVED_ISOLATED_DOMAIN_PVRIG_41_TO_152		NOT_ASSIGNED_NO_CALIBRATED_CROSS_CANDIDATE_METHOD	NO_EXPANSION_UNCALIBRATED_CONTROL_SEPARATION	Reserve ordered by D tier then frozen mechanism rank; no new mechanism score applied.	Re-run official validator/CDR novelty/hash on the exact exported sequence file; do not submit this table as experimental evidence.	Portfolio priority optimizes experimental-slot risk allocation; it is not a predicted BLI, Yield, purity, Kd, IC50, or experimental blocker score.
34	FINAL50_RESERVE	P1MCPUFP__CPUFP500K_0188__00364	26		case02_pos_10_151H7	CDR3CL_0066	D2_REVIEW	conservative_developability_gate_fail;single_domain_suitability_borderline;expression_proxy_lt80	green	green	green	POTENTIAL_GLYCAN_ANCHOR_NEARBY_10_TO_20A	NOT_RESOLVED_ISOLATED_DOMAIN_PVRIG_41_TO_152		NOT_ASSIGNED_NO_CALIBRATED_CROSS_CANDIDATE_METHOD	NO_EXPANSION_UNCALIBRATED_CONTROL_SEPARATION	Reserve ordered by D tier then frozen mechanism rank; no new mechanism score applied.	Re-run official validator/CDR novelty/hash on the exact exported sequence file; do not submit this table as experimental evidence.	Portfolio priority optimizes experimental-slot risk allocation; it is not a predicted BLI, Yield, purity, Kd, IC50, or experimental blocker score.
35	FINAL50_RESERVE	P1MCPUFP__CPUFP500K_0185__00273	27		case02_pos_10_151H7	CDR3CL_0001	D2_REVIEW	expression_proxy_lt80	green	green	green	POTENTIAL_GLYCAN_ANCHOR_NEARBY_10_TO_20A	NOT_RESOLVED_ISOLATED_DOMAIN_PVRIG_41_TO_152		NOT_ASSIGNED_NO_CALIBRATED_CROSS_CANDIDATE_METHOD	NO_EXPANSION_UNCALIBRATED_CONTROL_SEPARATION	Reserve ordered by D tier then frozen mechanism rank; no new mechanism score applied.	Re-run official validator/CDR novelty/hash on the exact exported sequence file; do not submit this table as experimental evidence.	Portfolio priority optimizes experimental-slot risk allocation; it is not a predicted BLI, Yield, purity, Kd, IC50, or experimental blocker score.
36	FINAL50_RESERVE	P1MCPUFP__CPUFP500K_0128__00809	38		case02_pos_04_PVRIG-38	CDR3CL_0006	D2_REVIEW	expression_proxy_lt80	green	green	green	POTENTIAL_GLYCAN_ANCHOR_NEARBY_10_TO_20A	NOT_RESOLVED_ISOLATED_DOMAIN_PVRIG_41_TO_152		NOT_ASSIGNED_NO_CALIBRATED_CROSS_CANDIDATE_METHOD	NO_EXPANSION_UNCALIBRATED_CONTROL_SEPARATION	Reserve ordered by D tier then frozen mechanism rank; no new mechanism score applied.	Re-run official validator/CDR novelty/hash on the exact exported sequence file; do not submit this table as experimental evidence.	Portfolio priority optimizes experimental-slot risk allocation; it is not a predicted BLI, Yield, purity, Kd, IC50, or experimental blocker score.
37	FINAL50_RESERVE	P1MCPUFP__CPUFP500K_0504__00926	42		case02_pos_01_PVRIG-151_HR151	CDR3CL_0001	D2_REVIEW	expression_proxy_lt80	green	green	green	POTENTIAL_GLYCAN_ANCHOR_NEARBY_10_TO_20A	NOT_RESOLVED_ISOLATED_DOMAIN_PVRIG_41_TO_152		NOT_ASSIGNED_NO_CALIBRATED_CROSS_CANDIDATE_METHOD	NO_EXPANSION_UNCALIBRATED_CONTROL_SEPARATION	Reserve ordered by D tier then frozen mechanism rank; no new mechanism score applied.	Re-run official validator/CDR novelty/hash on the exact exported sequence file; do not submit this table as experimental evidence.	Portfolio priority optimizes experimental-slot risk allocation; it is not a predicted BLI, Yield, purity, Kd, IC50, or experimental blocker score.
38	FINAL50_RESERVE	P1MCPUFP__CPUFP500K_0206__00634	43		case02_pos_01_PVRIG-151_HR151	CDR3CL_0001	D2_REVIEW	expression_proxy_lt80	green	green	green	POTENTIAL_GLYCAN_ANCHOR_NEARBY_10_TO_20A	NOT_RESOLVED_ISOLATED_DOMAIN_PVRIG_41_TO_152		NOT_ASSIGNED_NO_CALIBRATED_CROSS_CANDIDATE_METHOD	NO_EXPANSION_UNCALIBRATED_CONTROL_SEPARATION	Reserve ordered by D tier then frozen mechanism rank; no new mechanism score applied.	Re-run official validator/CDR novelty/hash on the exact exported sequence file; do not submit this table as experimental evidence.	Portfolio priority optimizes experimental-slot risk allocation; it is not a predicted BLI, Yield, purity, Kd, IC50, or experimental blocker score.
39	FINAL50_RESERVE	P1MCPUFP__CPUFP500K_0504__00900	45		case02_pos_01_PVRIG-151_HR151	CDR3CL_0001	D2_REVIEW	conservative_developability_gate_fail	green	green	green	POTENTIAL_GLYCAN_ANCHOR_NEARBY_10_TO_20A	NOT_RESOLVED_ISOLATED_DOMAIN_PVRIG_41_TO_152		NOT_ASSIGNED_NO_CALIBRATED_CROSS_CANDIDATE_METHOD	NO_EXPANSION_UNCALIBRATED_CONTROL_SEPARATION	Reserve ordered by D tier then frozen mechanism rank; no new mechanism score applied.	Re-run official validator/CDR novelty/hash on the exact exported sequence file; do not submit this table as experimental evidence.	Portfolio priority optimizes experimental-slot risk allocation; it is not a predicted BLI, Yield, purity, Kd, IC50, or experimental blocker score.
40	FINAL50_RESERVE	P1MCPUFP__CPUFP500K_0484__00056	20		case02_pos_10_151H7	CDR3CL_0118	D3_HIGH_REVIEW	expression_proxy_lt70	green	green	green	POTENTIAL_GLYCAN_ANCHOR_NEARBY_10_TO_20A	NOT_RESOLVED_ISOLATED_DOMAIN_PVRIG_41_TO_152		NOT_ASSIGNED_NO_CALIBRATED_CROSS_CANDIDATE_METHOD	NO_EXPANSION_UNCALIBRATED_CONTROL_SEPARATION	Reserve ordered by D tier then frozen mechanism rank; no new mechanism score applied.	Re-run official validator/CDR novelty/hash on the exact exported sequence file; do not submit this table as experimental evidence.	Portfolio priority optimizes experimental-slot risk allocation; it is not a predicted BLI, Yield, purity, Kd, IC50, or experimental blocker score.
41	FINAL50_RESERVE	P1MCPUFP__CPUFP500K_0388__00663	29		case02_pos_11_151H8	CDR3CL_0007	D3_HIGH_REVIEW	single_domain_suitability_poor	green	red	green	POTENTIAL_GLYCAN_ANCHOR_NEARBY_10_TO_20A	NOT_RESOLVED_ISOLATED_DOMAIN_PVRIG_41_TO_152		NOT_ASSIGNED_NO_CALIBRATED_CROSS_CANDIDATE_METHOD	NO_EXPANSION_UNCALIBRATED_CONTROL_SEPARATION	Reserve ordered by D tier then frozen mechanism rank; no new mechanism score applied.	Re-run official validator/CDR novelty/hash on the exact exported sequence file; do not submit this table as experimental evidence.	Portfolio priority optimizes experimental-slot risk allocation; it is not a predicted BLI, Yield, purity, Kd, IC50, or experimental blocker score.
42	FINAL50_RESERVE	P1MCPUFP__CPUFP500K_0287__00389	30		case02_pos_10_151H7	CDR3CL_0002	D3_HIGH_REVIEW	expression_proxy_lt70	green	green	green	POTENTIAL_GLYCAN_ANCHOR_NEARBY_10_TO_20A	NOT_RESOLVED_ISOLATED_DOMAIN_PVRIG_41_TO_152		NOT_ASSIGNED_NO_CALIBRATED_CROSS_CANDIDATE_METHOD	NO_EXPANSION_UNCALIBRATED_CONTROL_SEPARATION	Reserve ordered by D tier then frozen mechanism rank; no new mechanism score applied.	Re-run official validator/CDR novelty/hash on the exact exported sequence file; do not submit this table as experimental evidence.	Portfolio priority optimizes experimental-slot risk allocation; it is not a predicted BLI, Yield, purity, Kd, IC50, or experimental blocker score.
43	FINAL50_RESERVE	P1MCPUFP__CPUFP500K_0289__00496	31		case02_pos_11_151H8	CDR3CL_0007	D3_HIGH_REVIEW	single_domain_suitability_poor	amber	green	green	POTENTIAL_GLYCAN_ANCHOR_NEARBY_10_TO_20A	NOT_RESOLVED_ISOLATED_DOMAIN_PVRIG_41_TO_152		NOT_ASSIGNED_NO_CALIBRATED_CROSS_CANDIDATE_METHOD	NO_EXPANSION_UNCALIBRATED_CONTROL_SEPARATION	Reserve ordered by D tier then frozen mechanism rank; no new mechanism score applied.	Re-run official validator/CDR novelty/hash on the exact exported sequence file; do not submit this table as experimental evidence.	Portfolio priority optimizes experimental-slot risk allocation; it is not a predicted BLI, Yield, purity, Kd, IC50, or experimental blocker score.
44	FINAL50_RESERVE	P1MCPUFP__CPUFP500K_0091__00849	32		case02_pos_11_151H8	CDR3CL_0007	D3_HIGH_REVIEW	single_domain_suitability_poor	amber	green	green	POTENTIAL_GLYCAN_ANCHOR_NEARBY_10_TO_20A	NOT_RESOLVED_ISOLATED_DOMAIN_PVRIG_41_TO_152		NOT_ASSIGNED_NO_CALIBRATED_CROSS_CANDIDATE_METHOD	NO_EXPANSION_UNCALIBRATED_CONTROL_SEPARATION	Reserve ordered by D tier then frozen mechanism rank; no new mechanism score applied.	Re-run official validator/CDR novelty/hash on the exact exported sequence file; do not submit this table as experimental evidence.	Portfolio priority optimizes experimental-slot risk allocation; it is not a predicted BLI, Yield, purity, Kd, IC50, or experimental blocker score.
45	FINAL50_RESERVE	P1MCPUFP__CPUFP500K_0388__00174	33		case02_pos_11_151H8	CDR3CL_0007	D3_HIGH_REVIEW	single_domain_suitability_poor	amber	green	green	POTENTIAL_GLYCAN_ANCHOR_NEARBY_10_TO_20A	NOT_RESOLVED_ISOLATED_DOMAIN_PVRIG_41_TO_152		NOT_ASSIGNED_NO_CALIBRATED_CROSS_CANDIDATE_METHOD	NO_EXPANSION_UNCALIBRATED_CONTROL_SEPARATION	Reserve ordered by D tier then frozen mechanism rank; no new mechanism score applied.	Re-run official validator/CDR novelty/hash on the exact exported sequence file; do not submit this table as experimental evidence.	Portfolio priority optimizes experimental-slot risk allocation; it is not a predicted BLI, Yield, purity, Kd, IC50, or experimental blocker score.
46	FINAL50_RESERVE	P1MCPUFP__CPUFP500K_0487__00827	34		case02_pos_11_151H8	CDR3CL_0007	D3_HIGH_REVIEW	single_domain_suitability_poor;expression_proxy_lt70;instability_index_gt50	green	green	green	POTENTIAL_GLYCAN_ANCHOR_NEARBY_10_TO_20A	NOT_RESOLVED_ISOLATED_DOMAIN_PVRIG_41_TO_152		NOT_ASSIGNED_NO_CALIBRATED_CROSS_CANDIDATE_METHOD	NO_EXPANSION_UNCALIBRATED_CONTROL_SEPARATION	Reserve ordered by D tier then frozen mechanism rank; no new mechanism score applied.	Re-run official validator/CDR novelty/hash on the exact exported sequence file; do not submit this table as experimental evidence.	Portfolio priority optimizes experimental-slot risk allocation; it is not a predicted BLI, Yield, purity, Kd, IC50, or experimental blocker score.
47	FINAL50_RESERVE	P1MCPUFP__CPUFP500K_0388__00797	36		case02_pos_11_151H8	CDR3CL_0106	D3_HIGH_REVIEW	single_domain_suitability_poor;expression_proxy_lt70	green	red	green	POTENTIAL_GLYCAN_ANCHOR_NEARBY_10_TO_20A	NOT_RESOLVED_ISOLATED_DOMAIN_PVRIG_41_TO_152		NOT_ASSIGNED_NO_CALIBRATED_CROSS_CANDIDATE_METHOD	NO_EXPANSION_UNCALIBRATED_CONTROL_SEPARATION	Reserve ordered by D tier then frozen mechanism rank; no new mechanism score applied.	Re-run official validator/CDR novelty/hash on the exact exported sequence file; do not submit this table as experimental evidence.	Portfolio priority optimizes experimental-slot risk allocation; it is not a predicted BLI, Yield, purity, Kd, IC50, or experimental blocker score.
48	FINAL50_RESERVE	P1MCPUFP__CPUFP500K_0091__00172	47		case02_pos_11_151H8	CDR3CL_0007	D3_HIGH_REVIEW	single_domain_suitability_poor	amber	green	green	POTENTIAL_GLYCAN_ANCHOR_NEARBY_10_TO_20A	NOT_RESOLVED_ISOLATED_DOMAIN_PVRIG_41_TO_152		NOT_ASSIGNED_NO_CALIBRATED_CROSS_CANDIDATE_METHOD	NO_EXPANSION_UNCALIBRATED_CONTROL_SEPARATION	Reserve ordered by D tier then frozen mechanism rank; no new mechanism score applied.	Re-run official validator/CDR novelty/hash on the exact exported sequence file; do not submit this table as experimental evidence.	Portfolio priority optimizes experimental-slot risk allocation; it is not a predicted BLI, Yield, purity, Kd, IC50, or experimental blocker score.
49	FINAL50_RESERVE	P1MCPUFP__CPUFP500K_0190__00879	48		case02_pos_11_151H8	CDR3CL_0007	D3_HIGH_REVIEW	single_domain_suitability_poor;expression_proxy_lt70	green	green	green	POTENTIAL_GLYCAN_ANCHOR_NEARBY_10_TO_20A	NOT_RESOLVED_ISOLATED_DOMAIN_PVRIG_41_TO_152		NOT_ASSIGNED_NO_CALIBRATED_CROSS_CANDIDATE_METHOD	NO_EXPANSION_UNCALIBRATED_CONTROL_SEPARATION	Reserve ordered by D tier then frozen mechanism rank; no new mechanism score applied.	Re-run official validator/CDR novelty/hash on the exact exported sequence file; do not submit this table as experimental evidence.	Portfolio priority optimizes experimental-slot risk allocation; it is not a predicted BLI, Yield, purity, Kd, IC50, or experimental blocker score.
50	FINAL50_RESERVE	P1MCPUFP__CPUFP500K_0091__00440	49		case02_pos_11_151H8	CDR3CL_0027	D3_HIGH_REVIEW	single_domain_suitability_poor;expression_proxy_lt70;instability_index_gt50	amber	red	green	POTENTIAL_GLYCAN_ANCHOR_NEARBY_10_TO_20A	NOT_RESOLVED_ISOLATED_DOMAIN_PVRIG_41_TO_152		NOT_ASSIGNED_NO_CALIBRATED_CROSS_CANDIDATE_METHOD	NO_EXPANSION_UNCALIBRATED_CONTROL_SEPARATION	Reserve ordered by D tier then frozen mechanism rank; no new mechanism score applied.	Re-run official validator/CDR novelty/hash on the exact exported sequence file; do not submit this table as experimental evidence.	Portfolio priority optimizes experimental-slot risk allocation; it is not a predicted BLI, Yield, purity, Kd, IC50, or experimental blocker score.
