candidate_id	final_rank	top10_rank	pose_count	median_free_vhh_sasa_a2	median_binding_buried_sasa_a2	median_largest_hydrophobic_patch_residues	median_largest_hydrophobic_patch_free_sasa_a2	median_largest_positive_patch_residues	median_largest_negative_patch_residues	minimum_c_terminal_target_distance_a	c_terminal_contact_pose_count	ptm_motif_rows	exposed_ptm_residue_rows	exposed_noncontact_ptm_rows	exposed_noncontact_acid_clipping_rows	exposed_noncontact_isomerization_rows	structural_ptm_review_status	claim_boundary
P1MCPUFP__CPUFP500K_0288__00659	1	1	8	6474.594620	732.727530	14.000000	895.753516	3.000000	3.000000	35.019465	0	120	72	62	0	27	REVIEW	descriptive structural sidecar; not CHO yield/purity, BLI, Kd, IC50, aggregation, or experimental blocking
NODE1GEN_112448_source_rfantibody_source_id_PVRIG_RFAb_v2_P5_qkg_L_bb355_mpn01_arm_P5_qkg_L_backbone_P5_qkg_L_bb355_status_NEEDS_RF2_AND_DOCKING	2	2	8	6126.027051	743.893640	12.500000	638.590701	5.000000	2.000000	31.490279	0	120	92	80	0	29	REVIEW	descriptive structural sidecar; not CHO yield/purity, BLI, Kd, IC50, aggregation, or experimental blocking
NODE1GEN_229102_source_fixed_pose_mpnn_source_id_P500K__FIXED_POSE_MPNN__2F90E7DCCA05F9E4	3	3	8	6332.669025	765.685570	14.000000	720.971377	3.000000	3.000000	33.702621	0	128	83	66	0	26	REVIEW	descriptive structural sidecar; not CHO yield/purity, BLI, Kd, IC50, aggregation, or experimental blocking
P1MCPUFP__CPUFP500K_0188__00519	4	4	8	6508.494384	763.184234	11.000000	556.015969	3.000000	4.000000	28.715816	0	104	69	63	0	24	REVIEW	descriptive structural sidecar; not CHO yield/purity, BLI, Kd, IC50, aggregation, or experimental blocking
P1MCPUFP__CPUFP500K_0100__00092	5	5	8	6697.201697	858.254556	13.000000	687.284560	3.000000	2.000000	34.747932	0	96	55	55	0	24	REVIEW	descriptive structural sidecar; not CHO yield/purity, BLI, Kd, IC50, aggregation, or experimental blocking
NODE1GEN_181778_source_fixed_pose_mpnn_source_id_P500K__FIXED_POSE_MPNN__8EDA6734F7A8BD2C	6	6	8	6576.139712	795.470151	13.000000	755.070547	3.000000	3.000000	27.064692	0	112	65	48	0	33	REVIEW	descriptive structural sidecar; not CHO yield/purity, BLI, Kd, IC50, aggregation, or experimental blocking
NODE1GEN_154595_source_fixed_pose_mpnn_source_id_P500K__FIXED_POSE_MPNN__9B999365EA60CCE9	7	7	8	6618.501388	805.119794	15.500000	877.339511	3.000000	2.000000	32.079657	0	96	57	49	0	24	REVIEW	descriptive structural sidecar; not CHO yield/purity, BLI, Kd, IC50, aggregation, or experimental blocking
NODE1GEN_256613_source_fixed_pose_mpnn_source_id_P500K__FIXED_POSE_MPNN__0A1B353F72DFABBD	8		8	6275.307356	939.923001	6.000000	466.479930	3.000000	2.000000	27.200245	0	88	44	39	0	24	REVIEW	descriptive structural sidecar; not CHO yield/purity, BLI, Kd, IC50, aggregation, or experimental blocking
NODE1GEN_183154_source_fixed_pose_mpnn_source_id_P500K__FIXED_POSE_MPNN__E25C2338B83B903C	9		8	6378.512915	882.710787	10.000000	489.877820	3.000000	2.000000	25.953070	0	96	51	38	0	24	REVIEW	descriptive structural sidecar; not CHO yield/purity, BLI, Kd, IC50, aggregation, or experimental blocking
P1MCPUFP__CPUFP500K_0188__00282	10		8	6304.347902	764.311280	8.000000	466.999528	4.000000	2.000000	32.853071	0	112	71	67	0	28	REVIEW	descriptive structural sidecar; not CHO yield/purity, BLI, Kd, IC50, aggregation, or experimental blocking
NODE1GEN_191476_source_fixed_pose_mpnn_source_id_P500K__FIXED_POSE_MPNN__310934EF4B70CA47	11		8	6623.540690	846.994637	11.000000	527.711822	3.000000	2.000000	30.811903	0	80	46	37	0	24	REVIEW	descriptive structural sidecar; not CHO yield/purity, BLI, Kd, IC50, aggregation, or experimental blocking
P1MCPUFP__CPUFP500K_0090__00532	12		8	6441.869624	674.214707	8.500000	511.124391	3.000000	2.000000	34.576289	0	104	59	56	0	24	REVIEW	descriptive structural sidecar; not CHO yield/purity, BLI, Kd, IC50, aggregation, or experimental blocking
NODE1GEN_177961_source_fixed_pose_mpnn_source_id_P500K__FIXED_POSE_MPNN__8431DA62B813A913	13		8	6982.387048	875.535891	13.000000	872.810382	2.000000	3.000000	30.209704	0	128	88	85	0	49	REVIEW	descriptive structural sidecar; not CHO yield/purity, BLI, Kd, IC50, aggregation, or experimental blocking
P1MCPUFP__CPUFP500K_0100__00188	14		8	6440.666184	795.887648	10.000000	570.680443	3.000000	2.000000	30.323480	0	96	57	46	0	35	REVIEW	descriptive structural sidecar; not CHO yield/purity, BLI, Kd, IC50, aggregation, or experimental blocking
NODE1GEN_206644_source_fixed_pose_mpnn_source_id_P500K__FIXED_POSE_MPNN__53F648E960398F2F	15		8	6457.441064	849.846628	8.000000	351.363419	3.000000	2.000000	25.804683	0	112	53	35	0	26	REVIEW	descriptive structural sidecar; not CHO yield/purity, BLI, Kd, IC50, aggregation, or experimental blocking
P1MCPUFP__CPUFP500K_0002__00919	16		8	6289.828896	717.302907	8.000000	405.090224	3.000000	2.000000	28.826784	0	96	54	43	0	29	REVIEW	descriptive structural sidecar; not CHO yield/purity, BLI, Kd, IC50, aggregation, or experimental blocking
P1MCPUFP__CPUFP500K_0287__00804	17		8	6179.338433	642.364602	15.500000	968.221064	3.000000	2.500000	25.983842	0	128	80	69	0	26	REVIEW	descriptive structural sidecar; not CHO yield/purity, BLI, Kd, IC50, aggregation, or experimental blocking
NODE1GEN_127352_source_rfantibody_source_id_PVRIG_RFAb_v2_P6_ekg_L_bb203_mpn04_arm_P6_ekg_L_backbone_P6_ekg_L_bb203_status_NEEDS_RF2_AND_DOCKING	18	8	8	6449.536785	660.766083	13.000000	781.455863	2.500000	2.000000	27.866355	0	120	85	78	0	26	REVIEW	descriptive structural sidecar; not CHO yield/purity, BLI, Kd, IC50, aggregation, or experimental blocking
P1MCPUFP__CPUFP500K_0089__00735	19		8	6526.291559	755.477981	17.000000	909.573844	3.000000	2.000000	31.480961	0	120	78	62	0	25	REVIEW	descriptive structural sidecar; not CHO yield/purity, BLI, Kd, IC50, aggregation, or experimental blocking
NODE1GEN_258472_source_fixed_pose_mpnn_source_id_P500K__FIXED_POSE_MPNN__2E2B33208D567583	20		8	6264.372697	757.734304	6.000000	324.444054	3.000000	3.000000	29.887522	0	184	105	99	15	24	REVIEW	descriptive structural sidecar; not CHO yield/purity, BLI, Kd, IC50, aggregation, or experimental blocking
P1MCPUFP__CPUFP500K_0299__00780	21		8	6319.003579	778.955898	11.500000	617.604233	3.000000	2.000000	32.754597	0	112	70	51	0	39	REVIEW	descriptive structural sidecar; not CHO yield/purity, BLI, Kd, IC50, aggregation, or experimental blocking
P1MCPUFP__CPUFP500K_0189__00858	22		8	6505.968868	807.739872	12.500000	659.051978	3.000000	3.500000	35.029702	0	88	56	56	0	24	REVIEW	descriptive structural sidecar; not CHO yield/purity, BLI, Kd, IC50, aggregation, or experimental blocking
NODE1GEN_174576_source_fixed_pose_mpnn_source_id_P500K__FIXED_POSE_MPNN__D5384A7F42146722	23		8	6364.955341	808.556027	5.000000	268.795620	3.000000	4.000000	31.369956	0	136	80	64	0	27	REVIEW	descriptive structural sidecar; not CHO yield/purity, BLI, Kd, IC50, aggregation, or experimental blocking
NODE1GEN_002130_source_rfantibody_source_id_PVRIG_RFAb_v2_P1_ekg_L_bb177_mpn10_arm_P1_ekg_L_backbone_P1_ekg_L_bb177_status_NEEDS_RF2_AND_DOCKING	24	9	8	5918.546596	696.336431	7.500000	423.757505	3.000000	4.000000	33.269800	0	120	87	78	0	30	REVIEW	descriptive structural sidecar; not CHO yield/purity, BLI, Kd, IC50, aggregation, or experimental blocking
P1MCPUFP__CPUFP500K_0380__00771	25		8	6485.692233	692.226233	15.000000	886.665831	3.000000	2.000000	30.925863	0	152	96	80	0	34	REVIEW	descriptive structural sidecar; not CHO yield/purity, BLI, Kd, IC50, aggregation, or experimental blocking
NODE1GEN_217675_source_fixed_pose_mpnn_source_id_P500K__FIXED_POSE_MPNN__68DDB4A6D7CBCA89	26		8	6496.903980	758.511555	11.000000	603.638032	3.000000	3.000000	28.666689	0	128	69	55	0	24	REVIEW	descriptive structural sidecar; not CHO yield/purity, BLI, Kd, IC50, aggregation, or experimental blocking
P1MCPUFP__CPUFP500K_0404__00029	27		8	6460.763005	799.238502	10.000000	563.046341	4.000000	2.500000	25.634746	0	112	60	46	0	28	REVIEW	descriptive structural sidecar; not CHO yield/purity, BLI, Kd, IC50, aggregation, or experimental blocking
P1MCPUFP__CPUFP500K_0188__00549	28		8	6361.049106	866.557167	11.000000	616.955359	3.000000	2.500000	32.802595	0	128	72	59	0	24	REVIEW	descriptive structural sidecar; not CHO yield/purity, BLI, Kd, IC50, aggregation, or experimental blocking
P1MCPUFP__CPUFP500K_0188__00481	29		8	6410.885320	810.393805	14.000000	705.496927	4.000000	2.000000	32.349036	0	112	72	58	0	24	REVIEW	descriptive structural sidecar; not CHO yield/purity, BLI, Kd, IC50, aggregation, or experimental blocking
NODE1GEN_182669_source_fixed_pose_mpnn_source_id_P500K__FIXED_POSE_MPNN__D4BBD3AB583903E7	30		8	6136.602741	723.120435	12.500000	645.440001	3.000000	2.000000	28.081947	0	96	49	45	0	24	REVIEW	descriptive structural sidecar; not CHO yield/purity, BLI, Kd, IC50, aggregation, or experimental blocking
NODE1GEN_128014_source_rfantibody_source_id_PVRIG_RFAb_v2_P6_ekg_L_bb258_mpn01_arm_P6_ekg_L_backbone_P6_ekg_L_bb258_status_NEEDS_RF2_AND_DOCKING	31	10	8	6188.924238	799.775735	10.500000	483.063381	3.000000	6.000000	30.638455	0	104	77	76	0	24	REVIEW	descriptive structural sidecar; not CHO yield/purity, BLI, Kd, IC50, aggregation, or experimental blocking
NODE1GEN_218195_source_fixed_pose_mpnn_source_id_P500K__FIXED_POSE_MPNN__A6B62FDDBC1A99BE	32		8	6509.771693	763.153405	6.000000	335.431146	3.000000	2.000000	33.557295	0	128	68	56	0	24	REVIEW	descriptive structural sidecar; not CHO yield/purity, BLI, Kd, IC50, aggregation, or experimental blocking
NODE1GEN_195165_source_fixed_pose_mpnn_source_id_P500K__FIXED_POSE_MPNN__499D245F888E5DC4	33		8	6460.021086	778.463516	18.000000	1070.795792	3.000000	2.000000	27.344097	0	128	88	77	0	24	REVIEW	descriptive structural sidecar; not CHO yield/purity, BLI, Kd, IC50, aggregation, or experimental blocking
NODE1GEN_235318_source_fixed_pose_mpnn_source_id_P500K__FIXED_POSE_MPNN__B52C2EC7CC64BFED	34		8	6494.206588	753.735193	18.500000	996.423539	3.000000	3.000000	34.219689	0	112	68	64	0	24	REVIEW	descriptive structural sidecar; not CHO yield/purity, BLI, Kd, IC50, aggregation, or experimental blocking
P1MCPUFP__CPUFP500K_0289__00496	35		8	6688.739870	794.895784	21.500000	1214.770805	3.000000	1.000000	36.250880	0	152	108	101	31	24	REVIEW	descriptive structural sidecar; not CHO yield/purity, BLI, Kd, IC50, aggregation, or experimental blocking
P1MCPUFP__CPUFP500K_0091__00849	36		8	6962.238548	802.484856	19.500000	1094.371476	3.000000	1.000000	34.857743	0	128	99	82	14	24	REVIEW	descriptive structural sidecar; not CHO yield/purity, BLI, Kd, IC50, aggregation, or experimental blocking
NODE1GEN_076816_source_rfantibody_source_id_PVRIG_RFAb_v2_P4_ekg_L_bb155_mpn03_arm_P4_ekg_L_backbone_P4_ekg_L_bb155_status_NEEDS_RF2_AND_DOCKING	37		8	6355.169520	723.118414	9.000000	546.508243	3.000000	5.000000	29.043515	0	136	107	91	7	29	REVIEW	descriptive structural sidecar; not CHO yield/purity, BLI, Kd, IC50, aggregation, or experimental blocking
P1MCPUFP__CPUFP500K_0388__00174	38		8	6779.682893	774.282246	17.000000	1109.252195	3.000000	1.000000	29.401854	0	104	70	66	8	24	REVIEW	descriptive structural sidecar; not CHO yield/purity, BLI, Kd, IC50, aggregation, or experimental blocking
P1MCPUFP__CPUFP500K_0487__00827	39		8	6226.916345	661.296489	11.500000	692.209865	3.000000	1.000000	26.404304	0	104	67	57	6	24	REVIEW	descriptive structural sidecar; not CHO yield/purity, BLI, Kd, IC50, aggregation, or experimental blocking
NODE1GEN_136300_source_rfantibody_source_id_PVRIG_RFAb_v2_P6_qkg_L_bb255_mpn02_arm_P6_qkg_L_backbone_P6_qkg_L_bb255_status_NEEDS_RF2_AND_DOCKING	40		8	6286.643080	757.651931	9.000000	412.225211	5.000000	1.000000	30.467358	0	120	91	84	0	34	REVIEW	descriptive structural sidecar; not CHO yield/purity, BLI, Kd, IC50, aggregation, or experimental blocking
NODE1GEN_095824_source_rfantibody_source_id_PVRIG_RFAb_v2_P4_qrg_L_bb358_mpn04_arm_P4_qrg_L_backbone_P4_qrg_L_bb358_status_NEEDS_RF2_AND_DOCKING	41		8	6330.152819	899.147254	13.000000	717.259197	5.000000	2.500000	34.431443	0	144	109	92	8	32	REVIEW	descriptive structural sidecar; not CHO yield/purity, BLI, Kd, IC50, aggregation, or experimental blocking
NODE1GEN_017313_source_rfantibody_source_id_PVRIG_RFAb_v2_P1_qrg_L_bb054_mpn00_arm_P1_qrg_L_backbone_P1_qrg_L_bb054_status_NEEDS_RF2_AND_DOCKING	42		8	6150.781869	772.833091	8.000000	584.888494	2.500000	2.000000	28.733456	0	136	94	87	0	39	REVIEW	descriptive structural sidecar; not CHO yield/purity, BLI, Kd, IC50, aggregation, or experimental blocking
NODE1GEN_109783_source_rfantibody_source_id_PVRIG_RFAb_v2_P5_qkg_L_bb121_mpn06_arm_P5_qkg_L_backbone_P5_qkg_L_bb121_status_NEEDS_RF2_AND_DOCKING	43		8	6109.984184	736.610549	9.000000	419.077171	5.000000	2.000000	29.782709	0	120	93	85	0	38	REVIEW	descriptive structural sidecar; not CHO yield/purity, BLI, Kd, IC50, aggregation, or experimental blocking
NODE1GEN_100102_source_rfantibody_source_id_PVRIG_RFAb_v2_P5_ekg_L_bb007_mpn10_arm_P5_ekg_L_backbone_P5_ekg_L_bb007_status_NEEDS_RF2_AND_DOCKING	44		8	6320.508475	706.571164	14.000000	926.178857	5.000000	3.000000	33.031693	0	152	95	90	9	29	REVIEW	descriptive structural sidecar; not CHO yield/purity, BLI, Kd, IC50, aggregation, or experimental blocking
NODE1GEN_109883_source_rfantibody_source_id_PVRIG_RFAb_v2_P5_qkg_L_bb130_mpn02_arm_P5_qkg_L_backbone_P5_qkg_L_bb130_status_NEEDS_RF2_AND_DOCKING	45		8	6176.761374	774.908647	13.000000	660.414716	3.000000	3.000000	35.535493	0	120	94	69	0	30	REVIEW	descriptive structural sidecar; not CHO yield/purity, BLI, Kd, IC50, aggregation, or experimental blocking
P1MCPUFP__CPUFP500K_0188__00645	46		8	6626.636835	812.717756	22.000000	1174.445699	4.000000	2.000000	34.144419	0	104	69	69	0	24	REVIEW	descriptive structural sidecar; not CHO yield/purity, BLI, Kd, IC50, aggregation, or experimental blocking
P1MCPUFP__CPUFP500K_0030__00860	47		8	6256.433787	814.490495	9.000000	476.563081	3.000000	2.000000	32.686816	0	136	73	63	0	25	REVIEW	descriptive structural sidecar; not CHO yield/purity, BLI, Kd, IC50, aggregation, or experimental blocking
P1MCPUFP__CPUFP500K_0029__00647	48		8	6254.360849	689.602668	17.000000	722.051624	3.000000	2.000000	31.082411	0	152	102	96	16	27	REVIEW	descriptive structural sidecar; not CHO yield/purity, BLI, Kd, IC50, aggregation, or experimental blocking
P1MCPUFP__CPUFP500K_0090__00860	49		8	6315.718908	648.411089	17.000000	931.163225	3.000000	3.000000	35.103315	0	88	57	57	0	24	REVIEW	descriptive structural sidecar; not CHO yield/purity, BLI, Kd, IC50, aggregation, or experimental blocking
NODE1GEN_128929_source_rfantibody_source_id_PVRIG_RFAb_v2_P6_ekg_L_bb339_mpn06_arm_P6_ekg_L_backbone_P6_ekg_L_bb339_status_NEEDS_RF2_AND_DOCKING	50		8	6026.141034	768.892141	8.500000	449.916280	3.000000	3.000000	35.928445	0	120	87	73	0	27	REVIEW	descriptive structural sidecar; not CHO yield/purity, BLI, Kd, IC50, aggregation, or experimental blocking
