candidate_id	unified_qc397_geometry_rank	selection_channel	reason	static_review_status
P1MCPUFP__CPUFP500K_0480__00342	6	STRUCTURAL_RESERVE	lower_rank_or_diversity_quota_after_complete_static_review	PASS_DESCRIPTIVE_COMPLETE
NODE1GEN_281591_source_fixed_pose_mpnn_source_id_P500K__FIXED_POSE_MPNN__15CA64AD386B7214	27	STRUCTURAL_RESERVE	lower_rank_or_diversity_quota_after_complete_static_review	PASS_DESCRIPTIVE_COMPLETE
NODE1GEN_191581_source_fixed_pose_mpnn_source_id_P500K__FIXED_POSE_MPNN__9E3AE9DCA8949700	35	STRUCTURAL_RESERVE	lower_rank_or_diversity_quota_after_complete_static_review	PASS_DESCRIPTIVE_COMPLETE
P1MCPUFP__CPUFP500K_0288__00637	36	STRUCTURAL_RESERVE	lower_rank_or_diversity_quota_after_complete_static_review	PASS_DESCRIPTIVE_COMPLETE
P1MCPUFP__CPUFP500K_0299__00453	40	CORE_EXPLOITATION	lower_rank_or_diversity_quota_after_complete_static_review	PASS_DESCRIPTIVE_COMPLETE
NODE1GEN_239668_source_fixed_pose_mpnn_source_id_P500K__FIXED_POSE_MPNN__50D97CA8CC2AFB22	47	PARENT_CDR3_DIVERSITY	lower_rank_or_diversity_quota_after_complete_static_review	PASS_DESCRIPTIVE_COMPLETE
NODE1GEN_233321_source_fixed_pose_mpnn_source_id_P500K__FIXED_POSE_MPNN__9E5B8D888609C129	48	STRUCTURAL_RESERVE	lower_rank_or_diversity_quota_after_complete_static_review	PASS_DESCRIPTIVE_COMPLETE
NODE1GEN_159348_source_fixed_pose_mpnn_source_id_P500K__FIXED_POSE_MPNN__564F02061B9AA7CD	49	PARENT_CDR3_DIVERSITY	lower_rank_or_diversity_quota_after_complete_static_review	PASS_DESCRIPTIVE_COMPLETE
NODE1GEN_238148_source_fixed_pose_mpnn_source_id_P500K__FIXED_POSE_MPNN__13EF49962A0FCB59	54	STRUCTURAL_RESERVE	lower_rank_or_diversity_quota_after_complete_static_review	PASS_DESCRIPTIVE_COMPLETE
NODE1GEN_200457_source_fixed_pose_mpnn_source_id_P500K__FIXED_POSE_MPNN__A149A81B99E0DA20	57	PARENT_CDR3_DIVERSITY	lower_rank_or_diversity_quota_after_complete_static_review	PASS_DESCRIPTIVE_COMPLETE
NODE1GEN_174243_source_fixed_pose_mpnn_source_id_P500K__FIXED_POSE_MPNN__8297BA2EFEC9CE46	58	PARENT_CDR3_DIVERSITY	lower_rank_or_diversity_quota_after_complete_static_review	PASS_DESCRIPTIVE_COMPLETE
NODE1GEN_125672_source_rfantibody_source_id_PVRIG_RFAb_v2_P6_ekg_L_bb054_mpn12_arm_P6_ekg_L_backbone_P6_ekg_L_bb054_status_NEEDS_RF2_AND_DOCKING	67	PARENT_CDR3_DIVERSITY	lower_rank_or_diversity_quota_after_complete_static_review	PASS_DESCRIPTIVE_COMPLETE
NODE1GEN_228757_source_fixed_pose_mpnn_source_id_P500K__FIXED_POSE_MPNN__72CDB2733C4ABD98	70	STRUCTURAL_RESERVE	lower_rank_or_diversity_quota_after_complete_static_review	PASS_DESCRIPTIVE_COMPLETE
P1MCPUFP__CPUFP500K_0388__00797	72	PARENT_CDR3_DIVERSITY	lower_rank_or_diversity_quota_after_complete_static_review	PASS_DESCRIPTIVE_COMPLETE
NODE1GEN_270796_source_fixed_pose_mpnn_source_id_P500K__FIXED_POSE_MPNN__334DDB191384443B	74	PARENT_CDR3_DIVERSITY	lower_rank_or_diversity_quota_after_complete_static_review	PASS_DESCRIPTIVE_COMPLETE
NODE1GEN_154224_source_fixed_pose_mpnn_source_id_P500K__FIXED_POSE_MPNN__096BFCC82BA53995	76	PARENT_CDR3_DIVERSITY	lower_rank_or_diversity_quota_after_complete_static_review	PASS_DESCRIPTIVE_COMPLETE
NODE1GEN_194463_source_fixed_pose_mpnn_source_id_P500K__FIXED_POSE_MPNN__206E77D977D17852	77	STRUCTURAL_RESERVE	lower_rank_or_diversity_quota_after_complete_static_review	PASS_DESCRIPTIVE_COMPLETE
P1MCPUFP__CPUFP500K_0134__00289	78	PARENT_CDR3_DIVERSITY	lower_rank_or_diversity_quota_after_complete_static_review	PASS_DESCRIPTIVE_COMPLETE
NODE1GEN_192026_source_fixed_pose_mpnn_source_id_P500K__FIXED_POSE_MPNN__8977100CE0F0F35D	85	PARENT_CDR3_DIVERSITY	lower_rank_or_diversity_quota_after_complete_static_review	PASS_DESCRIPTIVE_COMPLETE
P1MCPUFP__CPUFP500K_0128__00809	89	PARENT_CDR3_DIVERSITY	lower_rank_or_diversity_quota_after_complete_static_review	PASS_DESCRIPTIVE_COMPLETE
NODE1GEN_198675_source_fixed_pose_mpnn_source_id_P500K__FIXED_POSE_MPNN__0D2A06B8BC90D657	92	PARENT_CDR3_DIVERSITY	lower_rank_or_diversity_quota_after_complete_static_review	PASS_DESCRIPTIVE_COMPLETE
NODE1GEN_034751_source_rfantibody_source_id_PVRIG_RFAb_v2_P2_qkg_L_bb120_mpn04_arm_P2_qkg_L_backbone_P2_qkg_L_bb120_status_NEEDS_RF2_AND_DOCKING	93	PARENT_CDR3_DIVERSITY	lower_rank_or_diversity_quota_after_complete_static_review	PASS_DESCRIPTIVE_COMPLETE
P1MCPUFP__CPUFP500K_0130__00610	97	PARENT_CDR3_DIVERSITY	lower_rank_or_diversity_quota_after_complete_static_review	PASS_DESCRIPTIVE_COMPLETE
P1MCPUFP__CPUFP500K_0405__00049	98	CORE_EXPLOITATION	lower_rank_or_diversity_quota_after_complete_static_review	PASS_DESCRIPTIVE_COMPLETE
NODE1GEN_160511_source_fixed_pose_mpnn_source_id_P500K__FIXED_POSE_MPNN__BC2334AA2ABAAB60	99	CORE_EXPLOITATION	lower_rank_or_diversity_quota_after_complete_static_review	PASS_DESCRIPTIVE_COMPLETE
NODE1GEN_143127_source_rfantibody_source_id_PVRIG_RFAb_v2_P6_qrg_L_bb125_mpn12_arm_P6_qrg_L_backbone_P6_qrg_L_bb125_status_NEEDS_RF2_AND_DOCKING	100	CORE_EXPLOITATION	lower_rank_or_diversity_quota_after_complete_static_review	PASS_DESCRIPTIVE_COMPLETE
NODE1GEN_025653_source_rfantibody_source_id_PVRIG_RFAb_v2_P2_ekg_L_bb054_mpn08_arm_P2_ekg_L_backbone_P2_ekg_L_bb054_status_NEEDS_RF2_AND_DOCKING	101	PARENT_CDR3_DIVERSITY	lower_rank_or_diversity_quota_after_complete_static_review	PASS_DESCRIPTIVE_COMPLETE
NODE1GEN_203456_source_fixed_pose_mpnn_source_id_P500K__FIXED_POSE_MPNN__748CF4AB7ABA033E	102	CORE_EXPLOITATION	lower_rank_or_diversity_quota_after_complete_static_review	PASS_DESCRIPTIVE_COMPLETE
NODE1GEN_092802_source_rfantibody_source_id_PVRIG_RFAb_v2_P4_qrg_L_bb096_mpn00_arm_P4_qrg_L_backbone_P4_qrg_L_bb096_status_NEEDS_RF2_AND_DOCKING	103	CORE_EXPLOITATION	lower_rank_or_diversity_quota_after_complete_static_review	PASS_DESCRIPTIVE_COMPLETE
NODE1GEN_176578_source_fixed_pose_mpnn_source_id_P500K__FIXED_POSE_MPNN__1E7F83C57F70D65A	104	CORE_EXPLOITATION	lower_rank_or_diversity_quota_after_complete_static_review	PASS_DESCRIPTIVE_COMPLETE
NODE1GEN_001275_source_rfantibody_source_id_PVRIG_RFAb_v2_P1_ekg_L_bb106_mpn04_arm_P1_ekg_L_backbone_P1_ekg_L_bb106_status_NEEDS_RF2_AND_DOCKING	106	CORE_EXPLOITATION	lower_rank_or_diversity_quota_after_complete_static_review	PASS_DESCRIPTIVE_COMPLETE
NODE1GEN_221809_source_fixed_pose_mpnn_source_id_P500K__FIXED_POSE_MPNN__FD4159DF1A3393FD	107	CORE_EXPLOITATION	lower_rank_or_diversity_quota_after_complete_static_review	PASS_DESCRIPTIVE_COMPLETE
NODE1GEN_152364_source_fixed_pose_mpnn_source_id_P500K__FIXED_POSE_MPNN__C319E1C2DC832260	108	STRUCTURAL_RESERVE	lower_rank_or_diversity_quota_after_complete_static_review	PASS_DESCRIPTIVE_COMPLETE
NODE1GEN_257837_source_fixed_pose_mpnn_source_id_P500K__FIXED_POSE_MPNN__24C39F174757E832	109	STRUCTURAL_RESERVE	lower_rank_or_diversity_quota_after_complete_static_review	PASS_DESCRIPTIVE_COMPLETE
NODE1GEN_134023_source_rfantibody_source_id_PVRIG_RFAb_v2_P6_qkg_L_bb054_mpn04_arm_P6_qkg_L_backbone_P6_qkg_L_bb054_status_NEEDS_RF2_AND_DOCKING	110	CORE_EXPLOITATION	lower_rank_or_diversity_quota_after_complete_static_review	PASS_DESCRIPTIVE_COMPLETE
NODE1GEN_036295_source_rfantibody_source_id_PVRIG_RFAb_v2_P2_qkg_L_bb251_mpn08_arm_P2_qkg_L_backbone_P2_qkg_L_bb251_status_NEEDS_RF2_AND_DOCKING	111	PARENT_CDR3_DIVERSITY	lower_rank_or_diversity_quota_after_complete_static_review	PASS_DESCRIPTIVE_COMPLETE
NODE1GEN_010358_source_rfantibody_source_id_PVRIG_RFAb_v2_P1_qkg_L_bb169_mpn08_arm_P1_qkg_L_backbone_P1_qkg_L_bb169_status_NEEDS_RF2_AND_DOCKING	112	CORE_EXPLOITATION	lower_rank_or_diversity_quota_after_complete_static_review	PASS_DESCRIPTIVE_COMPLETE
NODE1GEN_150676_source_fixed_pose_mpnn_source_id_P500K__FIXED_POSE_MPNN__5257189CF1CE6413	113	CORE_EXPLOITATION	lower_rank_or_diversity_quota_after_complete_static_review	PASS_DESCRIPTIVE_COMPLETE
NODE1GEN_053317_source_rfantibody_source_id_PVRIG_RFAb_v2_P3_ekg_L_bb285_mpn09_arm_P3_ekg_L_backbone_P3_ekg_L_bb285_status_NEEDS_RF2_AND_DOCKING	114	PARENT_CDR3_DIVERSITY	lower_rank_or_diversity_quota_after_complete_static_review	PASS_DESCRIPTIVE_COMPLETE
NODE1GEN_050756_source_rfantibody_source_id_PVRIG_RFAb_v2_P3_ekg_L_bb064_mpn01_arm_P3_ekg_L_backbone_P3_ekg_L_bb064_status_NEEDS_RF2_AND_DOCKING	115	PARENT_CDR3_DIVERSITY	lower_rank_or_diversity_quota_after_complete_static_review	PASS_DESCRIPTIVE_COMPLETE
NODE1GEN_028330_source_rfantibody_source_id_PVRIG_RFAb_v2_P2_ekg_L_bb282_mpn10_arm_P2_ekg_L_backbone_P2_ekg_L_bb282_status_NEEDS_RF2_AND_DOCKING	116	PARENT_CDR3_DIVERSITY	lower_rank_or_diversity_quota_after_complete_static_review	PASS_DESCRIPTIVE_COMPLETE
P1MCPUFP__CPUFP500K_0134__00713	117	PARENT_CDR3_DIVERSITY	lower_rank_or_diversity_quota_after_complete_static_review	PASS_DESCRIPTIVE_COMPLETE
NODE1GEN_170125_source_fixed_pose_mpnn_source_id_P500K__FIXED_POSE_MPNN__0F2A6AA8F19ABF12	120	PARENT_CDR3_DIVERSITY	lower_rank_or_diversity_quota_after_complete_static_review	PASS_DESCRIPTIVE_COMPLETE
NODE1GEN_189103_source_fixed_pose_mpnn_source_id_P500K__FIXED_POSE_MPNN__A706AC7FB01ECDF0	121	PARENT_CDR3_DIVERSITY	lower_rank_or_diversity_quota_after_complete_static_review	PASS_DESCRIPTIVE_COMPLETE
NODE1GEN_183470_source_fixed_pose_mpnn_source_id_P500K__FIXED_POSE_MPNN__9DB85D85059BFB30	122	CORE_EXPLOITATION	lower_rank_or_diversity_quota_after_complete_static_review	PASS_DESCRIPTIVE_COMPLETE
NODE1GEN_231182_source_fixed_pose_mpnn_source_id_P500K__FIXED_POSE_MPNN__9A226BEE833FC330	123	STRUCTURAL_RESERVE	lower_rank_or_diversity_quota_after_complete_static_review	PASS_DESCRIPTIVE_COMPLETE
NODE1GEN_120690_source_rfantibody_source_id_PVRIG_RFAb_v2_P5_qrg_L_bb346_mpn06_arm_P5_qrg_L_backbone_P5_qrg_L_bb346_status_NEEDS_RF2_AND_DOCKING	124	CORE_EXPLOITATION	lower_rank_or_diversity_quota_after_complete_static_review	PASS_DESCRIPTIVE_COMPLETE
NODE1GEN_052893_source_rfantibody_source_id_PVRIG_RFAb_v2_P3_ekg_L_bb249_mpn04_arm_P3_ekg_L_backbone_P3_ekg_L_bb249_status_NEEDS_RF2_AND_DOCKING	125	PARENT_CDR3_DIVERSITY	lower_rank_or_diversity_quota_after_complete_static_review	PASS_DESCRIPTIVE_COMPLETE
NODE1GEN_163668_source_fixed_pose_mpnn_source_id_P500K__FIXED_POSE_MPNN__4E7D65CDFA6EC5DF	126	PARENT_CDR3_DIVERSITY	lower_rank_or_diversity_quota_after_complete_static_review	PASS_DESCRIPTIVE_COMPLETE
NODE1GEN_243115_source_fixed_pose_mpnn_source_id_P500K__FIXED_POSE_MPNN__657F2DE934F0EC22	127	PARENT_CDR3_DIVERSITY	lower_rank_or_diversity_quota_after_complete_static_review	PASS_DESCRIPTIVE_COMPLETE
NODE1GEN_165911_source_fixed_pose_mpnn_source_id_P500K__FIXED_POSE_MPNN__C659D7155AF93E4F	128	PARENT_CDR3_DIVERSITY	lower_rank_or_diversity_quota_after_complete_static_review	PASS_DESCRIPTIVE_COMPLETE
NODE1GEN_002915_source_rfantibody_source_id_PVRIG_RFAb_v2_P1_ekg_L_bb245_mpn05_arm_P1_ekg_L_backbone_P1_ekg_L_bb245_status_NEEDS_RF2_AND_DOCKING	129	CORE_EXPLOITATION	lower_rank_or_diversity_quota_after_complete_static_review	PASS_DESCRIPTIVE_COMPLETE
NODE1GEN_061921_source_rfantibody_source_id_PVRIG_RFAb_v2_P3_qkg_L_bb308_mpn07_arm_P3_qkg_L_backbone_P3_qkg_L_bb308_status_NEEDS_RF2_AND_DOCKING	130	CORE_EXPLOITATION	lower_rank_or_diversity_quota_after_complete_static_review	PASS_DESCRIPTIVE_COMPLETE
NODE1GEN_077456_source_rfantibody_source_id_PVRIG_RFAb_v2_P4_ekg_L_bb209_mpn08_arm_P4_ekg_L_backbone_P4_ekg_L_bb209_status_NEEDS_RF2_AND_DOCKING	131	PARENT_CDR3_DIVERSITY	lower_rank_or_diversity_quota_after_complete_static_review	PASS_DESCRIPTIVE_COMPLETE
NODE1GEN_176983_source_fixed_pose_mpnn_source_id_P500K__FIXED_POSE_MPNN__CADA1C383CFF3444	132	STRUCTURAL_RESERVE	lower_rank_or_diversity_quota_after_complete_static_review	PASS_DESCRIPTIVE_COMPLETE
P1MCPUFP__CPUFP500K_0108__00054	133	CORE_EXPLOITATION	lower_rank_or_diversity_quota_after_complete_static_review	PASS_DESCRIPTIVE_COMPLETE
P1MCPUFP__CPUFP500K_0188__00364	134	CORE_EXPLOITATION	lower_rank_or_diversity_quota_after_complete_static_review	PASS_DESCRIPTIVE_COMPLETE
NODE1GEN_154219_source_fixed_pose_mpnn_source_id_P500K__FIXED_POSE_MPNN__584FFC86F5EDA3D3	135	CORE_EXPLOITATION	lower_rank_or_diversity_quota_after_complete_static_review	PASS_DESCRIPTIVE_COMPLETE
NODE1GEN_288837_source_fixed_pose_mpnn_source_id_P500K__FIXED_POSE_MPNN__D733E098C5876CB6	136	CORE_EXPLOITATION	lower_rank_or_diversity_quota_after_complete_static_review	PASS_DESCRIPTIVE_COMPLETE
NODE1GEN_178939_source_fixed_pose_mpnn_source_id_P500K__FIXED_POSE_MPNN__FE5362197697D410	138	STRUCTURAL_RESERVE	lower_rank_or_diversity_quota_after_complete_static_review	PASS_DESCRIPTIVE_COMPLETE
NODE1GEN_151940_source_fixed_pose_mpnn_source_id_P500K__FIXED_POSE_MPNN__BA9A274B74A117A6	139	CORE_EXPLOITATION	lower_rank_or_diversity_quota_after_complete_static_review	PASS_DESCRIPTIVE_COMPLETE
NODE1GEN_144381_source_rfantibody_source_id_PVRIG_RFAb_v2_P6_qrg_L_bb233_mpn08_arm_P6_qrg_L_backbone_P6_qrg_L_bb233_status_NEEDS_RF2_AND_DOCKING	140	CORE_EXPLOITATION	lower_rank_or_diversity_quota_after_complete_static_review	PASS_DESCRIPTIVE_COMPLETE
NODE1GEN_033467_source_rfantibody_source_id_PVRIG_RFAb_v2_P2_qkg_L_bb011_mpn01_arm_P2_qkg_L_backbone_P2_qkg_L_bb011_status_NEEDS_RF2_AND_DOCKING	141	STRUCTURAL_RESERVE	lower_rank_or_diversity_quota_after_complete_static_review	PASS_DESCRIPTIVE_COMPLETE
NODE1GEN_221956_source_fixed_pose_mpnn_source_id_P500K__FIXED_POSE_MPNN__509D0D64EB2171DC	142	PARENT_CDR3_DIVERSITY	lower_rank_or_diversity_quota_after_complete_static_review	PASS_DESCRIPTIVE_COMPLETE
NODE1GEN_051893_source_rfantibody_source_id_PVRIG_RFAb_v2_P3_ekg_L_bb163_mpn10_arm_P3_ekg_L_backbone_P3_ekg_L_bb163_status_NEEDS_RF2_AND_DOCKING	143	CORE_EXPLOITATION	lower_rank_or_diversity_quota_after_complete_static_review	PASS_DESCRIPTIVE_COMPLETE
NODE1GEN_271432_source_fixed_pose_mpnn_source_id_P500K__FIXED_POSE_MPNN__40026EC4686BF99A	144	PARENT_CDR3_DIVERSITY	lower_rank_or_diversity_quota_after_complete_static_review	PASS_DESCRIPTIVE_COMPLETE
NODE1GEN_126149_source_rfantibody_source_id_PVRIG_RFAb_v2_P6_ekg_L_bb096_mpn04_arm_P6_ekg_L_backbone_P6_ekg_L_bb096_status_NEEDS_RF2_AND_DOCKING	145	STRUCTURAL_RESERVE	lower_rank_or_diversity_quota_after_complete_static_review	PASS_DESCRIPTIVE_COMPLETE
NODE1GEN_201531_source_fixed_pose_mpnn_source_id_P500K__FIXED_POSE_MPNN__3F954E5AB328112B	146	PARENT_CDR3_DIVERSITY	lower_rank_or_diversity_quota_after_complete_static_review	PASS_DESCRIPTIVE_COMPLETE
P1MCPUFP__CPUFP500K_0185__00273	147	CORE_EXPLOITATION	lower_rank_or_diversity_quota_after_complete_static_review	PASS_DESCRIPTIVE_COMPLETE
NODE1GEN_156392_source_fixed_pose_mpnn_source_id_P500K__FIXED_POSE_MPNN__B4D50FADE83974CB	148	PARENT_CDR3_DIVERSITY	lower_rank_or_diversity_quota_after_complete_static_review	PASS_DESCRIPTIVE_COMPLETE
P1MCPUFP__CPUFP500K_0287__00280	149	STRUCTURAL_RESERVE	lower_rank_or_diversity_quota_after_complete_static_review	PASS_DESCRIPTIVE_COMPLETE
P1MCPUFP__CPUFP500K_0032__00118	150	CORE_EXPLOITATION	lower_rank_or_diversity_quota_after_complete_static_review	PASS_DESCRIPTIVE_COMPLETE
NODE1GEN_102199_source_rfantibody_source_id_PVRIG_RFAb_v2_P5_ekg_L_bb186_mpn00_arm_P5_ekg_L_backbone_P5_ekg_L_bb186_status_NEEDS_RF2_AND_DOCKING	151	PARENT_CDR3_DIVERSITY	lower_rank_or_diversity_quota_after_complete_static_review	PASS_DESCRIPTIVE_COMPLETE
P1MCPUFP__CPUFP500K_0034__00437	152	PARENT_CDR3_DIVERSITY	lower_rank_or_diversity_quota_after_complete_static_review	PASS_DESCRIPTIVE_COMPLETE
NODE1GEN_272314_source_fixed_pose_mpnn_source_id_P500K__FIXED_POSE_MPNN__0D31242E5AE7AF6D	153	CORE_EXPLOITATION	lower_rank_or_diversity_quota_after_complete_static_review	PASS_DESCRIPTIVE_COMPLETE
NODE1GEN_151994_source_fixed_pose_mpnn_source_id_P500K__FIXED_POSE_MPNN__095CF3A6EB23566F	154	PARENT_CDR3_DIVERSITY	lower_rank_or_diversity_quota_after_complete_static_review	PASS_DESCRIPTIVE_COMPLETE
NODE1GEN_168230_source_fixed_pose_mpnn_source_id_P500K__FIXED_POSE_MPNN__8C23BFE9B2C11851	155	PARENT_CDR3_DIVERSITY	lower_rank_or_diversity_quota_after_complete_static_review	PASS_DESCRIPTIVE_COMPLETE
NODE1GEN_143241_source_rfantibody_source_id_PVRIG_RFAb_v2_P6_qrg_L_bb136_mpn00_arm_P6_qrg_L_backbone_P6_qrg_L_bb136_status_NEEDS_RF2_AND_DOCKING	156	CORE_EXPLOITATION	lower_rank_or_diversity_quota_after_complete_static_review	PASS_DESCRIPTIVE_COMPLETE
NODE1GEN_009307_source_rfantibody_source_id_PVRIG_RFAb_v2_P1_qkg_L_bb081_mpn03_arm_P1_qkg_L_backbone_P1_qkg_L_bb081_status_NEEDS_RF2_AND_DOCKING	157	PARENT_CDR3_DIVERSITY	lower_rank_or_diversity_quota_after_complete_static_review	PASS_DESCRIPTIVE_COMPLETE
NODE1GEN_076728_source_rfantibody_source_id_PVRIG_RFAb_v2_P4_ekg_L_bb147_mpn01_arm_P4_ekg_L_backbone_P4_ekg_L_bb147_status_NEEDS_RF2_AND_DOCKING	158	CORE_EXPLOITATION	lower_rank_or_diversity_quota_after_complete_static_review	PASS_DESCRIPTIVE_COMPLETE
NODE1GEN_019683_source_rfantibody_source_id_PVRIG_RFAb_v2_P1_qrg_L_bb254_mpn01_arm_P1_qrg_L_backbone_P1_qrg_L_bb254_status_NEEDS_RF2_AND_DOCKING	159	CORE_EXPLOITATION	lower_rank_or_diversity_quota_after_complete_static_review	PASS_DESCRIPTIVE_COMPLETE
NODE1GEN_168057_source_fixed_pose_mpnn_source_id_P500K__FIXED_POSE_MPNN__C6D9EE6E5AB15853	160	STRUCTURAL_RESERVE	lower_rank_or_diversity_quota_after_complete_static_review	PASS_DESCRIPTIVE_COMPLETE
NODE1GEN_087316_source_rfantibody_source_id_PVRIG_RFAb_v2_P4_qkg_L_bb342_mpn00_arm_P4_qkg_L_backbone_P4_qkg_L_bb342_status_NEEDS_RF2_AND_DOCKING	161	CORE_EXPLOITATION	lower_rank_or_diversity_quota_after_complete_static_review	PASS_DESCRIPTIVE_COMPLETE
NODE1GEN_068144_source_rfantibody_source_id_PVRIG_RFAb_v2_P3_qrg_L_bb125_mpn00_arm_P3_qrg_L_backbone_P3_qrg_L_bb125_status_NEEDS_RF2_AND_DOCKING	162	CORE_EXPLOITATION	lower_rank_or_diversity_quota_after_complete_static_review	PASS_DESCRIPTIVE_COMPLETE
P1MCPUFP__CPUFP500K_0388__00663	163	CORE_EXPLOITATION	lower_rank_or_diversity_quota_after_complete_static_review	PASS_DESCRIPTIVE_COMPLETE
NODE1GEN_196410_source_fixed_pose_mpnn_source_id_P500K__FIXED_POSE_MPNN__2B1CBB97A950EFB5	164	STRUCTURAL_RESERVE	lower_rank_or_diversity_quota_after_complete_static_review	PASS_DESCRIPTIVE_COMPLETE
NODE1GEN_198055_source_fixed_pose_mpnn_source_id_P500K__FIXED_POSE_MPNN__943D934F5A2D8CF4	165	CORE_EXPLOITATION	lower_rank_or_diversity_quota_after_complete_static_review	PASS_DESCRIPTIVE_COMPLETE
NODE1GEN_009485_source_rfantibody_source_id_PVRIG_RFAb_v2_P1_qkg_L_bb096_mpn05_arm_P1_qkg_L_backbone_P1_qkg_L_bb096_status_NEEDS_RF2_AND_DOCKING	166	CORE_EXPLOITATION	lower_rank_or_diversity_quota_after_complete_static_review	PASS_DESCRIPTIVE_COMPLETE
NODE1GEN_036058_source_rfantibody_source_id_PVRIG_RFAb_v2_P2_qkg_L_bb231_mpn11_arm_P2_qkg_L_backbone_P2_qkg_L_bb231_status_NEEDS_RF2_AND_DOCKING	167	PARENT_CDR3_DIVERSITY	lower_rank_or_diversity_quota_after_complete_static_review	PASS_DESCRIPTIVE_COMPLETE
NODE1GEN_027216_source_rfantibody_source_id_PVRIG_RFAb_v2_P2_ekg_L_bb187_mpn11_arm_P2_ekg_L_backbone_P2_ekg_L_bb187_status_NEEDS_RF2_AND_DOCKING	168	CORE_EXPLOITATION	lower_rank_or_diversity_quota_after_complete_static_review	PASS_DESCRIPTIVE_COMPLETE
NODE1GEN_036216_source_rfantibody_source_id_PVRIG_RFAb_v2_P2_qkg_L_bb245_mpn01_arm_P2_qkg_L_backbone_P2_qkg_L_bb245_status_NEEDS_RF2_AND_DOCKING	169	CORE_EXPLOITATION	lower_rank_or_diversity_quota_after_complete_static_review	PASS_DESCRIPTIVE_COMPLETE
NODE1GEN_036343_source_rfantibody_source_id_PVRIG_RFAb_v2_P2_qkg_L_bb255_mpn08_arm_P2_qkg_L_backbone_P2_qkg_L_bb255_status_NEEDS_RF2_AND_DOCKING	170	PARENT_CDR3_DIVERSITY	lower_rank_or_diversity_quota_after_complete_static_review	PASS_DESCRIPTIVE_COMPLETE
NODE1GEN_043315_source_rfantibody_source_id_PVRIG_RFAb_v2_P2_qrg_L_bb139_mpn03_arm_P2_qrg_L_backbone_P2_qrg_L_bb139_status_NEEDS_RF2_AND_DOCKING	171	CORE_EXPLOITATION	lower_rank_or_diversity_quota_after_complete_static_review	PASS_DESCRIPTIVE_COMPLETE
NODE1GEN_188072_source_fixed_pose_mpnn_source_id_P500K__FIXED_POSE_MPNN__3B135C34FC9E825E	172	CORE_EXPLOITATION	lower_rank_or_diversity_quota_after_complete_static_review	PASS_DESCRIPTIVE_COMPLETE
P1MCPUFP__CPUFP500K_0287__00389	173	CORE_EXPLOITATION	lower_rank_or_diversity_quota_after_complete_static_review	PASS_DESCRIPTIVE_COMPLETE
NODE1GEN_000094_source_rfantibody_source_id_PVRIG_RFAb_v2_P1_ekg_L_bb007_mpn09_arm_P1_ekg_L_backbone_P1_ekg_L_bb007_status_NEEDS_RF2_AND_DOCKING	174	CORE_EXPLOITATION	lower_rank_or_diversity_quota_after_complete_static_review	PASS_DESCRIPTIVE_COMPLETE
NODE1GEN_119392_source_rfantibody_source_id_PVRIG_RFAb_v2_P5_qrg_L_bb233_mpn10_arm_P5_qrg_L_backbone_P5_qrg_L_bb233_status_NEEDS_RF2_AND_DOCKING	175	CORE_EXPLOITATION	lower_rank_or_diversity_quota_after_complete_static_review	PASS_DESCRIPTIVE_COMPLETE
NODE1GEN_151908_source_fixed_pose_mpnn_source_id_P500K__FIXED_POSE_MPNN__32556BF92BC63BD2	176	STRUCTURAL_RESERVE	lower_rank_or_diversity_quota_after_complete_static_review	PASS_DESCRIPTIVE_COMPLETE
NODE1GEN_163937_source_fixed_pose_mpnn_source_id_P500K__FIXED_POSE_MPNN__4D083647E5B97FE5	177	CORE_EXPLOITATION	lower_rank_or_diversity_quota_after_complete_static_review	PASS_DESCRIPTIVE_COMPLETE
NODE1GEN_195945_source_fixed_pose_mpnn_source_id_P500K__FIXED_POSE_MPNN__B9AD044ACF0FF866	178	PARENT_CDR3_DIVERSITY	lower_rank_or_diversity_quota_after_complete_static_review	PASS_DESCRIPTIVE_COMPLETE
NODE1GEN_173980_source_fixed_pose_mpnn_source_id_P500K__FIXED_POSE_MPNN__133E09CA5896DF41	179	CORE_EXPLOITATION	lower_rank_or_diversity_quota_after_complete_static_review	PASS_DESCRIPTIVE_COMPLETE
NODE1GEN_053694_source_rfantibody_source_id_PVRIG_RFAb_v2_P3_ekg_L_bb319_mpn00_arm_P3_ekg_L_backbone_P3_ekg_L_bb319_status_NEEDS_RF2_AND_DOCKING	180	CORE_EXPLOITATION	lower_rank_or_diversity_quota_after_complete_static_review	PASS_DESCRIPTIVE_COMPLETE
NODE1GEN_189344_source_fixed_pose_mpnn_source_id_P500K__FIXED_POSE_MPNN__2B2CC4E2444FCF1B	181	PARENT_CDR3_DIVERSITY	lower_rank_or_diversity_quota_after_complete_static_review	PASS_DESCRIPTIVE_COMPLETE
NODE1GEN_118289_source_rfantibody_source_id_PVRIG_RFAb_v2_P5_qrg_L_bb138_mpn01_arm_P5_qrg_L_backbone_P5_qrg_L_bb138_status_NEEDS_RF2_AND_DOCKING	182	CORE_EXPLOITATION	lower_rank_or_diversity_quota_after_complete_static_review	PASS_DESCRIPTIVE_COMPLETE
NODE1GEN_201462_source_fixed_pose_mpnn_source_id_P500K__FIXED_POSE_MPNN__5134F4568C10A967	183	STRUCTURAL_RESERVE	lower_rank_or_diversity_quota_after_complete_static_review	PASS_DESCRIPTIVE_COMPLETE
NODE1GEN_126207_source_rfantibody_source_id_PVRIG_RFAb_v2_P6_ekg_L_bb100_mpn10_arm_P6_ekg_L_backbone_P6_ekg_L_bb100_status_NEEDS_RF2_AND_DOCKING	184	STRUCTURAL_RESERVE	lower_rank_or_diversity_quota_after_complete_static_review	PASS_DESCRIPTIVE_COMPLETE
NODE1GEN_011685_source_rfantibody_source_id_PVRIG_RFAb_v2_P1_qkg_L_bb285_mpn02_arm_P1_qkg_L_backbone_P1_qkg_L_bb285_status_NEEDS_RF2_AND_DOCKING	185	CORE_EXPLOITATION	lower_rank_or_diversity_quota_after_complete_static_review	PASS_DESCRIPTIVE_COMPLETE
NODE1GEN_213095_source_fixed_pose_mpnn_source_id_P500K__FIXED_POSE_MPNN__82002F3B83B2D691	187	CORE_EXPLOITATION	lower_rank_or_diversity_quota_after_complete_static_review	PASS_DESCRIPTIVE_COMPLETE
NODE1GEN_180637_source_fixed_pose_mpnn_source_id_P500K__FIXED_POSE_MPNN__17DC12515C6537E9	188	PARENT_CDR3_DIVERSITY	lower_rank_or_diversity_quota_after_complete_static_review	PASS_DESCRIPTIVE_COMPLETE
NODE1GEN_051411_source_rfantibody_source_id_PVRIG_RFAb_v2_P3_ekg_L_bb120_mpn04_arm_P3_ekg_L_backbone_P3_ekg_L_bb120_status_NEEDS_RF2_AND_DOCKING	189	CORE_EXPLOITATION	lower_rank_or_diversity_quota_after_complete_static_review	PASS_DESCRIPTIVE_COMPLETE
NODE1GEN_126924_source_rfantibody_source_id_PVRIG_RFAb_v2_P6_ekg_L_bb165_mpn04_arm_P6_ekg_L_backbone_P6_ekg_L_bb165_status_NEEDS_RF2_AND_DOCKING	190	CORE_EXPLOITATION	lower_rank_or_diversity_quota_after_complete_static_review	PASS_DESCRIPTIVE_COMPLETE
NODE1GEN_128374_source_rfantibody_source_id_PVRIG_RFAb_v2_P6_ekg_L_bb291_mpn02_arm_P6_ekg_L_backbone_P6_ekg_L_bb291_status_NEEDS_RF2_AND_DOCKING	191	CORE_EXPLOITATION	lower_rank_or_diversity_quota_after_complete_static_review	PASS_DESCRIPTIVE_COMPLETE
NODE1GEN_251941_source_fixed_pose_mpnn_source_id_P500K__FIXED_POSE_MPNN__BA8D56110B376AAE	192	STRUCTURAL_RESERVE	lower_rank_or_diversity_quota_after_complete_static_review	PASS_DESCRIPTIVE_COMPLETE
NODE1GEN_002672_source_rfantibody_source_id_PVRIG_RFAb_v2_P1_ekg_L_bb223_mpn02_arm_P1_ekg_L_backbone_P1_ekg_L_bb223_status_NEEDS_RF2_AND_DOCKING	193	CORE_EXPLOITATION	lower_rank_or_diversity_quota_after_complete_static_review	PASS_DESCRIPTIVE_COMPLETE
NODE1GEN_051311_source_rfantibody_source_id_PVRIG_RFAb_v2_P3_ekg_L_bb112_mpn00_arm_P3_ekg_L_backbone_P3_ekg_L_bb112_status_NEEDS_RF2_AND_DOCKING	194	PARENT_CDR3_DIVERSITY	lower_rank_or_diversity_quota_after_complete_static_review	PASS_DESCRIPTIVE_COMPLETE
NODE1GEN_075729_source_rfantibody_source_id_PVRIG_RFAb_v2_P4_ekg_L_bb061_mpn07_arm_P4_ekg_L_backbone_P4_ekg_L_bb061_status_NEEDS_RF2_AND_DOCKING	195	STRUCTURAL_RESERVE	lower_rank_or_diversity_quota_after_complete_static_review	PASS_DESCRIPTIVE_COMPLETE
NODE1GEN_203334_source_fixed_pose_mpnn_source_id_P500K__FIXED_POSE_MPNN__C6AFC52AFDE05DB2	196	CORE_EXPLOITATION	lower_rank_or_diversity_quota_after_complete_static_review	PASS_DESCRIPTIVE_COMPLETE
NODE1GEN_026144_source_rfantibody_source_id_PVRIG_RFAb_v2_P2_ekg_L_bb096_mpn05_arm_P2_ekg_L_backbone_P2_ekg_L_bb096_status_NEEDS_RF2_AND_DOCKING	197	CORE_EXPLOITATION	lower_rank_or_diversity_quota_after_complete_static_review	PASS_DESCRIPTIVE_COMPLETE
NODE1GEN_009542_source_rfantibody_source_id_PVRIG_RFAb_v2_P1_qkg_L_bb101_mpn02_arm_P1_qkg_L_backbone_P1_qkg_L_bb101_status_NEEDS_RF2_AND_DOCKING	198	STRUCTURAL_RESERVE	lower_rank_or_diversity_quota_after_complete_static_review	PASS_DESCRIPTIVE_COMPLETE
NODE1GEN_128495_source_rfantibody_source_id_PVRIG_RFAb_v2_P6_ekg_L_bb301_mpn11_arm_P6_ekg_L_backbone_P6_ekg_L_bb301_status_NEEDS_RF2_AND_DOCKING	199	STRUCTURAL_RESERVE	lower_rank_or_diversity_quota_after_complete_static_review	PASS_DESCRIPTIVE_COMPLETE
NODE1GEN_076197_source_rfantibody_source_id_PVRIG_RFAb_v2_P4_ekg_L_bb101_mpn02_arm_P4_ekg_L_backbone_P4_ekg_L_bb101_status_NEEDS_RF2_AND_DOCKING	200	CORE_EXPLOITATION	lower_rank_or_diversity_quota_after_complete_static_review	PASS_DESCRIPTIVE_COMPLETE
NODE1GEN_069379_source_rfantibody_source_id_PVRIG_RFAb_v2_P3_qrg_L_bb230_mpn11_arm_P3_qrg_L_backbone_P3_qrg_L_bb230_status_NEEDS_RF2_AND_DOCKING	201	CORE_EXPLOITATION	lower_rank_or_diversity_quota_after_complete_static_review	PASS_DESCRIPTIVE_COMPLETE
NODE1GEN_051626_source_rfantibody_source_id_PVRIG_RFAb_v2_P3_ekg_L_bb139_mpn05_arm_P3_ekg_L_backbone_P3_ekg_L_bb139_status_NEEDS_RF2_AND_DOCKING	202	PARENT_CDR3_DIVERSITY	lower_rank_or_diversity_quota_after_complete_static_review	PASS_DESCRIPTIVE_COMPLETE
NODE1GEN_168669_source_fixed_pose_mpnn_source_id_P500K__FIXED_POSE_MPNN__113352D574941348	204	CORE_EXPLOITATION	lower_rank_or_diversity_quota_after_complete_static_review	PASS_DESCRIPTIVE_COMPLETE
NODE1GEN_028413_source_rfantibody_source_id_PVRIG_RFAb_v2_P2_ekg_L_bb290_mpn06_arm_P2_ekg_L_backbone_P2_ekg_L_bb290_status_NEEDS_RF2_AND_DOCKING	205	PARENT_CDR3_DIVERSITY	lower_rank_or_diversity_quota_after_complete_static_review	PASS_DESCRIPTIVE_COMPLETE
NODE1GEN_199069_source_fixed_pose_mpnn_source_id_P500K__FIXED_POSE_MPNN__CEC27A7DDC439C32	206	CORE_EXPLOITATION	lower_rank_or_diversity_quota_after_complete_static_review	PASS_DESCRIPTIVE_COMPLETE
NODE1GEN_290023_source_fixed_pose_mpnn_source_id_P500K__FIXED_POSE_MPNN__15C498FF50D39927	207	CORE_EXPLOITATION	lower_rank_or_diversity_quota_after_complete_static_review	PASS_DESCRIPTIVE_COMPLETE
NODE1GEN_164530_source_fixed_pose_mpnn_source_id_P500K__FIXED_POSE_MPNN__4CF6C761C1E4D258	208	CORE_EXPLOITATION	lower_rank_or_diversity_quota_after_complete_static_review	PASS_DESCRIPTIVE_COMPLETE
NODE1GEN_103010_source_rfantibody_source_id_PVRIG_RFAb_v2_P5_ekg_L_bb256_mpn03_arm_P5_ekg_L_backbone_P5_ekg_L_bb256_status_NEEDS_RF2_AND_DOCKING	209	CORE_EXPLOITATION	lower_rank_or_diversity_quota_after_complete_static_review	PASS_DESCRIPTIVE_COMPLETE
NODE1GEN_077082_source_rfantibody_source_id_PVRIG_RFAb_v2_P4_ekg_L_bb177_mpn10_arm_P4_ekg_L_backbone_P4_ekg_L_bb177_status_NEEDS_RF2_AND_DOCKING	210	CORE_EXPLOITATION	lower_rank_or_diversity_quota_after_complete_static_review	PASS_DESCRIPTIVE_COMPLETE
NODE1GEN_018274_source_rfantibody_source_id_PVRIG_RFAb_v2_P1_qrg_L_bb134_mpn06_arm_P1_qrg_L_backbone_P1_qrg_L_bb134_status_NEEDS_RF2_AND_DOCKING	211	CORE_EXPLOITATION	lower_rank_or_diversity_quota_after_complete_static_review	PASS_DESCRIPTIVE_COMPLETE
NODE1GEN_045041_source_rfantibody_source_id_PVRIG_RFAb_v2_P2_qrg_L_bb285_mpn09_arm_P2_qrg_L_backbone_P2_qrg_L_bb285_status_NEEDS_RF2_AND_DOCKING	212	PARENT_CDR3_DIVERSITY	lower_rank_or_diversity_quota_after_complete_static_review	PASS_DESCRIPTIVE_COMPLETE
NODE1GEN_061840_source_rfantibody_source_id_PVRIG_RFAb_v2_P3_qkg_L_bb301_mpn06_arm_P3_qkg_L_backbone_P3_qkg_L_bb301_status_NEEDS_RF2_AND_DOCKING	213	STRUCTURAL_RESERVE	lower_rank_or_diversity_quota_after_complete_static_review	PASS_DESCRIPTIVE_COMPLETE
NODE1GEN_215041_source_fixed_pose_mpnn_source_id_P500K__FIXED_POSE_MPNN__E4628F676FAEE585	214	CORE_EXPLOITATION	lower_rank_or_diversity_quota_after_complete_static_review	PASS_DESCRIPTIVE_COMPLETE
NODE1GEN_128348_source_rfantibody_source_id_PVRIG_RFAb_v2_P6_ekg_L_bb288_mpn06_arm_P6_ekg_L_backbone_P6_ekg_L_bb288_status_NEEDS_RF2_AND_DOCKING	215	STRUCTURAL_RESERVE	lower_rank_or_diversity_quota_after_complete_static_review	PASS_DESCRIPTIVE_COMPLETE
NODE1GEN_278439_source_fixed_pose_mpnn_source_id_P500K__FIXED_POSE_MPNN__94039DC3BA2DC9D3	216	CORE_EXPLOITATION	lower_rank_or_diversity_quota_after_complete_static_review	PASS_DESCRIPTIVE_COMPLETE
NODE1GEN_277894_source_fixed_pose_mpnn_source_id_P500K__FIXED_POSE_MPNN__395DAC78C890AAD5	217	STRUCTURAL_RESERVE	lower_rank_or_diversity_quota_after_complete_static_review	PASS_DESCRIPTIVE_COMPLETE
NODE1GEN_127720_source_rfantibody_source_id_PVRIG_RFAb_v2_P6_ekg_L_bb233_mpn07_arm_P6_ekg_L_backbone_P6_ekg_L_bb233_status_NEEDS_RF2_AND_DOCKING	218	CORE_EXPLOITATION	lower_rank_or_diversity_quota_after_complete_static_review	PASS_DESCRIPTIVE_COMPLETE
NODE1GEN_003050_source_rfantibody_source_id_PVRIG_RFAb_v2_P1_ekg_L_bb258_mpn00_arm_P1_ekg_L_backbone_P1_ekg_L_bb258_status_NEEDS_RF2_AND_DOCKING	219	CORE_EXPLOITATION	lower_rank_or_diversity_quota_after_complete_static_review	PASS_DESCRIPTIVE_COMPLETE
NODE1GEN_100335_source_rfantibody_source_id_PVRIG_RFAb_v2_P5_ekg_L_bb026_mpn02_arm_P5_ekg_L_backbone_P5_ekg_L_bb026_status_NEEDS_RF2_AND_DOCKING	220	CORE_EXPLOITATION	lower_rank_or_diversity_quota_after_complete_static_review	PASS_DESCRIPTIVE_COMPLETE
NODE1GEN_111728_source_rfantibody_source_id_PVRIG_RFAb_v2_P5_qkg_L_bb290_mpn07_arm_P5_qkg_L_backbone_P5_qkg_L_bb290_status_NEEDS_RF2_AND_DOCKING	221	CORE_EXPLOITATION	lower_rank_or_diversity_quota_after_complete_static_review	PASS_DESCRIPTIVE_COMPLETE
NODE1GEN_278997_source_fixed_pose_mpnn_source_id_P500K__FIXED_POSE_MPNN__DE626504C9230CE0	222	STRUCTURAL_RESERVE	lower_rank_or_diversity_quota_after_complete_static_review	PASS_DESCRIPTIVE_COMPLETE
NODE1GEN_076914_source_rfantibody_source_id_PVRIG_RFAb_v2_P4_ekg_L_bb163_mpn05_arm_P4_ekg_L_backbone_P4_ekg_L_bb163_status_NEEDS_RF2_AND_DOCKING	223	CORE_EXPLOITATION	lower_rank_or_diversity_quota_after_complete_static_review	PASS_DESCRIPTIVE_COMPLETE
NODE1GEN_144380_source_rfantibody_source_id_PVRIG_RFAb_v2_P6_qrg_L_bb233_mpn07_arm_P6_qrg_L_backbone_P6_qrg_L_bb233_status_NEEDS_RF2_AND_DOCKING	224	CORE_EXPLOITATION	lower_rank_or_diversity_quota_after_complete_static_review	PASS_DESCRIPTIVE_COMPLETE
NODE1GEN_078389_source_rfantibody_source_id_PVRIG_RFAb_v2_P4_ekg_L_bb288_mpn10_arm_P4_ekg_L_backbone_P4_ekg_L_bb288_status_NEEDS_RF2_AND_DOCKING	225	CORE_EXPLOITATION	lower_rank_or_diversity_quota_after_complete_static_review	PASS_DESCRIPTIVE_COMPLETE
NODE1GEN_152177_source_fixed_pose_mpnn_source_id_P500K__FIXED_POSE_MPNN__511C39B79D5137E7	226	CORE_EXPLOITATION	lower_rank_or_diversity_quota_after_complete_static_review	PASS_DESCRIPTIVE_COMPLETE
NODE1GEN_109756_source_rfantibody_source_id_PVRIG_RFAb_v2_P5_qkg_L_bb119_mpn03_arm_P5_qkg_L_backbone_P5_qkg_L_bb119_status_NEEDS_RF2_AND_DOCKING	227	PARENT_CDR3_DIVERSITY	lower_rank_or_diversity_quota_after_complete_static_review	PASS_DESCRIPTIVE_COMPLETE
NODE1GEN_042621_source_rfantibody_source_id_PVRIG_RFAb_v2_P2_qrg_L_bb080_mpn04_arm_P2_qrg_L_backbone_P2_qrg_L_bb080_status_NEEDS_RF2_AND_DOCKING	228	STRUCTURAL_RESERVE	lower_rank_or_diversity_quota_after_complete_static_review	PASS_DESCRIPTIVE_COMPLETE
NODE1GEN_287314_source_fixed_pose_mpnn_source_id_P500K__FIXED_POSE_MPNN__85773B46EAD289A8	229	PARENT_CDR3_DIVERSITY	lower_rank_or_diversity_quota_after_complete_static_review	PASS_DESCRIPTIVE_COMPLETE
NODE1GEN_062170_source_rfantibody_source_id_PVRIG_RFAb_v2_P3_qkg_L_bb330_mpn00_arm_P3_qkg_L_backbone_P3_qkg_L_bb330_status_NEEDS_RF2_AND_DOCKING	230	CORE_EXPLOITATION	lower_rank_or_diversity_quota_after_complete_static_review	PASS_DESCRIPTIVE_COMPLETE
NODE1GEN_052437_source_rfantibody_source_id_PVRIG_RFAb_v2_P3_ekg_L_bb210_mpn05_arm_P3_ekg_L_backbone_P3_ekg_L_bb210_status_NEEDS_RF2_AND_DOCKING	231	STRUCTURAL_RESERVE	lower_rank_or_diversity_quota_after_complete_static_review	PASS_DESCRIPTIVE_COMPLETE
NODE1GEN_110975_source_rfantibody_source_id_PVRIG_RFAb_v2_P5_qkg_L_bb225_mpn05_arm_P5_qkg_L_backbone_P5_qkg_L_bb225_status_NEEDS_RF2_AND_DOCKING	232	CORE_EXPLOITATION	lower_rank_or_diversity_quota_after_complete_static_review	PASS_DESCRIPTIVE_COMPLETE
NODE1GEN_058478_source_rfantibody_source_id_PVRIG_RFAb_v2_P3_qkg_L_bb011_mpn10_arm_P3_qkg_L_backbone_P3_qkg_L_bb011_status_NEEDS_RF2_AND_DOCKING	233	CORE_EXPLOITATION	lower_rank_or_diversity_quota_after_complete_static_review	PASS_DESCRIPTIVE_COMPLETE
NODE1GEN_108483_source_rfantibody_source_id_PVRIG_RFAb_v2_P5_qkg_L_bb011_mpn10_arm_P5_qkg_L_backbone_P5_qkg_L_bb011_status_NEEDS_RF2_AND_DOCKING	234	CORE_EXPLOITATION	lower_rank_or_diversity_quota_after_complete_static_review	PASS_DESCRIPTIVE_COMPLETE
NODE1GEN_173559_source_fixed_pose_mpnn_source_id_P500K__FIXED_POSE_MPNN__1209753C6909181E	235	PARENT_CDR3_DIVERSITY	lower_rank_or_diversity_quota_after_complete_static_review	PASS_DESCRIPTIVE_COMPLETE
NODE1GEN_050835_source_rfantibody_source_id_PVRIG_RFAb_v2_P3_ekg_L_bb070_mpn08_arm_P3_ekg_L_backbone_P3_ekg_L_bb070_status_NEEDS_RF2_AND_DOCKING	236	PARENT_CDR3_DIVERSITY	lower_rank_or_diversity_quota_after_complete_static_review	PASS_DESCRIPTIVE_COMPLETE
NODE1GEN_173810_source_fixed_pose_mpnn_source_id_P500K__FIXED_POSE_MPNN__E351CDD5A2A9C073	237	PARENT_CDR3_DIVERSITY	lower_rank_or_diversity_quota_after_complete_static_review	PASS_DESCRIPTIVE_COMPLETE
NODE1GEN_157506_source_fixed_pose_mpnn_source_id_P500K__FIXED_POSE_MPNN__FDBE0AA8BB2B338C	238	STRUCTURAL_RESERVE	lower_rank_or_diversity_quota_after_complete_static_review	PASS_DESCRIPTIVE_COMPLETE
NODE1GEN_042871_source_rfantibody_source_id_PVRIG_RFAb_v2_P2_qrg_L_bb101_mpn07_arm_P2_qrg_L_backbone_P2_qrg_L_bb101_status_NEEDS_RF2_AND_DOCKING	239	CORE_EXPLOITATION	lower_rank_or_diversity_quota_after_complete_static_review	PASS_DESCRIPTIVE_COMPLETE
NODE1GEN_034111_source_rfantibody_source_id_PVRIG_RFAb_v2_P2_qkg_L_bb066_mpn01_arm_P2_qkg_L_backbone_P2_qkg_L_bb066_status_NEEDS_RF2_AND_DOCKING	240	CORE_EXPLOITATION	lower_rank_or_diversity_quota_after_complete_static_review	PASS_DESCRIPTIVE_COMPLETE
NODE1GEN_078148_source_rfantibody_source_id_PVRIG_RFAb_v2_P4_ekg_L_bb268_mpn00_arm_P4_ekg_L_backbone_P4_ekg_L_bb268_status_NEEDS_RF2_AND_DOCKING	241	CORE_EXPLOITATION	lower_rank_or_diversity_quota_after_complete_static_review	PASS_DESCRIPTIVE_COMPLETE
NODE1GEN_135941_source_rfantibody_source_id_PVRIG_RFAb_v2_P6_qkg_L_bb225_mpn11_arm_P6_qkg_L_backbone_P6_qkg_L_bb225_status_NEEDS_RF2_AND_DOCKING	242	CORE_EXPLOITATION	lower_rank_or_diversity_quota_after_complete_static_review	PASS_DESCRIPTIVE_COMPLETE
NODE1GEN_127824_source_rfantibody_source_id_PVRIG_RFAb_v2_P6_ekg_L_bb242_mpn00_arm_P6_ekg_L_backbone_P6_ekg_L_bb242_status_NEEDS_RF2_AND_DOCKING	243	CORE_EXPLOITATION	lower_rank_or_diversity_quota_after_complete_static_review	PASS_DESCRIPTIVE_COMPLETE
NODE1GEN_137387_source_rfantibody_source_id_PVRIG_RFAb_v2_P6_qkg_L_bb350_mpn07_arm_P6_qkg_L_backbone_P6_qkg_L_bb350_status_NEEDS_RF2_AND_DOCKING	244	CORE_EXPLOITATION	lower_rank_or_diversity_quota_after_complete_static_review	PASS_DESCRIPTIVE_COMPLETE
NODE1GEN_044277_source_rfantibody_source_id_PVRIG_RFAb_v2_P2_qrg_L_bb220_mpn03_arm_P2_qrg_L_backbone_P2_qrg_L_bb220_status_NEEDS_RF2_AND_DOCKING	245	CORE_EXPLOITATION	lower_rank_or_diversity_quota_after_complete_static_review	PASS_DESCRIPTIVE_COMPLETE
P1MCPUFP__CPUFP500K_0188__00199	246	CORE_EXPLOITATION	lower_rank_or_diversity_quota_after_complete_static_review	PASS_DESCRIPTIVE_COMPLETE
P1MCPUFP__CPUFP500K_0083__00464	247	CORE_EXPLOITATION	lower_rank_or_diversity_quota_after_complete_static_review	PASS_DESCRIPTIVE_COMPLETE
P1MCPUFP__CPUFP500K_0298__00713	248	CORE_EXPLOITATION	lower_rank_or_diversity_quota_after_complete_static_review	PASS_DESCRIPTIVE_COMPLETE
P1MCPUFP__CPUFP500K_0100__00822	249	CORE_EXPLOITATION	lower_rank_or_diversity_quota_after_complete_static_review	PASS_DESCRIPTIVE_COMPLETE
P1MCPUFP__CPUFP500K_0086__00466	250	CORE_EXPLOITATION	lower_rank_or_diversity_quota_after_complete_static_review	PASS_DESCRIPTIVE_COMPLETE
P1MCPUFP__CPUFP500K_0496__00456	251	CORE_EXPLOITATION	lower_rank_or_diversity_quota_after_complete_static_review	PASS_DESCRIPTIVE_COMPLETE
P1MCPUFP__CPUFP500K_0206__00564	252	CORE_EXPLOITATION	lower_rank_or_diversity_quota_after_complete_static_review	PASS_DESCRIPTIVE_COMPLETE
P1MCPUFP__CPUFP500K_0091__00172	253	PARENT_CDR3_DIVERSITY	lower_rank_or_diversity_quota_after_complete_static_review	PASS_DESCRIPTIVE_COMPLETE
P1MCPUFP__CPUFP500K_0184__00187	254	CORE_EXPLOITATION	lower_rank_or_diversity_quota_after_complete_static_review	PASS_DESCRIPTIVE_COMPLETE
P1MCPUFP__CPUFP500K_0089__00488	255	CORE_EXPLOITATION	lower_rank_or_diversity_quota_after_complete_static_review	PASS_DESCRIPTIVE_COMPLETE
P1MCPUFP__CPUFP500K_0002__00851	256	CORE_EXPLOITATION	lower_rank_or_diversity_quota_after_complete_static_review	PASS_DESCRIPTIVE_COMPLETE
P1MCPUFP__CPUFP500K_0188__00715	257	CORE_EXPLOITATION	lower_rank_or_diversity_quota_after_complete_static_review	PASS_DESCRIPTIVE_COMPLETE
P1MCPUFP__CPUFP500K_0200__00524	258	CORE_EXPLOITATION	lower_rank_or_diversity_quota_after_complete_static_review	PASS_DESCRIPTIVE_COMPLETE
P1MCPUFP__CPUFP500K_0188__00094	259	CORE_EXPLOITATION	lower_rank_or_diversity_quota_after_complete_static_review	PASS_DESCRIPTIVE_COMPLETE
P1MCPUFP__CPUFP500K_0386__00669	260	CORE_EXPLOITATION	lower_rank_or_diversity_quota_after_complete_static_review	PASS_DESCRIPTIVE_COMPLETE
P1MCPUFP__CPUFP500K_0288__00866	261	STRUCTURAL_RESERVE	lower_rank_or_diversity_quota_after_complete_static_review	PASS_DESCRIPTIVE_COMPLETE
P1MCPUFP__CPUFP500K_0087__00755	262	STRUCTURAL_RESERVE	lower_rank_or_diversity_quota_after_complete_static_review	PASS_DESCRIPTIVE_COMPLETE
P1MCPUFP__CPUFP500K_0287__00867	263	CORE_EXPLOITATION	lower_rank_or_diversity_quota_after_complete_static_review	PASS_DESCRIPTIVE_COMPLETE
P1MCPUFP__CPUFP500K_0188__00631	264	CORE_EXPLOITATION	lower_rank_or_diversity_quota_after_complete_static_review	PASS_DESCRIPTIVE_COMPLETE
P1MCPUFP__CPUFP500K_0190__00879	265	PARENT_CDR3_DIVERSITY	lower_rank_or_diversity_quota_after_complete_static_review	PASS_DESCRIPTIVE_COMPLETE
P1MCPUFP__CPUFP500K_0091__00440	266	PARENT_CDR3_DIVERSITY	lower_rank_or_diversity_quota_after_complete_static_review	PASS_DESCRIPTIVE_COMPLETE
P1MCPUFP__CPUFP500K_0101__00798	267	CORE_EXPLOITATION	lower_rank_or_diversity_quota_after_complete_static_review	PASS_DESCRIPTIVE_COMPLETE
P1MCPUFP__CPUFP500K_0288__00812	268	STRUCTURAL_RESERVE	lower_rank_or_diversity_quota_after_complete_static_review	PASS_DESCRIPTIVE_COMPLETE
P1MCPUFP__CPUFP500K_0386__00808	269	CORE_EXPLOITATION	lower_rank_or_diversity_quota_after_complete_static_review	PASS_DESCRIPTIVE_COMPLETE
P1MCPUFP__CPUFP500K_0284__00666	270	STRUCTURAL_RESERVE	lower_rank_or_diversity_quota_after_complete_static_review	PASS_DESCRIPTIVE_COMPLETE
P1MCPUFP__CPUFP500K_0133__00282	271	PARENT_CDR3_DIVERSITY	lower_rank_or_diversity_quota_after_complete_static_review	PASS_DESCRIPTIVE_COMPLETE
P1MCPUFP__CPUFP500K_0036__00857	272	PARENT_CDR3_DIVERSITY	lower_rank_or_diversity_quota_after_complete_static_review	PASS_DESCRIPTIVE_COMPLETE
P1MCPUFP__CPUFP500K_0206__00634	273	CORE_EXPLOITATION	lower_rank_or_diversity_quota_after_complete_static_review	PASS_DESCRIPTIVE_COMPLETE
P1MCPUFP__CPUFP500K_0504__00926	274	CORE_EXPLOITATION	lower_rank_or_diversity_quota_after_complete_static_review	PASS_DESCRIPTIVE_COMPLETE
P1MCPUFP__CPUFP500K_0228__00457	275	CORE_EXPLOITATION	lower_rank_or_diversity_quota_after_complete_static_review	PASS_DESCRIPTIVE_COMPLETE
P1MCPUFP__CPUFP500K_0504__00900	276	CORE_EXPLOITATION	lower_rank_or_diversity_quota_after_complete_static_review	PASS_DESCRIPTIVE_COMPLETE
P1MCPUFP__CPUFP500K_0206__00415	277	CORE_EXPLOITATION	lower_rank_or_diversity_quota_after_complete_static_review	PASS_DESCRIPTIVE_COMPLETE
P1MCPUFP__CPUFP500K_0228__00259	278	CORE_EXPLOITATION	lower_rank_or_diversity_quota_after_complete_static_review	PASS_DESCRIPTIVE_COMPLETE
P1MCPUFP__CPUFP500K_0029__00258	279	PARENT_CDR3_DIVERSITY	lower_rank_or_diversity_quota_after_complete_static_review	PASS_DESCRIPTIVE_COMPLETE
P1MCPUFP__CPUFP500K_0108__00315	280	CORE_EXPLOITATION	lower_rank_or_diversity_quota_after_complete_static_review	PASS_DESCRIPTIVE_COMPLETE
P1MCPUFP__CPUFP500K_0134__00880	281	STRUCTURAL_RESERVE	lower_rank_or_diversity_quota_after_complete_static_review	PASS_DESCRIPTIVE_COMPLETE
P1MCPUFP__CPUFP500K_0207__00304	282	CORE_EXPLOITATION	lower_rank_or_diversity_quota_after_complete_static_review	PASS_DESCRIPTIVE_COMPLETE
P1MCPUFP__CPUFP500K_0496__00432	283	CORE_EXPLOITATION	lower_rank_or_diversity_quota_after_complete_static_review	PASS_DESCRIPTIVE_COMPLETE
P1MCPUFP__CPUFP500K_0386__00767	284	CORE_EXPLOITATION	lower_rank_or_diversity_quota_after_complete_static_review	PASS_DESCRIPTIVE_COMPLETE
P1MCPUFP__CPUFP500K_0108__00211	285	CORE_EXPLOITATION	lower_rank_or_diversity_quota_after_complete_static_review	PASS_DESCRIPTIVE_COMPLETE
P1MCPUFP__CPUFP500K_0128__00428	286	STRUCTURAL_RESERVE	lower_rank_or_diversity_quota_after_complete_static_review	PASS_DESCRIPTIVE_COMPLETE
P1MCPUFP__CPUFP500K_0325__00106	287	PARENT_CDR3_DIVERSITY	lower_rank_or_diversity_quota_after_complete_static_review	PASS_DESCRIPTIVE_COMPLETE
P1MCPUFP__CPUFP500K_0388__00859	288	CORE_EXPLOITATION	lower_rank_or_diversity_quota_after_complete_static_review	PASS_DESCRIPTIVE_COMPLETE
P1MCPUFP__CPUFP500K_0032__00343	289	STRUCTURAL_RESERVE	lower_rank_or_diversity_quota_after_complete_static_review	PASS_DESCRIPTIVE_COMPLETE
P1MCPUFP__CPUFP500K_0227__00371	290	PARENT_CDR3_DIVERSITY	lower_rank_or_diversity_quota_after_complete_static_review	PASS_DESCRIPTIVE_COMPLETE
P1MCPUFP__CPUFP500K_0188__00742	291	CORE_EXPLOITATION	lower_rank_or_diversity_quota_after_complete_static_review	PASS_DESCRIPTIVE_COMPLETE
P1MCPUFP__CPUFP500K_0188__00839	292	CORE_EXPLOITATION	lower_rank_or_diversity_quota_after_complete_static_review	PASS_DESCRIPTIVE_COMPLETE
P1MCPUFP__CPUFP500K_0432__00670	293	PARENT_CDR3_DIVERSITY	lower_rank_or_diversity_quota_after_complete_static_review	PASS_DESCRIPTIVE_COMPLETE
P1MCPUFP__CPUFP500K_0008__00128	294	CORE_EXPLOITATION	lower_rank_or_diversity_quota_after_complete_static_review	PASS_DESCRIPTIVE_COMPLETE
P1MCPUFP__CPUFP500K_0287__00501	295	CORE_EXPLOITATION	lower_rank_or_diversity_quota_after_complete_static_review	PASS_DESCRIPTIVE_COMPLETE
P1MCPUFP__CPUFP500K_0404__00828	296	CORE_EXPLOITATION	lower_rank_or_diversity_quota_after_complete_static_review	PASS_DESCRIPTIVE_COMPLETE
P1MCPUFP__CPUFP500K_0305__00672	297	CORE_EXPLOITATION	lower_rank_or_diversity_quota_after_complete_static_review	PASS_DESCRIPTIVE_COMPLETE
P1MCPUFP__CPUFP500K_0207__00132	298	CORE_EXPLOITATION	lower_rank_or_diversity_quota_after_complete_static_review	PASS_DESCRIPTIVE_COMPLETE
P1MCPUFP__CPUFP500K_0188__00096	299	CORE_EXPLOITATION	lower_rank_or_diversity_quota_after_complete_static_review	PASS_DESCRIPTIVE_COMPLETE
P1MCPUFP__CPUFP500K_0200__00934	300	CORE_EXPLOITATION	lower_rank_or_diversity_quota_after_complete_static_review	PASS_DESCRIPTIVE_COMPLETE
P1MCPUFP__CPUFP500K_0108__00327	301	CORE_EXPLOITATION	lower_rank_or_diversity_quota_after_complete_static_review	PASS_DESCRIPTIVE_COMPLETE
P1MCPUFP__CPUFP500K_0100__00247	302	CORE_EXPLOITATION	lower_rank_or_diversity_quota_after_complete_static_review	PASS_DESCRIPTIVE_COMPLETE
P1MCPUFP__CPUFP500K_0397__00076	303	CORE_EXPLOITATION	lower_rank_or_diversity_quota_after_complete_static_review	PASS_DESCRIPTIVE_COMPLETE
P1MCPUFP__CPUFP500K_0188__00211	304	CORE_EXPLOITATION	lower_rank_or_diversity_quota_after_complete_static_review	PASS_DESCRIPTIVE_COMPLETE
P1MCPUFP__CPUFP500K_0306__00261	305	CORE_EXPLOITATION	lower_rank_or_diversity_quota_after_complete_static_review	PASS_DESCRIPTIVE_COMPLETE
P1MCPUFP__CPUFP500K_0504__00270	306	CORE_EXPLOITATION	lower_rank_or_diversity_quota_after_complete_static_review	PASS_DESCRIPTIVE_COMPLETE
P1MCPUFP__CPUFP500K_0298__00376	307	CORE_EXPLOITATION	lower_rank_or_diversity_quota_after_complete_static_review	PASS_DESCRIPTIVE_COMPLETE
P1MCPUFP__CPUFP500K_0388__00757	308	PARENT_CDR3_DIVERSITY	lower_rank_or_diversity_quota_after_complete_static_review	PASS_DESCRIPTIVE_COMPLETE
P1MCPUFP__CPUFP500K_0090__00208	309	CORE_EXPLOITATION	lower_rank_or_diversity_quota_after_complete_static_review	PASS_DESCRIPTIVE_COMPLETE
P1MCPUFP__CPUFP500K_0108__00930	310	CORE_EXPLOITATION	lower_rank_or_diversity_quota_after_complete_static_review	PASS_DESCRIPTIVE_COMPLETE
P1MCPUFP__CPUFP500K_0228__00645	311	STRUCTURAL_RESERVE	lower_rank_or_diversity_quota_after_complete_static_review	PASS_DESCRIPTIVE_COMPLETE
P1MCPUFP__CPUFP500K_0108__00157	312	CORE_EXPLOITATION	lower_rank_or_diversity_quota_after_complete_static_review	PASS_DESCRIPTIVE_COMPLETE
P1MCPUFP__CPUFP500K_0432__00757	313	PARENT_CDR3_DIVERSITY	lower_rank_or_diversity_quota_after_complete_static_review	PASS_DESCRIPTIVE_COMPLETE
P1MCPUFP__CPUFP500K_0228__00225	314	STRUCTURAL_RESERVE	lower_rank_or_diversity_quota_after_complete_static_review	PASS_DESCRIPTIVE_COMPLETE
P1MCPUFP__CPUFP500K_0388__00523	315	PARENT_CDR3_DIVERSITY	lower_rank_or_diversity_quota_after_complete_static_review	PASS_DESCRIPTIVE_COMPLETE
P1MCPUFP__CPUFP500K_0228__00449	316	STRUCTURAL_RESERVE	lower_rank_or_diversity_quota_after_complete_static_review	PASS_DESCRIPTIVE_COMPLETE
P1MCPUFP__CPUFP500K_0432__00378	317	PARENT_CDR3_DIVERSITY	lower_rank_or_diversity_quota_after_complete_static_review	PASS_DESCRIPTIVE_COMPLETE
P1MCPUFP__CPUFP500K_0086__00077	318	STRUCTURAL_RESERVE	lower_rank_or_diversity_quota_after_complete_static_review	PASS_DESCRIPTIVE_COMPLETE
P1MCPUFP__CPUFP500K_0504__00917	319	CORE_EXPLOITATION	lower_rank_or_diversity_quota_after_complete_static_review	PASS_DESCRIPTIVE_COMPLETE
P1MCPUFP__CPUFP500K_0031__00686	320	STRUCTURAL_RESERVE	lower_rank_or_diversity_quota_after_complete_static_review	PASS_DESCRIPTIVE_COMPLETE
P1MCPUFP__CPUFP500K_0008__00816	321	CORE_EXPLOITATION	lower_rank_or_diversity_quota_after_complete_static_review	PASS_DESCRIPTIVE_COMPLETE
P1MCPUFP__CPUFP500K_0206__00422	322	CORE_EXPLOITATION	lower_rank_or_diversity_quota_after_complete_static_review	PASS_DESCRIPTIVE_COMPLETE
P1MCPUFP__CPUFP500K_0386__00418	323	CORE_EXPLOITATION	lower_rank_or_diversity_quota_after_complete_static_review	PASS_DESCRIPTIVE_COMPLETE
P1MCPUFP__CPUFP500K_0032__00938	324	CORE_EXPLOITATION	lower_rank_or_diversity_quota_after_complete_static_review	PASS_DESCRIPTIVE_COMPLETE
P1MCPUFP__CPUFP500K_0332__00371	325	PARENT_CDR3_DIVERSITY	lower_rank_or_diversity_quota_after_complete_static_review	PASS_DESCRIPTIVE_COMPLETE
P1MCPUFP__CPUFP500K_0091__00402	326	PARENT_CDR3_DIVERSITY	lower_rank_or_diversity_quota_after_complete_static_review	PASS_DESCRIPTIVE_COMPLETE
P1MCPUFP__CPUFP500K_0008__00424	327	CORE_EXPLOITATION	lower_rank_or_diversity_quota_after_complete_static_review	PASS_DESCRIPTIVE_COMPLETE
P1MCPUFP__CPUFP500K_0100__00613	328	CORE_EXPLOITATION	lower_rank_or_diversity_quota_after_complete_static_review	PASS_DESCRIPTIVE_COMPLETE
P1MCPUFP__CPUFP500K_0008__00191	329	CORE_EXPLOITATION	lower_rank_or_diversity_quota_after_complete_static_review	PASS_DESCRIPTIVE_COMPLETE
P1MCPUFP__CPUFP500K_0207__00925	330	CORE_EXPLOITATION	lower_rank_or_diversity_quota_after_complete_static_review	PASS_DESCRIPTIVE_COMPLETE
P1MCPUFP__CPUFP500K_0128__00800	331	STRUCTURAL_RESERVE	lower_rank_or_diversity_quota_after_complete_static_review	PASS_DESCRIPTIVE_COMPLETE
P1MCPUFP__CPUFP500K_0326__00721	332	PARENT_CDR3_DIVERSITY	lower_rank_or_diversity_quota_after_complete_static_review	PASS_DESCRIPTIVE_COMPLETE
P1MCPUFP__CPUFP500K_0289__00443	333	PARENT_CDR3_DIVERSITY	lower_rank_or_diversity_quota_after_complete_static_review	PASS_DESCRIPTIVE_COMPLETE
P1MCPUFP__CPUFP500K_0188__00522	334	CORE_EXPLOITATION	lower_rank_or_diversity_quota_after_complete_static_review	PASS_DESCRIPTIVE_COMPLETE
P1MCPUFP__CPUFP500K_0131__00714	335	CORE_EXPLOITATION	lower_rank_or_diversity_quota_after_complete_static_review	PASS_DESCRIPTIVE_COMPLETE
P1MCPUFP__CPUFP500K_0032__00042	336	CORE_EXPLOITATION	lower_rank_or_diversity_quota_after_complete_static_review	PASS_DESCRIPTIVE_COMPLETE
P1MCPUFP__CPUFP500K_0107__00292	337	CORE_EXPLOITATION	lower_rank_or_diversity_quota_after_complete_static_review	PASS_DESCRIPTIVE_COMPLETE
P1MCPUFP__CPUFP500K_0089__00220	338	CORE_EXPLOITATION	lower_rank_or_diversity_quota_after_complete_static_review	PASS_DESCRIPTIVE_COMPLETE
P1MCPUFP__CPUFP500K_0404__00444	339	CORE_EXPLOITATION	lower_rank_or_diversity_quota_after_complete_static_review	PASS_DESCRIPTIVE_COMPLETE
P1MCPUFP__CPUFP500K_0188__00819	340	STRUCTURAL_RESERVE	lower_rank_or_diversity_quota_after_complete_static_review	PASS_DESCRIPTIVE_COMPLETE
P1MCPUFP__CPUFP500K_0383__00737	341	CORE_EXPLOITATION	lower_rank_or_diversity_quota_after_complete_static_review	PASS_DESCRIPTIVE_COMPLETE
P1MCPUFP__CPUFP500K_0503__00184	342	CORE_EXPLOITATION	lower_rank_or_diversity_quota_after_complete_static_review	PASS_DESCRIPTIVE_COMPLETE
P1MCPUFP__CPUFP500K_0132__00435	343	PARENT_CDR3_DIVERSITY	lower_rank_or_diversity_quota_after_complete_static_review	PASS_DESCRIPTIVE_COMPLETE
P1MCPUFP__CPUFP500K_0030__00704	344	STRUCTURAL_RESERVE	lower_rank_or_diversity_quota_after_complete_static_review	PASS_DESCRIPTIVE_COMPLETE
P1MCPUFP__CPUFP500K_0288__00070	345	STRUCTURAL_RESERVE	lower_rank_or_diversity_quota_after_complete_static_review	PASS_DESCRIPTIVE_COMPLETE
P1MCPUFP__CPUFP500K_0132__00682	346	PARENT_CDR3_DIVERSITY	lower_rank_or_diversity_quota_after_complete_static_review	PASS_DESCRIPTIVE_COMPLETE
P1MCPUFP__CPUFP500K_0128__00577	347	STRUCTURAL_RESERVE	lower_rank_or_diversity_quota_after_complete_static_review	PASS_DESCRIPTIVE_COMPLETE
P1MCPUFP__CPUFP500K_0432__00713	348	PARENT_CDR3_DIVERSITY	lower_rank_or_diversity_quota_after_complete_static_review	PASS_DESCRIPTIVE_COMPLETE
P1MCPUFP__CPUFP500K_0008__00429	349	CORE_EXPLOITATION	lower_rank_or_diversity_quota_after_complete_static_review	PASS_DESCRIPTIVE_COMPLETE
P1MCPUFP__CPUFP500K_0228__00443	350	STRUCTURAL_RESERVE	lower_rank_or_diversity_quota_after_complete_static_review	PASS_DESCRIPTIVE_COMPLETE
P1MCPUFP__CPUFP500K_0031__00091	351	PARENT_CDR3_DIVERSITY	lower_rank_or_diversity_quota_after_complete_static_review	PASS_DESCRIPTIVE_COMPLETE
P1MCPUFP__CPUFP500K_0496__00394	352	CORE_EXPLOITATION	lower_rank_or_diversity_quota_after_complete_static_review	PASS_DESCRIPTIVE_COMPLETE
P1MCPUFP__CPUFP500K_0188__00001	353	CORE_EXPLOITATION	lower_rank_or_diversity_quota_after_complete_static_review	PASS_DESCRIPTIVE_COMPLETE
P1MCPUFP__CPUFP500K_0199__00049	354	CORE_EXPLOITATION	lower_rank_or_diversity_quota_after_complete_static_review	PASS_DESCRIPTIVE_COMPLETE
P1MCPUFP__CPUFP500K_0188__00731	355	CORE_EXPLOITATION	lower_rank_or_diversity_quota_after_complete_static_review	PASS_DESCRIPTIVE_COMPLETE
P1MCPUFP__CPUFP500K_0108__00134	356	CORE_EXPLOITATION	lower_rank_or_diversity_quota_after_complete_static_review	PASS_DESCRIPTIVE_COMPLETE
P1MCPUFP__CPUFP500K_0424__00658	357	STRUCTURAL_RESERVE	lower_rank_or_diversity_quota_after_complete_static_review	PASS_DESCRIPTIVE_COMPLETE
P1MCPUFP__CPUFP500K_0108__00711	358	CORE_EXPLOITATION	lower_rank_or_diversity_quota_after_complete_static_review	PASS_DESCRIPTIVE_COMPLETE
P1MCPUFP__CPUFP500K_0032__00270	359	STRUCTURAL_RESERVE	lower_rank_or_diversity_quota_after_complete_static_review	PASS_DESCRIPTIVE_COMPLETE
P1MCPUFP__CPUFP500K_0188__00262	360	CORE_EXPLOITATION	lower_rank_or_diversity_quota_after_complete_static_review	PASS_DESCRIPTIVE_COMPLETE
P1MCPUFP__CPUFP500K_0234__00397	361	STRUCTURAL_RESERVE	lower_rank_or_diversity_quota_after_complete_static_review	PASS_DESCRIPTIVE_COMPLETE
P1MCPUFP__CPUFP500K_0288__00691	362	STRUCTURAL_RESERVE	lower_rank_or_diversity_quota_after_complete_static_review	PASS_DESCRIPTIVE_COMPLETE
P1MCPUFP__CPUFP500K_0428__00564	363	STRUCTURAL_RESERVE	lower_rank_or_diversity_quota_after_complete_static_review	PASS_DESCRIPTIVE_COMPLETE
P1MCPUFP__CPUFP500K_0404__00009	364	CORE_EXPLOITATION	lower_rank_or_diversity_quota_after_complete_static_review	PASS_DESCRIPTIVE_COMPLETE
P1MCPUFP__CPUFP500K_0232__00010	365	STRUCTURAL_RESERVE	lower_rank_or_diversity_quota_after_complete_static_review	PASS_DESCRIPTIVE_COMPLETE
P1MCPUFP__CPUFP500K_0108__00476	366	CORE_EXPLOITATION	lower_rank_or_diversity_quota_after_complete_static_review	PASS_DESCRIPTIVE_COMPLETE
P1MCPUFP__CPUFP500K_0496__00585	367	CORE_EXPLOITATION	lower_rank_or_diversity_quota_after_complete_static_review	PASS_DESCRIPTIVE_COMPLETE
P1MCPUFP__CPUFP500K_0228__00933	368	STRUCTURAL_RESERVE	lower_rank_or_diversity_quota_after_complete_static_review	PASS_DESCRIPTIVE_COMPLETE
P1MCPUFP__CPUFP500K_0206__00861	369	CORE_EXPLOITATION	lower_rank_or_diversity_quota_after_complete_static_review	PASS_DESCRIPTIVE_COMPLETE
P1MCPUFP__CPUFP500K_0089__00363	370	CORE_EXPLOITATION	lower_rank_or_diversity_quota_after_complete_static_review	PASS_DESCRIPTIVE_COMPLETE
P1MCPUFP__CPUFP500K_0211__00616	371	PARENT_CDR3_DIVERSITY	lower_rank_or_diversity_quota_after_complete_static_review	PASS_DESCRIPTIVE_COMPLETE
P1MCPUFP__CPUFP500K_0214__00068	372	PARENT_CDR3_DIVERSITY	lower_rank_or_diversity_quota_after_complete_static_review	PASS_DESCRIPTIVE_COMPLETE
P1MCPUFP__CPUFP500K_0228__00160	373	STRUCTURAL_RESERVE	lower_rank_or_diversity_quota_after_complete_static_review	PASS_DESCRIPTIVE_COMPLETE
P1MCPUFP__CPUFP500K_0011__00725	374	PARENT_CDR3_DIVERSITY	lower_rank_or_diversity_quota_after_complete_static_review	PASS_DESCRIPTIVE_COMPLETE
P1MCPUFP__CPUFP500K_0032__00069	375	CORE_EXPLOITATION	lower_rank_or_diversity_quota_after_complete_static_review	PASS_DESCRIPTIVE_COMPLETE
P1MCPUFP__CPUFP500K_0150__00396	376	PARENT_CDR3_DIVERSITY	lower_rank_or_diversity_quota_after_complete_static_review	PASS_DESCRIPTIVE_COMPLETE
P1MCPUFP__CPUFP500K_0287__00657	377	CORE_EXPLOITATION	lower_rank_or_diversity_quota_after_complete_static_review	PASS_DESCRIPTIVE_COMPLETE
P1MCPUFP__CPUFP500K_0313__00490	378	PARENT_CDR3_DIVERSITY	lower_rank_or_diversity_quota_after_complete_static_review	PASS_DESCRIPTIVE_COMPLETE
P1MCPUFP__CPUFP500K_0188__00810	379	CORE_EXPLOITATION	lower_rank_or_diversity_quota_after_complete_static_review	PASS_DESCRIPTIVE_COMPLETE
P1MCPUFP__CPUFP500K_0132__00573	380	CORE_EXPLOITATION	lower_rank_or_diversity_quota_after_complete_static_review	PASS_DESCRIPTIVE_COMPLETE
P1MCPUFP__CPUFP500K_0287__00271	381	CORE_EXPLOITATION	lower_rank_or_diversity_quota_after_complete_static_review	PASS_DESCRIPTIVE_COMPLETE
P1MCPUFP__CPUFP500K_0030__00639	382	CORE_EXPLOITATION	lower_rank_or_diversity_quota_after_complete_static_review	PASS_DESCRIPTIVE_COMPLETE
P1MCPUFP__CPUFP500K_0228__00771	383	CORE_EXPLOITATION	lower_rank_or_diversity_quota_after_complete_static_review	PASS_DESCRIPTIVE_COMPLETE
P1MCPUFP__CPUFP500K_0383__00137	384	CORE_EXPLOITATION	lower_rank_or_diversity_quota_after_complete_static_review	PASS_DESCRIPTIVE_COMPLETE
P1MCPUFP__CPUFP500K_0001__00338	385	CORE_EXPLOITATION	lower_rank_or_diversity_quota_after_complete_static_review	PASS_DESCRIPTIVE_COMPLETE
P1MCPUFP__CPUFP500K_0508__00558	386	PARENT_CDR3_DIVERSITY	lower_rank_or_diversity_quota_after_complete_static_review	PASS_DESCRIPTIVE_COMPLETE
P1MCPUFP__CPUFP500K_0032__00877	387	CORE_EXPLOITATION	lower_rank_or_diversity_quota_after_complete_static_review	PASS_DESCRIPTIVE_COMPLETE
P1MCPUFP__CPUFP500K_0313__00128	388	PARENT_CDR3_DIVERSITY	lower_rank_or_diversity_quota_after_complete_static_review	PASS_DESCRIPTIVE_COMPLETE
P1MCPUFP__CPUFP500K_0428__00717	389	STRUCTURAL_RESERVE	lower_rank_or_diversity_quota_after_complete_static_review	PASS_DESCRIPTIVE_COMPLETE
P1MCPUFP__CPUFP500K_0032__00163	390	STRUCTURAL_RESERVE	lower_rank_or_diversity_quota_after_complete_static_review	PASS_DESCRIPTIVE_COMPLETE
P1MCPUFP__CPUFP500K_0428__00820	391	STRUCTURAL_RESERVE	lower_rank_or_diversity_quota_after_complete_static_review	PASS_DESCRIPTIVE_COMPLETE
P1MCPUFP__CPUFP500K_0230__00087	392	CORE_EXPLOITATION	lower_rank_or_diversity_quota_after_complete_static_review	PASS_DESCRIPTIVE_COMPLETE
P1MCPUFP__CPUFP500K_0424__00412	393	STRUCTURAL_RESERVE	lower_rank_or_diversity_quota_after_complete_static_review	PASS_DESCRIPTIVE_COMPLETE
P1MCPUFP__CPUFP500K_0028__00135	394	PARENT_CDR3_DIVERSITY	lower_rank_or_diversity_quota_after_complete_static_review	PASS_DESCRIPTIVE_COMPLETE
P1MCPUFP__CPUFP500K_0032__00089	395	STRUCTURAL_RESERVE	lower_rank_or_diversity_quota_after_complete_static_review	PASS_DESCRIPTIVE_COMPLETE
P1MCPUFP__CPUFP500K_0185__00654	396	STRUCTURAL_RESERVE	lower_rank_or_diversity_quota_after_complete_static_review	PASS_DESCRIPTIVE_COMPLETE
P1MCPUFP__CPUFP500K_0128__00322	397	STRUCTURAL_RESERVE	lower_rank_or_diversity_quota_after_complete_static_review	PASS_DESCRIPTIVE_COMPLETE
